SwitchNumber,SwitchName,PseudoSwitch,PnaSwitch,PssSwitch,NspSwitch,FromSectionNumber,ToSectionNumber,NormalSwitchingDeviceState,DefaultState,ControlDelay,SwitchingDeviceType,ScadaOpenState,ScadaCloseState,LimitType,LimitMonitor,Limit1,Limit2,Limit3,FlaSwitchBreakTime,FlaSinglePhsAsyBrkCurrRating,FlaSinglePhsAsyMakeCurrRating,FlaSinglePhsSymBrkCurrRating,FlaThreePhsAsyBrkCurrRating,FlaThreePhsAsyMakeCurrRating,FlaThreePhsSymBrkCurrRating,FlaSwitchRatedVoltage,AssetLabel,DTSLoadFeederBreaker,ExModelRetentionFlag,DmsTransformFlag,CommentText1,CommentText2,CommentText3,SwitchDevStateTransitionRef,BusNumberRef,SwitchTelemetryRef,ControlValidationSwDevTransRef,Mw_StandardDeviation,MwInversionFlag,MwCmeUsage,MwOverrideStatus,Mw_ReplacementValue,MwMeasurementSection,SetOrder4,MwAnalogPointRef,Mv_StandardDeviation,MvInversionFlag,MvCmeUsage,MvOverrideStatus,Mv_ReplacementValue,MvMeasurementSection,SetOrder5,MvAnalogPointRef,AmpStandardDeviation,AmpInversionFlag,AmpCmeUsage,AmpOverrideStatus,AmpReplacementValue,AmpMeasurementSection,SetOrder6,AmpAnalogPointRef,
39921,NO.1 4KV CAPACITOR CB,No,No,No,Yes,601,602,Closed,Closed,0,Normal,0,1,NULL,NULL,NULL,NULL,NULL,NULL,NULL,NULL,NULL,NULL,NULL,NULL,NULL,200007453,No,NULL,No,NULL,NULL,NULL,1,3087,178744,NULL,NULL,NULL,NULL,NULL,NULL,NULL,NULL,NULL,NULL,NULL,NULL,NULL,NULL,NULL,NULL,NULL,NULL,NULL,NULL,NULL,NULL,NULL,NULL,NULL,
39922,NO.1 4KV CAPACITOR CB,No,No,Yes,No,601,602,Closed,Closed,0,Normal,0,1,NULL,NULL,NULL,NULL,NULL,NULL,NULL,NULL,NULL,NULL,NULL,NULL,NULL,200007453,No,NULL,No,NULL,NULL,NULL,NULL,3087,NULL,NULL,NULL,NULL,NULL,NULL,NULL,NULL,NULL,NULL,NULL,NULL,NULL,NULL,NULL,NULL,NULL,NULL,NULL,NULL,NULL,NULL,NULL,NULL,NULL,NULL,
53663,NO.1 BANK 12KV OB DISC,No,No,Yes,Yes,999,100,Closed,Closed,0,Isolator,0,1,NULL,NULL,NULL,NULL,NULL,NULL,NULL,NULL,NULL,NULL,NULL,NULL,NULL,NULL,No,NULL,No,NULL,NULL,NULL,1,3086,178933,NULL,NULL,NULL,NULL,NULL,NULL,NULL,NULL,NULL,NULL,NULL,NULL,NULL,NULL,NULL,NULL,NULL,NULL,NULL,NULL,NULL,NULL,NULL,NULL,NULL,
53664,NO.1 BANK 12KV CB,No,No,Yes,Yes,100,101,Closed,Closed,0,Normal,0,1,NULL,NULL,NULL,NULL,NULL,NULL,NULL,NULL,NULL,NULL,NULL,NULL,NULL,206746101,No,NULL,No,NULL,NULL,NULL,1,3086,178708,NULL,NULL,NULL,NULL,NULL,NULL,NULL,NULL,NULL,NULL,NULL,NULL,NULL,NULL,NULL,NULL,NULL,NULL,NULL,NULL,NULL,NULL,NULL,NULL,NULL,
53665,NO.1 BANK 12KV LN DISC,No,No,Yes,Yes,101,51,Closed,Closed,0,Isolator,0,1,NULL,NULL,NULL,NULL,NULL,NULL,NULL,NULL,NULL,NULL,NULL,NULL,NULL,NULL,No,NULL,No,NULL,NULL,NULL,1,3086,178934,NULL,NULL,NULL,NULL,NULL,NULL,NULL,NULL,NULL,NULL,NULL,NULL,NULL,NULL,NULL,NULL,NULL,NULL,NULL,NULL,NULL,NULL,NULL,NULL,NULL,
53666,NO.1 BANK 12KV TB DISC,No,No,Yes,Yes,51,50,Open,Open,0,Isolator,0,1,NULL,NULL,NULL,NULL,NULL,NULL,NULL,NULL,NULL,NULL,NULL,NULL,NULL,NULL,No,NULL,No,NULL,NULL,NULL,1,3086,178935,NULL,NULL,NULL,NULL,NULL,NULL,NULL,NULL,NULL,NULL,NULL,NULL,NULL,NULL,NULL,NULL,NULL,NULL,NULL,NULL,NULL,NULL,NULL,NULL,NULL,
53667,ALLOY 12KV OB DISC,No,No,Yes,Yes,999,102,Closed,Closed,0,Isolator,0,1,NULL,NULL,NULL,NULL,NULL,NULL,NULL,NULL,NULL,NULL,NULL,NULL,NULL,NULL,No,NULL,No,NULL,NULL,NULL,1,3086,178936,NULL,NULL,NULL,NULL,NULL,NULL,NULL,NULL,NULL,NULL,NULL,NULL,NULL,NULL,NULL,NULL,NULL,NULL,NULL,NULL,NULL,NULL,NULL,NULL,NULL,
53668,ALLOY 12KV CB,No,No,Yes,Yes,102,103,Closed,Closed,0,Normal,0,1,NULL,NULL,NULL,NULL,NULL,NULL,NULL,NULL,NULL,NULL,NULL,NULL,NULL,206746099,No,NULL,No,NULL,NULL,NULL,1,3086,178676,NULL,NULL,NULL,NULL,NULL,NULL,NULL,NULL,NULL,NULL,NULL,NULL,NULL,NULL,NULL,NULL,NULL,NULL,NULL,NULL,NULL,NULL,NULL,NULL,NULL,
53669,ALLOY 12KV LN DISC,No,No,Yes,Yes,103,52,Closed,Closed,0,Isolator,0,1,NULL,NULL,NULL,NULL,NULL,NULL,NULL,NULL,NULL,NULL,NULL,NULL,NULL,NULL,No,NULL,No,NULL,NULL,NULL,1,3086,178937,NULL,NULL,NULL,NULL,NULL,NULL,NULL,NULL,NULL,NULL,NULL,NULL,NULL,NULL,NULL,NULL,NULL,NULL,NULL,NULL,NULL,NULL,NULL,NULL,NULL,
53670,ALLOY 12KV TB DISC,No,No,Yes,Yes,52,50,Open,Open,0,Isolator,0,1,NULL,NULL,NULL,NULL,NULL,NULL,NULL,NULL,NULL,NULL,NULL,NULL,NULL,NULL,No,NULL,No,NULL,NULL,NULL,1,3086,178939,NULL,NULL,NULL,NULL,NULL,NULL,NULL,NULL,NULL,NULL,NULL,NULL,NULL,NULL,NULL,NULL,NULL,NULL,NULL,NULL,NULL,NULL,NULL,NULL,NULL,
53671,BUS TIE 12KV OB DISC,No,No,Yes,Yes,999,104,Closed,Closed,0,Isolator,0,1,NULL,NULL,NULL,NULL,NULL,NULL,NULL,NULL,NULL,NULL,NULL,NULL,NULL,NULL,No,NULL,No,NULL,NULL,NULL,1,3086,178940,NULL,NULL,NULL,NULL,NULL,NULL,NULL,NULL,NULL,NULL,NULL,NULL,NULL,NULL,NULL,NULL,NULL,NULL,NULL,NULL,NULL,NULL,NULL,NULL,NULL,
53672,BUS TIE 12KV CB,No,No,Yes,Yes,104,105,Closed,Closed,0,Normal,0,1,NULL,NULL,NULL,NULL,NULL,NULL,NULL,NULL,NULL,NULL,NULL,NULL,NULL,206746098,No,NULL,No,NULL,NULL,NULL,1,3086,178694,NULL,NULL,NULL,NULL,NULL,NULL,NULL,NULL,NULL,NULL,NULL,NULL,NULL,NULL,NULL,NULL,NULL,NULL,NULL,NULL,NULL,NULL,NULL,NULL,NULL,
53673,BUS TIE 12KV LN DISC,No,No,Yes,Yes,105,53,Closed,Closed,0,Isolator,0,1,NULL,NULL,NULL,NULL,NULL,NULL,NULL,NULL,NULL,NULL,NULL,NULL,NULL,NULL,No,NULL,No,NULL,NULL,NULL,1,3086,178941,NULL,NULL,NULL,NULL,NULL,NULL,NULL,NULL,NULL,NULL,NULL,NULL,NULL,NULL,NULL,NULL,NULL,NULL,NULL,NULL,NULL,NULL,NULL,NULL,NULL,
53674,BUS TIE 12KV TB  DISC,No,No,Yes,Yes,53,50,Closed,Closed,0,Isolator,0,1,NULL,NULL,NULL,NULL,NULL,NULL,NULL,NULL,NULL,NULL,NULL,NULL,NULL,NULL,No,NULL,No,NULL,NULL,NULL,1,3086,178943,NULL,NULL,NULL,NULL,NULL,NULL,NULL,NULL,NULL,NULL,NULL,NULL,NULL,NULL,NULL,NULL,NULL,NULL,NULL,NULL,NULL,NULL,NULL,NULL,NULL,
53675,CADMIUM 12KV OB DISC,No,No,Yes,Yes,999,106,Closed,Closed,0,Isolator,0,1,NULL,NULL,NULL,NULL,NULL,NULL,NULL,NULL,NULL,NULL,NULL,NULL,NULL,NULL,No,NULL,No,NULL,NULL,NULL,1,3086,178944,NULL,NULL,NULL,NULL,NULL,NULL,NULL,NULL,NULL,NULL,NULL,NULL,NULL,NULL,NULL,NULL,NULL,NULL,NULL,NULL,NULL,NULL,NULL,NULL,NULL,
53676,CADMIUM 12KV CB,No,No,Yes,Yes,106,107,Closed,Closed,0,Normal,0,1,NULL,NULL,NULL,NULL,NULL,NULL,NULL,NULL,NULL,NULL,NULL,NULL,NULL,206746100,No,NULL,No,NULL,NULL,NULL,1,3086,178685,NULL,NULL,NULL,NULL,NULL,NULL,NULL,NULL,NULL,NULL,NULL,NULL,NULL,NULL,NULL,NULL,NULL,NULL,NULL,NULL,NULL,NULL,NULL,NULL,NULL,
53677,CADMIUM 12KV LN DISC,No,No,Yes,Yes,107,54,Closed,Closed,0,Isolator,0,1,NULL,NULL,NULL,NULL,NULL,NULL,NULL,NULL,NULL,NULL,NULL,NULL,NULL,NULL,No,NULL,No,NULL,NULL,NULL,1,3086,178945,NULL,NULL,NULL,NULL,NULL,NULL,NULL,NULL,NULL,NULL,NULL,NULL,NULL,NULL,NULL,NULL,NULL,NULL,NULL,NULL,NULL,NULL,NULL,NULL,NULL,
53678,CADMIUM 12KV TB DISC,No,No,Yes,Yes,54,50,Open,Open,0,Isolator,0,1,NULL,NULL,NULL,NULL,NULL,NULL,NULL,NULL,NULL,NULL,NULL,NULL,NULL,NULL,No,NULL,No,NULL,NULL,NULL,1,3086,178947,NULL,NULL,NULL,NULL,NULL,NULL,NULL,NULL,NULL,NULL,NULL,NULL,NULL,NULL,NULL,NULL,NULL,NULL,NULL,NULL,NULL,NULL,NULL,NULL,NULL,
53679,NO.2 BANK 12KV OB DISC,No,No,Yes,Yes,999,108,Closed,Closed,0,Isolator,0,1,NULL,NULL,NULL,NULL,NULL,NULL,NULL,NULL,NULL,NULL,NULL,NULL,NULL,NULL,No,NULL,No,NULL,NULL,NULL,1,3086,178948,NULL,NULL,NULL,NULL,NULL,NULL,NULL,NULL,NULL,NULL,NULL,NULL,NULL,NULL,NULL,NULL,NULL,NULL,NULL,NULL,NULL,NULL,NULL,NULL,NULL,
53680,NO.2 BANK 12KV CB,No,No,Yes,Yes,108,109,Closed,Closed,0,Normal,0,1,NULL,NULL,NULL,NULL,NULL,NULL,NULL,NULL,NULL,NULL,NULL,NULL,NULL,206746102,No,NULL,No,NULL,NULL,NULL,1,3086,178726,NULL,NULL,NULL,NULL,NULL,NULL,NULL,NULL,NULL,NULL,NULL,NULL,NULL,NULL,NULL,NULL,NULL,NULL,NULL,NULL,NULL,NULL,NULL,NULL,NULL,
53681,NO.2 BANK 12KV LN DISC,No,No,Yes,Yes,109,55,Closed,Closed,0,Isolator,0,1,NULL,NULL,NULL,NULL,NULL,NULL,NULL,NULL,NULL,NULL,NULL,NULL,NULL,NULL,No,NULL,No,NULL,NULL,NULL,1,3086,178949,NULL,NULL,NULL,NULL,NULL,NULL,NULL,NULL,NULL,NULL,NULL,NULL,NULL,NULL,NULL,NULL,NULL,NULL,NULL,NULL,NULL,NULL,NULL,NULL,NULL,
53682,NO.2 BANK 12KV TB DISC,No,No,Yes,Yes,55,50,Open,Open,0,Isolator,0,1,NULL,NULL,NULL,NULL,NULL,NULL,NULL,NULL,NULL,NULL,NULL,NULL,NULL,NULL,No,NULL,No,NULL,NULL,NULL,1,3086,178950,NULL,NULL,NULL,NULL,NULL,NULL,NULL,NULL,NULL,NULL,NULL,NULL,NULL,NULL,NULL,NULL,NULL,NULL,NULL,NULL,NULL,NULL,NULL,NULL,NULL,
53863,ANAHURST 4KV OB DISC,No,No,Yes,Yes,999,100,Closed,Closed,0,Isolator,0,1,NULL,NULL,NULL,NULL,NULL,NULL,NULL,NULL,NULL,NULL,NULL,NULL,NULL,NULL,No,NULL,No,NULL,NULL,NULL,1,3087,178954,NULL,NULL,NULL,NULL,NULL,NULL,NULL,NULL,NULL,NULL,NULL,NULL,NULL,NULL,NULL,NULL,NULL,NULL,NULL,NULL,NULL,NULL,NULL,NULL,NULL,
53864,ANAHURST 4KV CB,No,No,Yes,Yes,100,101,Closed,Closed,0,Normal,0,1,NULL,NULL,NULL,NULL,NULL,NULL,NULL,NULL,NULL,NULL,NULL,NULL,NULL,200007448,No,NULL,No,NULL,NULL,NULL,1,3087,178752,NULL,NULL,NULL,NULL,NULL,NULL,NULL,NULL,NULL,NULL,NULL,NULL,NULL,NULL,NULL,NULL,NULL,NULL,NULL,NULL,NULL,NULL,NULL,NULL,NULL,
53866,ANAHURST 4KV LN DISC,No,No,Yes,Yes,102,51,Closed,Closed,0,Isolator,0,1,NULL,NULL,NULL,NULL,NULL,NULL,NULL,NULL,NULL,NULL,NULL,NULL,NULL,NULL,No,NULL,No,NULL,NULL,NULL,1,3087,178955,NULL,NULL,NULL,NULL,NULL,NULL,NULL,NULL,NULL,NULL,NULL,NULL,NULL,NULL,NULL,NULL,NULL,NULL,NULL,NULL,NULL,NULL,NULL,NULL,NULL,
53867,ANAHURST 4KV TB DISC,No,No,Yes,Yes,51,50,Open,Open,0,Isolator,0,1,NULL,NULL,NULL,NULL,NULL,NULL,NULL,NULL,NULL,NULL,NULL,NULL,NULL,NULL,No,NULL,No,NULL,NULL,NULL,1,3087,178956,NULL,NULL,NULL,NULL,NULL,NULL,NULL,NULL,NULL,NULL,NULL,NULL,NULL,NULL,NULL,NULL,NULL,NULL,NULL,NULL,NULL,NULL,NULL,NULL,NULL,
53868,FLOWER 4KV OB DISC,No,No,Yes,Yes,999,103,Closed,Closed,0,Isolator,0,1,NULL,NULL,NULL,NULL,NULL,NULL,NULL,NULL,NULL,NULL,NULL,NULL,NULL,NULL,No,NULL,No,NULL,NULL,NULL,1,3087,178957,NULL,NULL,NULL,NULL,NULL,NULL,NULL,NULL,NULL,NULL,NULL,NULL,NULL,NULL,NULL,NULL,NULL,NULL,NULL,NULL,NULL,NULL,NULL,NULL,NULL,
53869,FLOWER 4KV CB,No,No,Yes,Yes,103,104,Closed,Closed,0,Normal,0,1,NULL,NULL,NULL,NULL,NULL,NULL,NULL,NULL,NULL,NULL,NULL,NULL,NULL,200007451,No,NULL,No,NULL,NULL,NULL,1,3087,178765,NULL,NULL,NULL,NULL,NULL,NULL,NULL,NULL,NULL,NULL,NULL,NULL,NULL,NULL,NULL,NULL,NULL,NULL,NULL,NULL,NULL,NULL,NULL,NULL,NULL,
53871,FLOWER 4KV LN DISC,No,No,Yes,Yes,105,52,Closed,Closed,0,Isolator,0,1,NULL,NULL,NULL,NULL,NULL,NULL,NULL,NULL,NULL,NULL,NULL,NULL,NULL,NULL,No,NULL,No,NULL,NULL,NULL,1,3087,178958,NULL,NULL,NULL,NULL,NULL,NULL,NULL,NULL,NULL,NULL,NULL,NULL,NULL,NULL,NULL,NULL,NULL,NULL,NULL,NULL,NULL,NULL,NULL,NULL,NULL,
53872,FLOWER 4KV TB DISC,No,No,Yes,Yes,52,50,Open,Open,0,Isolator,0,1,NULL,NULL,NULL,NULL,NULL,NULL,NULL,NULL,NULL,NULL,NULL,NULL,NULL,NULL,No,NULL,No,NULL,NULL,NULL,1,3087,178959,NULL,NULL,NULL,NULL,NULL,NULL,NULL,NULL,NULL,NULL,NULL,NULL,NULL,NULL,NULL,NULL,NULL,NULL,NULL,NULL,NULL,NULL,NULL,NULL,NULL,
53873,NO.1 BANK 4KV OB DISC,No,No,Yes,Yes,999,106,Closed,Closed,0,Isolator,0,1,NULL,NULL,NULL,NULL,NULL,NULL,NULL,NULL,NULL,NULL,NULL,NULL,NULL,NULL,No,NULL,No,NULL,NULL,NULL,1,3087,178960,NULL,NULL,NULL,NULL,NULL,NULL,NULL,NULL,NULL,NULL,NULL,NULL,NULL,NULL,NULL,NULL,NULL,NULL,NULL,NULL,NULL,NULL,NULL,NULL,NULL,
53874,NO.1 BANK 4KV CB,No,No,Yes,Yes,106,107,Closed,Closed,0,Normal,0,1,NULL,NULL,NULL,NULL,NULL,NULL,NULL,NULL,NULL,NULL,NULL,NULL,NULL,200007454,No,NULL,No,NULL,NULL,NULL,1,3087,178709,NULL,NULL,NULL,NULL,NULL,NULL,NULL,NULL,NULL,NULL,NULL,NULL,NULL,NULL,NULL,NULL,NULL,NULL,NULL,NULL,NULL,NULL,NULL,NULL,NULL,
53875,NO.1 BANK 4KV LN DISC,No,No,Yes,Yes,107,53,Closed,Closed,0,Isolator,0,1,NULL,NULL,NULL,NULL,NULL,NULL,NULL,NULL,NULL,NULL,NULL,NULL,NULL,NULL,No,NULL,No,NULL,NULL,NULL,1,3087,178961,NULL,NULL,NULL,NULL,NULL,NULL,NULL,NULL,NULL,NULL,NULL,NULL,NULL,NULL,NULL,NULL,NULL,NULL,NULL,NULL,NULL,NULL,NULL,NULL,NULL,
53876,NO.1 BANK 4KV TB DISC,No,No,Yes,Yes,53,50,Open,Open,0,Isolator,0,1,NULL,NULL,NULL,NULL,NULL,NULL,NULL,NULL,NULL,NULL,NULL,NULL,NULL,NULL,No,NULL,No,NULL,NULL,NULL,1,3087,178962,NULL,NULL,NULL,NULL,NULL,NULL,NULL,NULL,NULL,NULL,NULL,NULL,NULL,NULL,NULL,NULL,NULL,NULL,NULL,NULL,NULL,NULL,NULL,NULL,NULL,
53877,MAIN STREET 4KV OB DISC,No,No,Yes,Yes,999,108,Closed,Closed,0,Isolator,0,1,NULL,NULL,NULL,NULL,NULL,NULL,NULL,NULL,NULL,NULL,NULL,NULL,NULL,NULL,No,NULL,No,NULL,NULL,NULL,1,3087,178963,NULL,NULL,NULL,NULL,NULL,NULL,NULL,NULL,NULL,NULL,NULL,NULL,NULL,NULL,NULL,NULL,NULL,NULL,NULL,NULL,NULL,NULL,NULL,NULL,NULL,
53878,MAIN STREET 4KV CB,No,No,Yes,Yes,108,109,Closed,Closed,0,Normal,0,1,NULL,NULL,NULL,NULL,NULL,NULL,NULL,NULL,NULL,NULL,NULL,NULL,NULL,200007452,No,NULL,No,NULL,NULL,NULL,1,3087,178775,NULL,NULL,NULL,NULL,NULL,NULL,NULL,NULL,NULL,NULL,NULL,NULL,NULL,NULL,NULL,NULL,NULL,NULL,NULL,NULL,NULL,NULL,NULL,NULL,NULL,
53880,MAIN STREET 4KV LN DISC,No,No,Yes,Yes,110,54,Closed,Closed,0,Isolator,0,1,NULL,NULL,NULL,NULL,NULL,NULL,NULL,NULL,NULL,NULL,NULL,NULL,NULL,NULL,No,NULL,No,NULL,NULL,NULL,1,3087,178964,NULL,NULL,NULL,NULL,NULL,NULL,NULL,NULL,NULL,NULL,NULL,NULL,NULL,NULL,NULL,NULL,NULL,NULL,NULL,NULL,NULL,NULL,NULL,NULL,NULL,
53881,MAIN STREET 4KV TB DISC,No,No,Yes,Yes,54,50,Open,Open,0,Isolator,0,1,NULL,NULL,NULL,NULL,NULL,NULL,NULL,NULL,NULL,NULL,NULL,NULL,NULL,NULL,No,NULL,No,NULL,NULL,NULL,1,3087,178965,NULL,NULL,NULL,NULL,NULL,NULL,NULL,NULL,NULL,NULL,NULL,NULL,NULL,NULL,NULL,NULL,NULL,NULL,NULL,NULL,NULL,NULL,NULL,NULL,NULL,
53882,SEC A-B 4KV OB DISC,No,No,Yes,Yes,999,998,Closed,Closed,0,Isolator,0,1,NULL,NULL,NULL,NULL,NULL,NULL,NULL,NULL,NULL,NULL,NULL,NULL,NULL,NULL,No,NULL,No,NULL,NULL,NULL,1,3087,178969,NULL,NULL,NULL,NULL,NULL,NULL,NULL,NULL,NULL,NULL,NULL,NULL,NULL,NULL,NULL,NULL,NULL,NULL,NULL,NULL,NULL,NULL,NULL,NULL,NULL,
53883,BUS TIE 4KV OB DISC,No,No,Yes,Yes,998,111,Closed,Closed,0,Isolator,0,1,NULL,NULL,NULL,NULL,NULL,NULL,NULL,NULL,NULL,NULL,NULL,NULL,NULL,NULL,No,NULL,No,NULL,NULL,NULL,1,3087,178966,NULL,NULL,NULL,NULL,NULL,NULL,NULL,NULL,NULL,NULL,NULL,NULL,NULL,NULL,NULL,NULL,NULL,NULL,NULL,NULL,NULL,NULL,NULL,NULL,NULL,
53884,BUS TIE 4KV LN DISC,No,No,Yes,Yes,111,112,Closed,Closed,0,Isolator,0,1,NULL,NULL,NULL,NULL,NULL,NULL,NULL,NULL,NULL,NULL,NULL,NULL,NULL,NULL,No,NULL,No,NULL,NULL,NULL,1,3087,178967,NULL,NULL,NULL,NULL,NULL,NULL,NULL,NULL,NULL,NULL,NULL,NULL,NULL,NULL,NULL,NULL,NULL,NULL,NULL,NULL,NULL,NULL,NULL,NULL,NULL,
53885,BUS TIE 4KV CB,No,No,Yes,Yes,112,55,Closed,Closed,0,Normal,0,1,NULL,NULL,NULL,NULL,NULL,NULL,NULL,NULL,NULL,NULL,NULL,NULL,NULL,200007449,No,NULL,No,NULL,NULL,NULL,1,3087,178785,NULL,NULL,NULL,NULL,NULL,NULL,NULL,NULL,NULL,NULL,NULL,NULL,NULL,NULL,NULL,NULL,NULL,NULL,NULL,NULL,NULL,NULL,NULL,NULL,NULL,
53886,BUS TIE 4KV TB DISC,No,No,Yes,Yes,55,50,Closed,Closed,0,Isolator,0,1,NULL,NULL,NULL,NULL,NULL,NULL,NULL,NULL,NULL,NULL,NULL,NULL,NULL,NULL,No,NULL,No,NULL,NULL,NULL,1,3087,178968,NULL,NULL,NULL,NULL,NULL,NULL,NULL,NULL,NULL,NULL,NULL,NULL,NULL,NULL,NULL,NULL,NULL,NULL,NULL,NULL,NULL,NULL,NULL,NULL,NULL,
53887,SEC B-C 4KV OB DISC,No,No,Yes,Yes,998,997,Closed,Closed,0,Isolator,0,1,NULL,NULL,NULL,NULL,NULL,NULL,NULL,NULL,NULL,NULL,NULL,NULL,NULL,NULL,No,NULL,No,NULL,NULL,NULL,1,3087,178970,NULL,NULL,NULL,NULL,NULL,NULL,NULL,NULL,NULL,NULL,NULL,NULL,NULL,NULL,NULL,NULL,NULL,NULL,NULL,NULL,NULL,NULL,NULL,NULL,NULL,
53888,CUBBON 4KV OB DISC,No,No,Yes,Yes,997,113,Closed,Closed,0,Isolator,0,1,NULL,NULL,NULL,NULL,NULL,NULL,NULL,NULL,NULL,NULL,NULL,NULL,NULL,NULL,No,NULL,No,NULL,NULL,NULL,1,3087,178971,NULL,NULL,NULL,NULL,NULL,NULL,NULL,NULL,NULL,NULL,NULL,NULL,NULL,NULL,NULL,NULL,NULL,NULL,NULL,NULL,NULL,NULL,NULL,NULL,NULL,
53889,CUBBON 4KV CB,No,No,Yes,Yes,113,114,Closed,Closed,0,Normal,0,1,NULL,NULL,NULL,NULL,NULL,NULL,NULL,NULL,NULL,NULL,NULL,NULL,NULL,200007450,No,NULL,No,NULL,NULL,NULL,1,3087,178795,NULL,NULL,NULL,NULL,NULL,NULL,NULL,NULL,NULL,NULL,NULL,NULL,NULL,NULL,NULL,NULL,NULL,NULL,NULL,NULL,NULL,NULL,NULL,NULL,NULL,
53891,CUBBON 4KV LN DISC,No,No,Yes,Yes,115,56,Closed,Closed,0,Isolator,0,1,NULL,NULL,NULL,NULL,NULL,NULL,NULL,NULL,NULL,NULL,NULL,NULL,NULL,NULL,No,NULL,No,NULL,NULL,NULL,1,3087,178972,NULL,NULL,NULL,NULL,NULL,NULL,NULL,NULL,NULL,NULL,NULL,NULL,NULL,NULL,NULL,NULL,NULL,NULL,NULL,NULL,NULL,NULL,NULL,NULL,NULL,
53892,CUBBON 4KV TB DISC,No,No,Yes,Yes,56,50,Open,Open,0,Isolator,0,1,NULL,NULL,NULL,NULL,NULL,NULL,NULL,NULL,NULL,NULL,NULL,NULL,NULL,NULL,No,NULL,No,NULL,NULL,NULL,1,3087,178973,NULL,NULL,NULL,NULL,NULL,NULL,NULL,NULL,NULL,NULL,NULL,NULL,NULL,NULL,NULL,NULL,NULL,NULL,NULL,NULL,NULL,NULL,NULL,NULL,NULL,
53893,PARTON 4KV OB DISC,No,No,Yes,Yes,997,116,Closed,Closed,0,Isolator,0,1,NULL,NULL,NULL,NULL,NULL,NULL,NULL,NULL,NULL,NULL,NULL,NULL,NULL,NULL,No,NULL,No,NULL,NULL,NULL,1,3087,178974,NULL,NULL,NULL,NULL,NULL,NULL,NULL,NULL,NULL,NULL,NULL,NULL,NULL,NULL,NULL,NULL,NULL,NULL,NULL,NULL,NULL,NULL,NULL,NULL,NULL,
53894,PARTON 4KV CB,No,No,Yes,Yes,116,117,Closed,Closed,0,Normal,0,1,NULL,NULL,NULL,NULL,NULL,NULL,NULL,NULL,NULL,NULL,NULL,NULL,NULL,200007456,No,NULL,No,NULL,NULL,NULL,1,3087,178805,NULL,NULL,NULL,NULL,NULL,NULL,NULL,NULL,NULL,NULL,NULL,NULL,NULL,NULL,NULL,NULL,NULL,NULL,NULL,NULL,NULL,NULL,NULL,NULL,NULL,
53896,PARTON 4KV LN DISC,No,No,Yes,Yes,118,57,Closed,Closed,0,Isolator,0,1,NULL,NULL,NULL,NULL,NULL,NULL,NULL,NULL,NULL,NULL,NULL,NULL,NULL,NULL,No,NULL,No,NULL,NULL,NULL,1,3087,178975,NULL,NULL,NULL,NULL,NULL,NULL,NULL,NULL,NULL,NULL,NULL,NULL,NULL,NULL,NULL,NULL,NULL,NULL,NULL,NULL,NULL,NULL,NULL,NULL,NULL,
53897,PARTON 4KV TB DISC,No,No,Yes,Yes,57,50,Open,Open,0,Isolator,0,1,NULL,NULL,NULL,NULL,NULL,NULL,NULL,NULL,NULL,NULL,NULL,NULL,NULL,NULL,No,NULL,No,NULL,NULL,NULL,1,3087,178976,NULL,NULL,NULL,NULL,NULL,NULL,NULL,NULL,NULL,NULL,NULL,NULL,NULL,NULL,NULL,NULL,NULL,NULL,NULL,NULL,NULL,NULL,NULL,NULL,NULL,
53898,NO.2 BANK 4KV OB DISC,No,No,Yes,Yes,997,119,Closed,Closed,0,Isolator,0,1,NULL,NULL,NULL,NULL,NULL,NULL,NULL,NULL,NULL,NULL,NULL,NULL,NULL,NULL,No,NULL,No,NULL,NULL,NULL,1,3087,178977,NULL,NULL,NULL,NULL,NULL,NULL,NULL,NULL,NULL,NULL,NULL,NULL,NULL,NULL,NULL,NULL,NULL,NULL,NULL,NULL,NULL,NULL,NULL,NULL,NULL,
53899,NO.2 BANK 4KV CB,No,No,Yes,Yes,119,120,Closed,Closed,0,Normal,0,1,NULL,NULL,NULL,NULL,NULL,NULL,NULL,NULL,NULL,NULL,NULL,NULL,NULL,200007455,No,NULL,No,NULL,NULL,NULL,1,3087,178727,NULL,NULL,NULL,NULL,NULL,NULL,NULL,NULL,NULL,NULL,NULL,NULL,NULL,NULL,NULL,NULL,NULL,NULL,NULL,NULL,NULL,NULL,NULL,NULL,NULL,
53900,NO.2 BANK 4KV LN DISC,No,No,Yes,Yes,120,58,Closed,Closed,0,Isolator,0,1,NULL,NULL,NULL,NULL,NULL,NULL,NULL,NULL,NULL,NULL,NULL,NULL,NULL,NULL,No,NULL,No,NULL,NULL,NULL,1,3087,178978,NULL,NULL,NULL,NULL,NULL,NULL,NULL,NULL,NULL,NULL,NULL,NULL,NULL,NULL,NULL,NULL,NULL,NULL,NULL,NULL,NULL,NULL,NULL,NULL,NULL,
53901,NO.2 BANK 4KV TB DISC,No,No,Yes,Yes,58,50,Open,Open,0,Isolator,0,1,NULL,NULL,NULL,NULL,NULL,NULL,NULL,NULL,NULL,NULL,NULL,NULL,NULL,NULL,No,NULL,No,NULL,NULL,NULL,1,3087,178979,NULL,NULL,NULL,NULL,NULL,NULL,NULL,NULL,NULL,NULL,NULL,NULL,NULL,NULL,NULL,NULL,NULL,NULL,NULL,NULL,NULL,NULL,NULL,NULL,NULL,
53902,NO.1 4KV CAPACITOR OB DISC,No,No,Yes,Yes,999,601,Closed,Closed,0,Isolator,0,1,NULL,NULL,NULL,NULL,NULL,NULL,NULL,NULL,NULL,NULL,NULL,NULL,NULL,NULL,No,NULL,No,NULL,NULL,NULL,1,3087,178951,NULL,NULL,NULL,NULL,NULL,NULL,NULL,NULL,NULL,NULL,NULL,NULL,NULL,NULL,NULL,NULL,NULL,NULL,NULL,NULL,NULL,NULL,NULL,NULL,NULL,
53903,NO.1 4KV CAPACITOR DISC,No,No,Yes,Yes,602,603,Closed,Closed,0,Isolator,0,1,NULL,NULL,NULL,NULL,NULL,NULL,NULL,NULL,NULL,NULL,NULL,NULL,NULL,NULL,No,NULL,No,NULL,NULL,NULL,1,3087,178952,NULL,NULL,NULL,NULL,NULL,NULL,NULL,NULL,NULL,NULL,NULL,NULL,NULL,NULL,NULL,NULL,NULL,NULL,NULL,NULL,NULL,NULL,NULL,NULL,NULL,
