BusNumber,BusName,PnaBus,PssBus,NspBus,VoltageBase,ExModelRetentionFlag,ExternalModelXref,VisibleBus,HighVoltageLimit1,LowVoltageLimit1,HighVoltageLimit2,LowVoltageLimit2,HighVoltageLimit3,LowVoltageLimit3,VoltConstraintSiWeightFactor,VoltConstraintHardnessFactor,CaCaseVoltConstraintHardFactor,VoltConstraintMonitorStatus,VoltConstraintEnforceStatus,VoltLimitMonitorCaCase,VoltLimitEnforceCaCase,VoltChangeHiLimit1,VoltChangeLowLimit1,VoltChangeHiLimit2,VoltChangeLowLimit2,VoltChangeHiLimit3,VoltChangeLowLimit3,VoltChngLimitSevWtCaCase,VoltChngLimitHardness,VoltChngLimitMonitor,VoltChngLimitEnforce,RegionOfInterest,AssetLabel,PseudoBus,ScheduleDataFlag,DmsTransformFlag,LayoutType,CommentText1,CommentText2,CommentText3,StationNumberRef,VoltageLimitAnalogPointRef,LimitNumber,HighDynLimit1,HighDynLimit2,HighDynLimit3,LowDynLimit1,LowDynLimit2,LowDynLimit3,VoltStandardDeviation,VoltCmeUsage,VoltOverrideStatus,VoltReplacementValue,VoltMeasurementSection,NetStatProcKvThresholdLimit,SetOrder1,VoltAnalogPointRef,SinglePhTransCurRef,SinglePhSubtransCurRef,ThreePhTransCurRef,ThreePhSubtransCurRef,AngleCmeUsage,AngleMeasurementSection,SetOrder2,AngleAnalogPointRef,StaticBusSplitIndicatorRef,
901,RIO HONDO 66,Yes,Yes,Yes,69,Retain,NULL,Yes,70.35,63.65,73.7,60.3,73.7,60.3,1,1,1,On,On,On,On,2.07,-2.07,4.14,-4.14,4.14,-4.14,1,1,Off,Off,UseStationFlag,NULL,No,Yes,Yes,NULL,NULL,NULL,NULL,630,NULL,NULL,NULL,NULL,NULL,NULL,NULL,NULL,1!1!1!1!1!1!1!1!1,In/Out!In/Out!In/Out!In/Out!In/Out!In/Out!In/Out!In/Out!In/Out,Normal!Normal!Normal!Normal!Normal!Normal!Normal!Normal!Normal,NULL!NULL!NULL!NULL!NULL!NULL!NULL!NULL!NULL,3!7!12!17!50!175!288!177!189,NULL!NULL!NULL!NULL!NULL!NULL!NULL!NULL!NULL,381!382!383!384!385!386!387!388!389,225040!224517!225129!224996!223314!222882!4190!4159!223252,NULL!NULL!NULL!NULL!NULL!NULL!NULL!NULL!NULL,NULL!NULL!NULL!NULL!NULL!NULL!NULL!NULL!NULL,NULL!NULL!NULL!NULL!NULL!NULL!NULL!NULL!NULL,NULL!NULL!NULL!NULL!NULL!NULL!NULL!NULL!NULL,Out,999,1,300187,NULL,
902,RIO HONDO 16,Yes,Yes,Yes,16,Retain,NULL,Yes,17.6,14.4,17.6,14.4,17.6,14.4,1,1,1,Off,Off,Off,Off,.48,-.48,.96,-.96,.96,-.96,1,1,Off,Off,UseStationFlag,NULL,No,Yes,Yes,NULL,NULL,NULL,NULL,630,NULL,NULL,NULL,NULL,NULL,NULL,NULL,NULL,1!1!1!1,In/Out!In/Out!In/Out!In/Out,Normal!Normal!Normal!Normal,NULL!NULL!NULL!NULL,10!999!4!997,NULL!NULL!NULL!NULL,1!2!3!4,4445!4254!225244!4251,NULL!NULL!NULL!NULL,NULL!NULL!NULL!NULL,NULL!NULL!NULL!NULL,NULL!NULL!NULL!NULL,NULL,NULL,NULL,NULL,NULL,
904,RIO HOND TAP 30,Yes,Yes,Yes,69,Retain,NULL,Yes,70.35,63.65,73.7,60.3,73.7,60.3,1,1,1,On,On,On,On,2.07,-2.07,4.14,-4.14,4.14,-4.14,1,1,Off,Off,UseStationFlag,NULL,No,Yes,Yes,NULL,NULL,NULL,NULL,637,NULL,NULL,NULL,NULL,NULL,NULL,NULL,NULL,NULL,NULL,NULL,NULL,NULL,NULL,NULL,NULL,NULL,NULL,NULL,NULL,NULL,NULL,NULL,NULL,NULL,
905,CITRUS 66,Yes,Yes,Yes,69,Retain,NULL,Yes,70.35,63.65,73.7,60.3,73.7,60.3,1,1,1,On,On,On,On,2.07,-2.07,4.14,-4.14,4.14,-4.14,1,1,Off,Off,UseStationFlag,NULL,No,Yes,Yes,NULL,NULL,NULL,NULL,636,NULL,NULL,NULL,NULL,NULL,NULL,NULL,NULL,NULL,NULL,NULL,NULL,NULL,NULL,NULL,NULL,NULL,NULL,NULL,NULL,NULL,NULL,NULL,NULL,NULL,
906,AZUSA 66,Yes,Yes,Yes,69,Retain,NULL,Yes,70.35,63.65,73.7,60.3,73.7,60.3,1,1,1,On,On,On,On,2.07,-2.07,4.14,-4.14,4.14,-4.14,1,1,Off,Off,UseStationFlag,NULL,No,Yes,Yes,NULL,NULL,NULL,NULL,635,NULL,NULL,NULL,NULL,NULL,NULL,NULL,NULL,NULL,NULL,NULL,NULL,NULL,NULL,NULL,NULL,NULL,NULL,NULL,NULL,NULL,NULL,NULL,NULL,NULL,
907,AEROJET 66,Yes,Yes,Yes,69,Retain,NULL,Yes,70.35,63.65,73.7,60.3,73.7,60.3,1,1,1,On,On,On,On,2.07,-2.07,4.14,-4.14,4.14,-4.14,1,1,Off,Off,UseStationFlag,NULL,No,Yes,Yes,NULL,NULL,NULL,NULL,634,NULL,NULL,NULL,NULL,NULL,NULL,NULL,NULL,NULL,NULL,NULL,NULL,NULL,NULL,NULL,NULL,NULL,NULL,NULL,NULL,NULL,NULL,NULL,NULL,NULL,
909,BREW 66,Yes,Yes,Yes,69,Retain,NULL,Yes,70.35,63.65,73.7,60.3,73.7,60.3,1,1,1,On,On,On,On,2.07,-2.07,4.14,-4.14,4.14,-4.14,1,1,Off,Off,UseStationFlag,NULL,No,Yes,Yes,NULL,NULL,NULL,NULL,633,NULL,NULL,NULL,NULL,NULL,NULL,NULL,NULL,NULL,NULL,NULL,NULL,NULL,NULL,NULL,NULL,NULL,NULL,NULL,NULL,NULL,NULL,NULL,NULL,NULL,
910,ANITA 66,Yes,Yes,Yes,69,Retain,NULL,Yes,70.35,63.65,73.7,60.3,73.7,60.3,1,1,1,On,On,On,On,2.07,-2.07,4.14,-4.14,4.14,-4.14,1,1,Off,Off,UseStationFlag,NULL,No,Yes,Yes,NULL,NULL,NULL,NULL,632,NULL,NULL,NULL,NULL,NULL,NULL,NULL,NULL,NULL,NULL,NULL,NULL,NULL,NULL,NULL,NULL,NULL,NULL,NULL,NULL,Out,999,1,300164,NULL,
913,RIO HOND TAP 90,Yes,Yes,Yes,69,Retain,NULL,Yes,70.35,63.65,73.7,60.3,73.7,60.3,1,1,1,On,On,On,On,2.07,-2.07,4.14,-4.14,4.14,-4.14,1,1,Off,Off,UseStationFlag,NULL,No,Yes,Yes,NULL,NULL,NULL,NULL,637,NULL,NULL,NULL,NULL,NULL,NULL,NULL,NULL,NULL,NULL,NULL,NULL,NULL,NULL,NULL,NULL,NULL,NULL,NULL,NULL,NULL,NULL,NULL,NULL,NULL,
914,FINANCE 66,Yes,Yes,Yes,69,Retain,NULL,Yes,70.35,63.65,73.7,60.3,73.7,60.3,1,1,1,On,On,On,On,2.07,-2.07,4.14,-4.14,4.14,-4.14,1,1,Off,Off,UseStationFlag,NULL,No,Yes,Yes,NULL,NULL,NULL,NULL,621,NULL,NULL,NULL,NULL,NULL,NULL,NULL,NULL,NULL,NULL,NULL,NULL,NULL,NULL,NULL,NULL,NULL,NULL,NULL,NULL,NULL,NULL,NULL,NULL,NULL,
915,DALTON 66,Yes,Yes,Yes,69,Retain,NULL,Yes,70.35,63.65,73.7,60.3,73.7,60.3,1,1,1,On,On,On,On,2.07,-2.07,4.14,-4.14,4.14,-4.14,1,1,Off,Off,UseStationFlag,NULL,No,Yes,Yes,NULL,NULL,NULL,NULL,622,NULL,NULL,NULL,NULL,NULL,NULL,NULL,NULL,3,In/Out,Normal,NULL,999,NULL,3375,110384,NULL,NULL,NULL,NULL,NULL,NULL,NULL,NULL,NULL,
916,LIQUID 66,Yes,Yes,Yes,69,Retain,NULL,Yes,70.35,63.65,73.7,60.3,73.7,60.3,1,1,1,On,On,On,On,2.07,-2.07,4.14,-4.14,4.14,-4.14,1,1,Off,Off,UseStationFlag,NULL,No,Yes,Yes,NULL,NULL,NULL,NULL,629,NULL,NULL,NULL,NULL,NULL,NULL,NULL,NULL,NULL,NULL,NULL,NULL,NULL,NULL,NULL,NULL,NULL,NULL,NULL,NULL,NULL,NULL,NULL,NULL,NULL,
918,LARK ELLEN 66,Yes,Yes,Yes,69,Retain,NULL,Yes,70.35,63.65,73.7,60.3,73.7,60.3,1,1,1,On,On,On,On,2.07,-2.07,4.14,-4.14,4.14,-4.14,1,1,Off,Off,UseStationFlag,NULL,No,Yes,Yes,NULL,NULL,NULL,NULL,628,NULL,NULL,NULL,NULL,NULL,NULL,NULL,NULL,NULL,NULL,NULL,NULL,NULL,NULL,NULL,NULL,NULL,NULL,NULL,NULL,NULL,NULL,NULL,NULL,NULL,
919,HOPEFUL 66,Yes,Yes,Yes,69,Retain,NULL,Yes,70.35,63.65,73.7,60.3,73.7,60.3,1,1,1,On,On,On,On,2.07,-2.07,4.14,-4.14,4.14,-4.14,1,1,Off,Off,UseStationFlag,NULL,No,Yes,Yes,NULL,NULL,NULL,NULL,627,NULL,NULL,NULL,NULL,NULL,NULL,NULL,NULL,NULL,NULL,NULL,NULL,NULL,NULL,NULL,NULL,NULL,NULL,NULL,NULL,NULL,NULL,NULL,NULL,NULL,
920,BRADBURY 66,Yes,Yes,Yes,69,Retain,NULL,Yes,70.35,63.65,73.7,60.3,73.7,60.3,1,1,1,On,On,On,On,2.07,-2.07,4.14,-4.14,4.14,-4.14,1,1,Off,Off,UseStationFlag,NULL,No,Yes,Yes,NULL,NULL,NULL,NULL,626,NULL,NULL,NULL,NULL,NULL,NULL,NULL,NULL,1,In/Out,Normal,NULL,999,NULL,1,114648,NULL,NULL,NULL,NULL,NULL,NULL,NULL,NULL,NULL,
921,ARCADIA 66,Yes,Yes,Yes,69,Retain,NULL,Yes,70.35,63.65,73.7,60.3,73.7,60.3,1,1,1,On,On,On,On,2.07,-2.07,4.14,-4.14,4.14,-4.14,1,1,Off,Off,UseStationFlag,NULL,No,Yes,Yes,NULL,NULL,NULL,NULL,625,NULL,NULL,NULL,NULL,NULL,NULL,NULL,NULL,NULL,NULL,NULL,NULL,NULL,NULL,NULL,NULL,NULL,NULL,NULL,NULL,NULL,NULL,NULL,NULL,NULL,
922,RIO HOND TAP 21,Yes,Yes,Yes,69,Retain,NULL,Yes,70.35,63.65,73.7,60.3,73.7,60.3,1,1,1,On,On,On,On,2.07,-2.07,4.14,-4.14,4.14,-4.14,1,1,Off,Off,UseStationFlag,NULL,No,Yes,Yes,NULL,NULL,NULL,NULL,637,NULL,NULL,NULL,NULL,NULL,NULL,NULL,NULL,NULL,NULL,NULL,NULL,NULL,NULL,NULL,NULL,NULL,NULL,NULL,NULL,NULL,NULL,NULL,NULL,NULL,
923,JOSE 66,Yes,Yes,Yes,69,Retain,NULL,Yes,70.35,63.65,73.7,60.3,73.7,60.3,1,1,1,On,On,On,On,2.07,-2.07,4.14,-4.14,4.14,-4.14,1,1,Off,Off,UseStationFlag,NULL,No,Yes,Yes,NULL,NULL,NULL,NULL,624,NULL,NULL,NULL,NULL,NULL,NULL,NULL,NULL,1,In/Out,Normal,NULL,999,NULL,1,219271,NULL,NULL,NULL,NULL,NULL,NULL,NULL,NULL,NULL,
924,AMADOR 66,Yes,Yes,Yes,69,Retain,NULL,Yes,70.35,63.65,73.7,60.3,73.7,60.3,1,1,1,On,On,On,On,2.07,-2.07,4.14,-4.14,4.14,-4.14,1,1,Off,Off,UseStationFlag,NULL,No,Yes,Yes,NULL,NULL,NULL,NULL,623,NULL,NULL,NULL,NULL,NULL,NULL,NULL,NULL,NULL,NULL,NULL,NULL,NULL,NULL,NULL,NULL,NULL,NULL,NULL,NULL,NULL,NULL,NULL,NULL,NULL,
927,RIO HOND TAP 60,Yes,Yes,Yes,69,Retain,NULL,Yes,70.35,63.65,73.7,60.3,73.7,60.3,1,1,1,On,On,On,On,2.07,-2.07,4.14,-4.14,4.14,-4.14,1,1,Off,Off,UseStationFlag,NULL,No,Yes,Yes,NULL,NULL,NULL,NULL,637,NULL,NULL,NULL,NULL,NULL,NULL,NULL,NULL,NULL,NULL,NULL,NULL,NULL,NULL,NULL,NULL,NULL,NULL,NULL,NULL,NULL,NULL,NULL,NULL,NULL,
948,RIO HOND TAP 17,Yes,Yes,Yes,69,Retain,NULL,Yes,70.35,63.65,73.7,60.3,73.7,60.3,1,1,1,On,On,On,On,2.07,-2.07,4.14,-4.14,4.14,-4.14,1,1,Off,Off,UseStationFlag,NULL,No,Yes,Yes,NULL,NULL,NULL,NULL,637,NULL,NULL,NULL,NULL,NULL,NULL,NULL,NULL,NULL,NULL,NULL,NULL,NULL,NULL,NULL,NULL,NULL,NULL,NULL,NULL,Out,999,1,300169,NULL,
952,RIO HOND TAP 70,Yes,Yes,Yes,69,Retain,NULL,Yes,70.35,63.65,73.7,60.3,73.7,60.3,1,1,1,On,On,On,On,2.07,-2.07,4.14,-4.14,4.14,-4.14,1,1,Off,Off,UseStationFlag,NULL,No,Yes,Yes,NULL,NULL,NULL,NULL,637,NULL,NULL,NULL,NULL,NULL,NULL,NULL,NULL,NULL,NULL,NULL,NULL,NULL,NULL,NULL,NULL,NULL,NULL,NULL,NULL,Out,999,1,300170,NULL,
956,RIO HOND TAP 20,Yes,Yes,Yes,69,Retain,NULL,Yes,70.35,63.65,73.7,60.3,73.7,60.3,1,1,1,On,On,On,On,2.07,-2.07,4.14,-4.14,4.14,-4.14,1,1,Off,Off,UseStationFlag,NULL,No,Yes,Yes,NULL,NULL,NULL,NULL,637,NULL,NULL,NULL,NULL,NULL,NULL,NULL,NULL,NULL,NULL,NULL,NULL,NULL,NULL,NULL,NULL,NULL,NULL,NULL,NULL,NULL,NULL,NULL,NULL,NULL,
964,RIO HOND TAP 75,Yes,Yes,Yes,69,Retain,NULL,Yes,70.35,63.65,73.7,60.3,73.7,60.3,1,1,1,On,On,On,On,2.07,-2.07,4.14,-4.14,4.14,-4.14,1,1,Off,Off,UseStationFlag,NULL,No,Yes,Yes,NULL,NULL,NULL,NULL,637,NULL,NULL,NULL,NULL,NULL,NULL,NULL,NULL,NULL,NULL,NULL,NULL,NULL,NULL,NULL,NULL,NULL,NULL,NULL,NULL,NULL,NULL,NULL,NULL,NULL,
968,RIO HOND TAP 26,Yes,Yes,Yes,69,Retain,NULL,Yes,70.35,63.65,73.7,60.3,73.7,60.3,1,1,1,On,On,On,On,2.07,-2.07,4.14,-4.14,4.14,-4.14,1,1,Off,Off,UseStationFlag,NULL,No,Yes,Yes,NULL,NULL,NULL,NULL,637,NULL,NULL,NULL,NULL,NULL,NULL,NULL,NULL,NULL,NULL,NULL,NULL,NULL,NULL,NULL,NULL,NULL,NULL,NULL,NULL,NULL,NULL,NULL,NULL,NULL,
971,RIO HOND TAP 24,Yes,Yes,Yes,69,Retain,NULL,Yes,70.35,63.65,73.7,60.3,73.7,60.3,1,1,1,On,On,On,On,2.07,-2.07,4.14,-4.14,4.14,-4.14,1,1,Off,Off,UseStationFlag,NULL,No,Yes,Yes,NULL,NULL,NULL,NULL,637,NULL,NULL,NULL,NULL,NULL,NULL,NULL,NULL,NULL,NULL,NULL,NULL,NULL,NULL,NULL,NULL,NULL,NULL,NULL,NULL,NULL,NULL,NULL,NULL,NULL,
973,RIO HOND TAP 23,Yes,Yes,Yes,69,Retain,NULL,Yes,70.35,63.65,73.7,60.3,73.7,60.3,1,1,1,On,On,On,On,2.07,-2.07,4.14,-4.14,4.14,-4.14,1,1,Off,Off,UseStationFlag,NULL,No,Yes,Yes,NULL,NULL,NULL,NULL,637,NULL,NULL,NULL,NULL,NULL,NULL,NULL,NULL,NULL,NULL,NULL,NULL,NULL,NULL,NULL,NULL,NULL,NULL,NULL,NULL,NULL,NULL,NULL,NULL,NULL,
975,RIO HOND TAP 25,Yes,Yes,Yes,69,Retain,NULL,Yes,70.35,63.65,73.7,60.3,73.7,60.3,1,1,1,On,On,On,On,2.07,-2.07,4.14,-4.14,4.14,-4.14,1,1,Off,Off,UseStationFlag,NULL,No,Yes,Yes,NULL,NULL,NULL,NULL,637,NULL,NULL,NULL,NULL,NULL,NULL,NULL,NULL,NULL,NULL,NULL,NULL,NULL,NULL,NULL,NULL,NULL,NULL,NULL,NULL,NULL,NULL,NULL,NULL,NULL,
977,RIO HOND TAP 31,Yes,Yes,Yes,69,Retain,NULL,Yes,70.35,63.65,73.7,60.3,73.7,60.3,1,1,1,On,On,On,On,2.07,-2.07,4.14,-4.14,4.14,-4.14,1,1,Off,Off,UseStationFlag,NULL,No,Yes,Yes,NULL,NULL,NULL,NULL,637,NULL,NULL,NULL,NULL,NULL,NULL,NULL,NULL,NULL,NULL,NULL,NULL,NULL,NULL,NULL,NULL,NULL,NULL,NULL,NULL,NULL,NULL,NULL,NULL,NULL,
978,RIO HOND TAP 80,Yes,Yes,Yes,69,Retain,NULL,Yes,70.35,63.65,73.7,60.3,73.7,60.3,1,1,1,On,On,On,On,2.07,-2.07,4.14,-4.14,4.14,-4.14,1,1,Off,Off,UseStationFlag,NULL,No,Yes,Yes,NULL,NULL,NULL,NULL,637,NULL,NULL,NULL,NULL,NULL,NULL,NULL,NULL,NULL,NULL,NULL,NULL,NULL,NULL,NULL,NULL,NULL,NULL,NULL,NULL,Out,999,1,300171,NULL,
1021,KIRKWALL,Yes,Yes,Yes,69,Retain,NULL,Yes,70.35,63.65,73.7,60.3,73.7,60.3,1,1,1,On,On,On,On,2.07,-2.07,4.14,-4.14,4.14,-4.14,1,1,Off,Off,UseStationFlag,NULL,No,Yes,Yes,NULL,NULL,NULL,NULL,817,NULL,NULL,NULL,NULL,NULL,NULL,NULL,NULL,NULL,NULL,NULL,NULL,NULL,NULL,NULL,NULL,NULL,NULL,NULL,NULL,NULL,NULL,NULL,NULL,NULL,
1775,AEROJET 12,Yes,Yes,Yes,12,Retain,NULL,Yes,13.2,10.8,13.2,10.8,13.2,10.8,1,1,1,Off,Off,Off,Off,.3741,-.3741,.7482,-.7482,.7482,-.7482,1,1,Off,Off,UseStationFlag,NULL,No,Yes,Yes,NULL,NULL,NULL,NULL,634,NULL,NULL,NULL,NULL,NULL,NULL,NULL,NULL,NULL,NULL,NULL,NULL,NULL,NULL,NULL,NULL,NULL,NULL,NULL,NULL,NULL,NULL,NULL,NULL,NULL,
1776,LIQUID 4,Yes,Yes,Yes,4,Retain,NULL,Yes,4.4,3.6,4.4,3.6,4.4,3.6,1,1,1,Off,Off,Off,Off,.1308,-.1308,.2616,-.2616,.2616,-.2616,1,1,Off,Off,UseStationFlag,NULL,No,Yes,Yes,NULL,NULL,NULL,NULL,629,NULL,NULL,NULL,NULL,NULL,NULL,NULL,NULL,NULL,NULL,NULL,NULL,NULL,NULL,NULL,NULL,NULL,NULL,NULL,NULL,NULL,NULL,NULL,NULL,NULL,
1777,HOPEFUL 12,Yes,Yes,Yes,12,Retain,NULL,Yes,13.2,10.8,13.2,10.8,13.2,10.8,1,1,1,Off,Off,Off,Off,.3741,-.3741,.7482,-.7482,.7482,-.7482,1,1,Off,Off,UseStationFlag,NULL,No,Yes,Yes,NULL,NULL,NULL,NULL,627,NULL,NULL,NULL,NULL,NULL,NULL,NULL,NULL,NULL,NULL,NULL,NULL,NULL,NULL,NULL,NULL,NULL,NULL,NULL,NULL,NULL,NULL,NULL,NULL,NULL,
1778,BREW 4,Yes,Yes,Yes,4,Retain,NULL,Yes,4.4,3.6,4.4,3.6,4.4,3.6,1,1,1,Off,Off,Off,Off,.1308,-.1308,.2616,-.2616,.2616,-.2616,1,1,Off,Off,UseStationFlag,NULL,No,Yes,Yes,NULL,NULL,NULL,NULL,633,NULL,NULL,NULL,NULL,NULL,NULL,NULL,NULL,NULL,NULL,NULL,NULL,NULL,NULL,NULL,NULL,NULL,NULL,NULL,NULL,NULL,NULL,NULL,NULL,NULL,
1779,AZUSA 12,Yes,Yes,Yes,12,Retain,NULL,Yes,13.2,10.8,13.2,10.8,13.2,10.8,1,1,1,Off,Off,Off,Off,.3741,-.3741,.7482,-.7482,.7482,-.7482,1,1,Off,Off,UseStationFlag,NULL,No,Yes,Yes,NULL,NULL,NULL,NULL,635,NULL,NULL,NULL,NULL,NULL,NULL,NULL,NULL,NULL,NULL,NULL,NULL,NULL,NULL,NULL,NULL,NULL,NULL,NULL,NULL,NULL,NULL,NULL,NULL,NULL,
1830,FINANCE 12,Yes,Yes,Yes,12,Retain,NULL,Yes,13.717,11.223,13.717,11.223,13.717,11.223,1,1,1,Off,Off,Off,Off,.3741,-.3741,.7482,-.7482,.7482,-.7482,1,1,Off,Off,UseStationFlag,NULL,No,Yes,Yes,NULL,NULL,NULL,NULL,621,NULL,NULL,NULL,NULL,NULL,NULL,NULL,NULL,NULL,NULL,NULL,NULL,NULL,NULL,NULL,NULL,NULL,NULL,NULL,NULL,NULL,NULL,NULL,NULL,NULL,
1842,KIRKWALL 12,Yes,Yes,Yes,12,Retain,NULL,Yes,13.717,11.223,13.717,11.223,13.717,11.223,1,1,1,Off,Off,Off,Off,.3741,-.3741,.7482,-.7482,.7482,-.7482,1,1,Off,Off,UseStationFlag,NULL,No,Yes,Yes,NULL,NULL,NULL,NULL,817,NULL,NULL,NULL,NULL,NULL,NULL,NULL,NULL,NULL,NULL,NULL,NULL,NULL,NULL,NULL,NULL,NULL,NULL,NULL,NULL,NULL,NULL,NULL,NULL,NULL,
1843,JOSE 4,Yes,Yes,Yes,4,Retain,NULL,Yes,4.785,3.915,4.785,3.915,4.785,3.915,1,1,1,Off,Off,Off,Off,.1305,-.1305,.261,-.261,.261,-.261,1,1,Off,Off,UseStationFlag,NULL,No,Yes,Yes,NULL,NULL,NULL,NULL,624,NULL,NULL,NULL,NULL,NULL,NULL,NULL,NULL,NULL,NULL,NULL,NULL,NULL,NULL,NULL,NULL,NULL,NULL,NULL,NULL,NULL,NULL,NULL,NULL,NULL,
2298,RIO HOND TAP 22,Yes,Yes,Yes,69,Retain,NULL,Yes,70.35,63.65,73.7,60.3,73.7,60.3,1,1,1,On,On,On,On,2.07,-2.07,4.14,-4.14,4.14,-4.14,1,1,Off,Off,UseStationFlag,NULL,No,Yes,Yes,NULL,NULL,NULL,NULL,637,NULL,NULL,NULL,NULL,NULL,NULL,NULL,NULL,NULL,NULL,NULL,NULL,NULL,NULL,NULL,NULL,NULL,NULL,NULL,NULL,NULL,NULL,NULL,NULL,NULL,
2299,RIO HOND TAP 40,Yes,Yes,Yes,69,Retain,NULL,Yes,70.35,63.65,73.7,60.3,73.7,60.3,1,1,1,On,On,On,On,2.07,-2.07,4.14,-4.14,4.14,-4.14,1,1,Off,Off,UseStationFlag,NULL,No,Yes,Yes,NULL,NULL,NULL,NULL,637,NULL,NULL,NULL,NULL,NULL,NULL,NULL,NULL,NULL,NULL,NULL,NULL,NULL,NULL,NULL,NULL,NULL,NULL,NULL,NULL,NULL,NULL,NULL,NULL,NULL,
3002,ARCADIA 16,Yes,Yes,Yes,16,Retain,NULL,Yes,19.03,15.57,19.03,15.57,19.03,15.57,1,1,1,Off,Off,Off,Off,.519,-.519,1.038,-1.038,1.038,-1.038,1,1,Off,Off,UseStationFlag,NULL,No,Yes,Yes,NULL,NULL,NULL,NULL,625,NULL,NULL,NULL,NULL,NULL,NULL,NULL,NULL,1!1!1!1,In/Out!In/Out!In/Out!In/Out,Normal!Normal!Normal!Normal,NULL!NULL!NULL!NULL,54!60!999!500,NULL!NULL!NULL!NULL,1!2!3!4,136573!136560!136611!136607,NULL!NULL!NULL!NULL,NULL!NULL!NULL!NULL,NULL!NULL!NULL!NULL,NULL!NULL!NULL!NULL,NULL,NULL,NULL,NULL,NULL,
3004,ARCADIA 4,Yes,Yes,Yes,4,Retain,NULL,Yes,4.785,3.915,4.785,3.915,4.785,3.915,1,1,1,Off,Off,Off,Off,.1305,-.1305,.261,-.261,.261,-.261,1,1,Off,Off,UseStationFlag,NULL,No,Yes,Yes,NULL,NULL,NULL,NULL,625,NULL,NULL,NULL,NULL,NULL,NULL,NULL,NULL,1!1,In/Out!In/Out,Normal!Normal,NULL!NULL,52!57,NULL!NULL,1!2,136584!136595,NULL!NULL,NULL!NULL,NULL!NULL,NULL!NULL,NULL,NULL,NULL,NULL,NULL,
3005,ANITA 16,Yes,Yes,Yes,16,Retain,NULL,Yes,18.15,14.85,18.15,14.85,18.15,14.85,1,1,1,Off,Off,Off,Off,.495,-.495,.99,-.99,.99,-.99,1,1,Off,Off,UseStationFlag,NULL,No,Yes,Yes,NULL,NULL,NULL,NULL,632,NULL,NULL,NULL,NULL,NULL,NULL,NULL,NULL,1!1!1!1,In/Out!In/Out!In/Out!In/Out,Normal!Normal!Normal!Normal,NULL!NULL!NULL!NULL,999!500!54!58,NULL!NULL!NULL!NULL,3!4!543!544,110808!110804!110759!110771,NULL!NULL!NULL!NULL,NULL!NULL!NULL!NULL,NULL!NULL!NULL!NULL,NULL!NULL!NULL!NULL,NULL,NULL,NULL,NULL,NULL,
3006,AMADOR 16,Yes,Yes,Yes,16,Retain,NULL,Yes,18.26,14.94,18.26,14.94,18.26,14.94,1,1,1,Off,Off,Off,Off,.498,-.498,.996,-.996,.996,-.996,1,1,Off,Off,UseStationFlag,NULL,No,Yes,Yes,NULL,NULL,NULL,NULL,623,NULL,NULL,NULL,NULL,NULL,NULL,NULL,NULL,1!1!1!1,In/Out!In/Out!In/Out!In/Out,Normal!Normal!Normal!Normal,NULL!NULL!NULL!NULL,53!60!999!498,NULL!NULL!NULL!NULL,10!11!12!13,137107!137119!137150!137154,NULL!NULL!NULL!NULL,NULL!NULL!NULL!NULL,NULL!NULL!NULL!NULL,NULL!NULL!NULL!NULL,NULL,NULL,NULL,NULL,NULL,
3007,ANITA 4,Yes,Yes,Yes,4,Retain,NULL,Yes,4.796,3.924,4.796,3.924,4.796,3.924,1,1,1,Off,Off,Off,Off,.1308,-.1308,.2616,-.2616,.2616,-.2616,1,1,Off,Off,UseStationFlag,NULL,No,Yes,Yes,NULL,NULL,NULL,NULL,632,NULL,NULL,NULL,NULL,NULL,NULL,NULL,NULL,1!1!1!1,In/Out!In/Out!In/Out!In/Out,Normal!Normal!Normal!Normal,NULL!NULL!NULL!NULL,112!997!59!51,NULL!NULL!NULL!NULL,3!5!348!388,110816!110812!110782!110793,NULL!NULL!NULL!NULL,NULL!NULL!NULL!NULL,NULL!NULL!NULL!NULL,NULL!NULL!NULL!NULL,NULL,NULL,NULL,NULL,NULL,
3009,AMADOR 4,Yes,Yes,Yes,4,Retain,NULL,Yes,4.785,3.915,4.785,3.915,4.785,3.915,1,1,1,Off,Off,Off,Off,.1305,-.1305,.261,-.261,.261,-.261,1,1,Off,Off,UseStationFlag,NULL,No,Yes,Yes,NULL,NULL,NULL,NULL,623,NULL,NULL,NULL,NULL,NULL,NULL,NULL,NULL,1!1!1,In/Out!In/Out!In/Out,Normal!Normal!Normal,NULL!NULL!NULL,71!64!997,NULL!NULL!NULL,10!11!13,137139!137129!137158,NULL!NULL!NULL,NULL!NULL!NULL,NULL!NULL!NULL,NULL!NULL!NULL,NULL,NULL,NULL,NULL,NULL,
3014,DALTON 12,Yes,Yes,Yes,12,Retain,NULL,Yes,13.2,10.8,13.2,10.8,13.2,10.8,1,1,1,Off,Off,Off,Off,.3741,-.3741,.7482,-.7482,.7482,-.7482,1,1,Off,Off,UseStationFlag,NULL,No,Yes,Yes,NULL,NULL,NULL,NULL,622,NULL,NULL,NULL,NULL,NULL,NULL,NULL,NULL,1!1!1,In/Out!In/Out!In/Out,Normal!Normal!Normal,NULL!NULL!NULL,54!60!999,NULL!NULL!NULL,10!11!12,110366!110377!110388,NULL!NULL!NULL,NULL!NULL!NULL,NULL!NULL!NULL,NULL!NULL!NULL,NULL,NULL,NULL,NULL,NULL,
3056,MAYFLOWER 16,No,Yes,Yes,16,Retain,NULL,Yes,18.26,14.94,18.26,14.94,18.26,14.94,1,1,1,Off,Off,Off,Off,.498,-.498,.996,-.996,.996,-.996,1,1,Off,Off,UseStationFlag,NULL,No,Yes,No,NULL,NULL,NULL,NULL,1391,NULL,NULL,NULL,NULL,NULL,NULL,NULL,NULL,NULL,NULL,NULL,NULL,NULL,NULL,NULL,NULL,NULL,NULL,NULL,NULL,NULL,NULL,NULL,NULL,NULL,
3057,MAYFLOWER 4,No,Yes,Yes,4,Retain,NULL,Yes,4.785,3.915,4.785,3.915,4.785,3.915,1,1,1,Off,Off,Off,Off,.1305,-.1305,.261,-.261,.261,-.261,1,1,Off,Off,UseStationFlag,NULL,No,Yes,No,NULL,NULL,NULL,NULL,1391,NULL,NULL,NULL,NULL,NULL,NULL,NULL,NULL,1!1,In/Out!In/Out,Normal!Normal,NULL!NULL,3!9,NULL!NULL,1!2,137012!137023,NULL!NULL,NULL!NULL,NULL!NULL,NULL!NULL,NULL,NULL,NULL,NULL,NULL,
3066,DUARTE 16,No,Yes,Yes,16,Retain,NULL,Yes,18.26,14.94,18.26,14.94,18.26,14.94,1,1,1,Off,Off,Off,Off,.498,-.498,.996,-.996,.996,-.996,1,1,Off,Off,UseStationFlag,NULL,No,Yes,No,NULL,NULL,NULL,NULL,984,NULL,NULL,NULL,NULL,NULL,NULL,NULL,NULL,NULL,NULL,NULL,NULL,NULL,NULL,NULL,NULL,NULL,NULL,NULL,NULL,NULL,NULL,NULL,NULL,NULL,
3067,DUARTE 4,No,Yes,Yes,4,Retain,NULL,Yes,4.785,3.915,4.785,3.915,4.785,3.915,1,1,1,Off,Off,Off,Off,.1305,-.1305,.261,-.261,.261,-.261,1,1,Off,Off,UseStationFlag,NULL,No,Yes,No,NULL,NULL,NULL,NULL,984,NULL,NULL,NULL,NULL,NULL,NULL,NULL,NULL,3,In/Out,Normal,NULL,57,NULL,10,114927,NULL,NULL,NULL,NULL,NULL,NULL,NULL,NULL,NULL,
3076,SIERRA MADRE 16,No,Yes,Yes,16,Retain,NULL,Yes,18.26,14.94,18.26,14.94,18.26,14.94,1,1,1,Off,Off,Off,Off,.498,-.498,.996,-.996,.996,-.996,1,1,Off,Off,UseStationFlag,NULL,No,Yes,No,NULL,NULL,NULL,NULL,985,NULL,NULL,NULL,NULL,NULL,NULL,NULL,NULL,NULL,NULL,NULL,NULL,NULL,NULL,NULL,NULL,NULL,NULL,NULL,NULL,NULL,NULL,NULL,NULL,NULL,
3077,SIERRA MADRE 4,No,Yes,Yes,4,Retain,NULL,Yes,4.785,3.915,4.785,3.915,4.785,3.915,1,1,1,Off,Off,Off,Off,.1305,-.1305,.261,-.261,.261,-.261,1,1,Off,Off,UseStationFlag,NULL,No,Yes,No,NULL,NULL,NULL,NULL,985,NULL,NULL,NULL,NULL,NULL,NULL,NULL,NULL,10,In/Out,Normal,NULL,70,NULL,10,136034,NULL,NULL,NULL,NULL,NULL,NULL,NULL,NULL,NULL,
3403,BRADBURY 16,Yes,Yes,Yes,16,Retain,NULL,Yes,18.15,14.85,18.15,14.85,18.15,14.85,1,1,1,Off,Off,Off,Off,.495,-.495,.99,-.99,.99,-.99,1,1,Off,Off,UseStationFlag,NULL,No,Yes,Yes,NULL,NULL,NULL,NULL,626,NULL,NULL,NULL,NULL,NULL,NULL,NULL,NULL,1!1!1!1!1,In/Out!In/Out!In/Out!In/Out!In/Out,Normal!Normal!Normal!Normal!Normal,NULL!NULL!NULL!NULL!NULL,4!9!997!999!999,NULL!NULL!NULL!NULL!NULL,38!39!40!41!42,114618!114630!10280!114640!114644,NULL!NULL!NULL!NULL!NULL,NULL!NULL!NULL!NULL!NULL,NULL!NULL!NULL!NULL!NULL,NULL!NULL!NULL!NULL!NULL,NULL,NULL,NULL,NULL,NULL,
3404,CITRUS 12,Yes,Yes,Yes,12,Retain,NULL,Yes,13.2,10.8,13.2,10.8,13.2,10.8,1,1,1,Off,Off,Off,Off,.3741,-.3741,.7482,-.7482,.7482,-.7482,1,1,Off,Off,UseStationFlag,NULL,No,Yes,Yes,NULL,NULL,NULL,NULL,636,NULL,NULL,NULL,NULL,NULL,NULL,NULL,NULL,1!1!1!1,In/Out!In/Out!In/Out!In/Out,Normal!Normal!Normal!Normal,NULL!NULL!NULL!NULL,997!498!997!498,NULL!NULL!NULL!NULL,4!65!66!67,114516!114504!114530!114526,NULL!NULL!NULL!NULL,NULL!NULL!NULL!NULL,NULL!NULL!NULL!NULL,NULL!NULL!NULL!NULL,NULL,NULL,NULL,NULL,NULL,
3411,LARK ELLEN 12,Yes,Yes,Yes,12,Retain,NULL,Yes,13.717,11.223,13.717,11.223,13.717,11.223,1,1,1,Off,Off,Off,Off,.3741,-.3741,.7482,-.7482,.7482,-.7482,1,1,Off,Off,UseStationFlag,NULL,No,Yes,Yes,NULL,NULL,NULL,NULL,628,NULL,NULL,NULL,NULL,NULL,NULL,NULL,NULL,1!1!1!1!1,In/Out!In/Out!In/Out!In/Out!In/Out,Normal!Normal!Normal!Normal!Normal,NULL!NULL!NULL!NULL!NULL,6!12!999!999!997,NULL!NULL!NULL!NULL!NULL,80!81!82!83!85,114721!114732!114739!225494!225498,NULL!NULL!NULL!NULL!NULL,NULL!NULL!NULL!NULL!NULL,NULL!NULL!NULL!NULL!NULL,NULL!NULL!NULL!NULL!NULL,NULL,NULL,NULL,NULL,NULL,
3524,RIO HONDO 12,Yes,Yes,Yes,12,Retain,NULL,Yes,13.717,11.223,13.717,11.223,13.717,11.223,1,1,1,Off,Off,Off,Off,.3741,-.3741,.782,-.782,.782,-.782,1,1,Off,Off,UseStationFlag,NULL,No,Yes,Yes,NULL,NULL,NULL,NULL,630,NULL,NULL,NULL,NULL,NULL,NULL,NULL,NULL,1!1!1!1,In/Out!In/Out!In/Out!In/Out,Normal!Normal!Normal!Normal,NULL!NULL!NULL!NULL,5!11!999!997,NULL!NULL!NULL!NULL,1!2!3!4,122476!122464!4338!4339,NULL!NULL!NULL!NULL,NULL!NULL!NULL!NULL,NULL!NULL!NULL!NULL,NULL!NULL!NULL!NULL,NULL,NULL,NULL,NULL,NULL,
3537,MONROVIA 4,No,Yes,Yes,4,Retain,NULL,Yes,4.796,3.924,4.796,3.924,4.796,3.924,1,1,1,Off,Off,Off,Off,.1308,-.1308,.2616,-.2616,.2616,-.2616,1,1,Off,Off,UseStationFlag,NULL,No,Yes,No,NULL,NULL,NULL,NULL,1392,NULL,NULL,NULL,NULL,NULL,NULL,NULL,NULL,1!1!1,In/Out!In/Out!In/Out,Normal!Normal!Normal,NULL!NULL!NULL,2!8!997,NULL!NULL!NULL,1!2!3,115102!115113!115120,NULL!NULL!NULL,NULL!NULL!NULL,NULL!NULL!NULL,NULL!NULL!NULL,NULL,NULL,NULL,NULL,NULL,
3538,MONROVIA 16,No,Yes,Yes,16,Retain,NULL,Yes,18.15,14.85,18.15,14.85,18.15,14.85,1,1,1,Off,Off,Off,Off,.495,-.495,.99,-.99,.99,-.99,1,1,Off,Off,UseStationFlag,NULL,No,Yes,No,NULL,NULL,NULL,NULL,1392,NULL,NULL,NULL,NULL,NULL,NULL,NULL,NULL,NULL,NULL,NULL,NULL,NULL,NULL,NULL,NULL,NULL,NULL,NULL,NULL,NULL,NULL,NULL,NULL,NULL,
