PointNumber,PointName,LogicalDisplayReference,InitialValue,PropagateInitialValue,SetNonUpdate,ManualOverride,ManualEntry,Events,SmoothingConstant,AlarmDeadBand,ContinuousRecordingDeadband,DisturbanceDeadband,AssetID,PICollection,PIValueTag,PIQualityStorage,PIQualityTag,PIDeadband,ZeroDither,ScalingConversionType,SuppressedZeroThreshold,eDNACollection,eDNAExtIdentifier,eDNAQualityStorage,eDNASecurityGroup,eDNADeadband,PI_ExcMax,URLtype,URLDescription,URL,LogRoutAssnRefName,StationName,GroupName,TriggerRefName,MapboardFunctionGroup,LoLimitReasonability,HiLimitReasonability,UnitName,DataDivisionRefName,DeltaLimitValue,DeltaTimePeriod,TimeDeadband,DeltaMultiplierValue,DisplaySign,InvertSign,PowerArrow,ArrowOrientation,DisplayPoint,DecimalDigits,FieldWidth,AORRefName,MenuRefNumber,AltDataSourcePriority,AltDataSourcePointType,AltDataSourceIdentifier,ReverseSign,AltDataSourceUtilPointType,UtilizationIdentifier,AltDataSourceInitiation,AltDataSourceRestoration,OpcharReferenceName,DeviationCheckDelay,DeviationPercent,Priority,RetryLimit,PointPosition,LayoutType,LayoutNumber,ControlOffset,ControlCoefficient,ControlTransducerType,RawCountDelta,IndicationConversionType,IndicationOffset,IndicationCoefficient1,IndicationCoefficient2,IndicationCoefficient3,IndicationCoefficient4,IndicationCoefficient5,IndicationTransducerType,AnalogDriftRefName,IndicationPointPosition,IndicationLayoutType,IndicationLayoutNumber,IndicationScanBlockRefName,CollectToHistoricalSchedRef,RLControlProgramRefName,ControlStateGroupSet,RLPointPosition,StartControlState,RLLayoutType,RLLayoutNumber,StateControlAssnStateNumber,JogPoint,Command,PulseDuration,OperateTime,DesiredEndState,RLPriority,RLRetryLimit,CntlValidationProgRefName,ValidationVersionNum,WarningRequired,WarningAckRequired,WarningMessage,ActionDescriptionSetRef,CircuitLabelName,SubstationName,DeviceTypeName,LongName,AltLongName,Input_Group_Name,DAL_Control_PointNumber,Limit_Name,Limit_Number,Limit_Processing,Program_Name,High_Limit_4,High_Limit_3,High_Limit_2,High_Limit_1,Low_Limit_1,Low_Limit_2,Low_Limit_3,Low_Limit_4,Percent_Of_Ana_Pnt_Lims,Limits_Analog_Point,DOG_Reference,AlarmProfileReference,OPCTagName,
102641,ZERO REFERENCE,seabright,0,No,Yes,No,Yes,Yes,NULL,.0004921,.0004921,.0004921,NULL,NULL,NULL,NULL,NULL,NULL,NULL,NULL,NULL,Yes,NULL,XA21 Quality,NULL,NULL,NULL,NULL,NULL,NULL,All,SEABRIGHT,NULL,NULL,NULL,-2031.9840088,2031.9840088,COUNTS,LIG DAC2 Telem,NULL,NULL,NULL,NULL,No,No,No,NULL,Yes,2,7,ALL-HINSON,NULL,NULL,NULL,NULL,NULL,NULL,NULL,NULL,NULL,NULL,NULL,NULL,NULL,NULL,NULL,NULL,NULL,NULL,NULL,NULL,2,l,0,.9995003,NULL,NULL,NULL,NULL,DblPrOffsetBinaryH/L,NULL,1,CDCType1,8261,SCE Analog,NULL,NULL,NULL,NULL,NULL,NULL,NULL,NULL,NULL,NULL,NULL,NULL,NULL,NULL,NULL,NULL,NULL,NULL,NULL,NULL,NULL,NULL,NULL,NULL,NULL,NULL,NULL,NULL,State_0,0,Values,NULL,NULL,NULL,NULL,2031,-2031,NULL,NULL,NULL,NULL,NULL,1!2!3,Class 15!Class 15!Class 15,NULL,
102642,FULL SCALE REF,seabright,2000,No,Yes,No,Yes,Yes,NULL,.0004921,.0004921,.0004921,NULL,NULL,NULL,NULL,NULL,NULL,NULL,NULL,NULL,Yes,NULL,XA21 Quality,NULL,NULL,NULL,NULL,NULL,NULL,All,SEABRIGHT,NULL,NULL,NULL,-2031.9840088,2031.9840088,COUNTS,LIG DAC2 Telem,NULL,NULL,NULL,NULL,No,No,No,NULL,Yes,2,7,ALL-HINSON,NULL,NULL,NULL,NULL,NULL,NULL,NULL,NULL,NULL,NULL,NULL,NULL,NULL,NULL,NULL,NULL,NULL,NULL,NULL,NULL,2,l,0,.9995003,NULL,NULL,NULL,NULL,DblPrOffsetBinaryH/L,NULL,1,CDCType1,8262,SCE Analog,NULL,NULL,NULL,NULL,NULL,NULL,NULL,NULL,NULL,NULL,NULL,NULL,NULL,NULL,NULL,NULL,NULL,NULL,NULL,NULL,NULL,NULL,NULL,NULL,NULL,NULL,NULL,NULL,State_0,0,Values,NULL,NULL,NULL,NULL,2031,-2031,NULL,NULL,NULL,NULL,NULL,1!2!3,Class 15!Class 15!Class 15,NULL,
102643,AMBIENT TEMP,seabright,-100,No,Yes,No,Yes,Yes,NULL,.0108333,.0108333,.0108333,NULL,NULL,NULL,NULL,NULL,NULL,NULL,NULL,NULL,Yes,NULL,XA21 Quality,NULL,NULL,NULL,NULL,NULL,NULL,All,SEABRIGHT,NULL,NULL,NULL,-400,200,DEG,LIG DAC2 Telem,NULL,NULL,NULL,NULL,No,No,No,NULL,Yes,2,7,ALL-HINSON,NULL,NULL,NULL,NULL,NULL,NULL,NULL,NULL,NULL,NULL,NULL,NULL,NULL,NULL,NULL,NULL,NULL,NULL,NULL,NULL,2,l,-100,.149925,NULL,NULL,NULL,NULL,DblPrOffsetBinaryH/L,NULL,1,CDCType1,8263,SCE Analog,NULL,NULL,NULL,NULL,NULL,NULL,NULL,NULL,NULL,NULL,NULL,NULL,NULL,NULL,NULL,NULL,NULL,NULL,NULL,NULL,NULL,NULL,NULL,NULL,NULL,NULL,NULL,NULL,State_0,0,Values,NULL,NULL,NULL,NULL,200,-400,NULL,NULL,NULL,NULL,NULL,1!2!3,Class 15!Class 15!Class 15,NULL,
102644,NO.1 BK 12KV VOLT,seabright,0,No,Yes,No,Yes,Yes,NULL,.0125,.0125,.0125,NULL,NULL,NULL,NULL,NULL,NULL,NULL,NULL,NULL,Yes,NULL,XA21 Quality,NULL,NULL,NULL,NULL,NULL,NULL,All,SEABRIGHT,NULL,NULL,NULL,-5,15,VOLTS,LIG DAC2 Telem,NULL,NULL,NULL,NULL,No,No,No,NULL,Yes,2,7,ALL-HINSON,NULL,NULL,NULL,NULL,NULL,NULL,NULL,NULL,NULL,NULL,NULL,NULL,NULL,NULL,NULL,NULL,NULL,NULL,NULL,NULL,2,l,0,.0074963,NULL,NULL,NULL,NULL,DblPrOffsetBinaryH/L,NULL,1,CDCType1,8264,SCE Analog,NULL,NULL,NULL,NULL,NULL,NULL,NULL,NULL,NULL,NULL,NULL,NULL,NULL,NULL,NULL,NULL,NULL,NULL,NULL,NULL,NULL,NULL,NULL,NULL,NULL,NULL,NULL,NULL,State_0,0,Values,NULL,NULL,NULL,NULL,15,9,NULL,NULL,NULL,NULL,NULL,1!2!3,Class 6!Class 15!Class 6,NULL,
102645,NO.2 BK 12KV VOLT,seabright,0,No,Yes,No,Yes,Yes,NULL,.0125,.0125,.0125,NULL,NULL,NULL,NULL,NULL,NULL,NULL,NULL,NULL,Yes,NULL,XA21 Quality,NULL,NULL,NULL,NULL,NULL,NULL,All,SEABRIGHT,NULL,NULL,NULL,-5,15,VOLTS,LIG DAC2 Telem,NULL,NULL,NULL,NULL,No,No,No,NULL,Yes,2,7,ALL-HINSON,NULL,NULL,NULL,NULL,NULL,NULL,NULL,NULL,NULL,NULL,NULL,NULL,NULL,NULL,NULL,NULL,NULL,NULL,NULL,NULL,2,l,0,.0074963,NULL,NULL,NULL,NULL,DblPrOffsetBinaryH/L,NULL,1,CDCType1,8265,SCE Analog,NULL,NULL,NULL,NULL,NULL,NULL,NULL,NULL,NULL,NULL,NULL,NULL,NULL,NULL,NULL,NULL,NULL,NULL,NULL,NULL,NULL,NULL,NULL,NULL,NULL,NULL,NULL,NULL,State_0,0,Values,NULL,NULL,NULL,NULL,15,9,NULL,NULL,NULL,NULL,NULL,1!2!3,Class 6!Class 15!Class 6,NULL,
102646,CHERRY 66KV IB,seabright,0,No,Yes,No,Yes,Yes,NULL,.0251042,.0251042,.0251042,NULL,NULL,NULL,NULL,NULL,NULL,NULL,NULL,NULL,Yes,NULL,XA21 Quality,NULL,NULL,NULL,NULL,NULL,NULL,All,SEABRIGHT,NULL,NULL,NULL,-2400,2400,AMPS,LIG DAC2 Telem,NULL,NULL,NULL,NULL,No,No,No,NULL,Yes,2,7,ALL-HINSON,NULL,NULL,NULL,NULL,NULL,NULL,NULL,NULL,NULL,NULL,NULL,NULL,NULL,NULL,NULL,NULL,NULL,NULL,NULL,NULL,2,l,0,1.1994003,NULL,NULL,NULL,NULL,DblPrOffsetBinaryH/L,NULL,1,CDCType1,8266,SCE Analog,NULL,NULL,NULL,NULL,NULL,NULL,NULL,NULL,NULL,NULL,NULL,NULL,NULL,NULL,NULL,NULL,NULL,NULL,NULL,NULL,NULL,NULL,NULL,NULL,NULL,NULL,NULL,NULL,State_0,0,Values,NULL,NULL,NULL,NULL,695,-2400,NULL,NULL,NULL,NULL,NULL,1!2!3,Class 6!Class 15!Class 6,NULL,
102647,HINSON 66KV IB,seabright,0,No,Yes,No,Yes,Yes,NULL,.0251042,.0251042,.0251042,NULL,NULL,NULL,NULL,NULL,NULL,NULL,NULL,NULL,Yes,NULL,XA21 Quality,NULL,NULL,NULL,NULL,NULL,NULL,All,SEABRIGHT,NULL,NULL,NULL,-2400,2400,AMPS,LIG DAC2 Telem,NULL,NULL,NULL,NULL,No,No,No,NULL,Yes,2,7,ALL-HINSON,NULL,NULL,NULL,NULL,NULL,NULL,NULL,NULL,NULL,NULL,NULL,NULL,NULL,NULL,NULL,NULL,NULL,NULL,NULL,NULL,2,l,0,1.1994003,NULL,NULL,NULL,NULL,DblPrOffsetBinaryH/L,NULL,1,CDCType1,8267,SCE Analog,NULL,NULL,NULL,NULL,NULL,NULL,NULL,NULL,NULL,NULL,NULL,NULL,NULL,NULL,NULL,NULL,NULL,NULL,NULL,NULL,NULL,NULL,NULL,NULL,NULL,NULL,NULL,NULL,State_0,0,Values,NULL,NULL,NULL,NULL,430,-2400,NULL,NULL,NULL,NULL,NULL,1!2!3,Class 6!Class 15!Class 6,NULL,
102648,PICO - PIER 66KV IB,seabright,0,No,Yes,No,Yes,Yes,NULL,.0251042,.0251042,.0251042,NULL,NULL,NULL,NULL,NULL,NULL,NULL,NULL,NULL,Yes,NULL,XA21 Quality,NULL,NULL,NULL,NULL,NULL,NULL,All,SEABRIGHT,NULL,NULL,NULL,-2400,2400,AMPS,LIG DAC2 Telem,NULL,NULL,NULL,NULL,No,No,No,NULL,Yes,2,7,ALL-HINSON,NULL,NULL,NULL,NULL,NULL,NULL,NULL,NULL,NULL,NULL,NULL,NULL,NULL,NULL,NULL,NULL,NULL,NULL,NULL,NULL,2,l,0,1.1994003,NULL,NULL,NULL,NULL,DblPrOffsetBinaryH/L,NULL,1,CDCType1,8268,SCE Analog,NULL,NULL,NULL,NULL,NULL,NULL,NULL,NULL,NULL,NULL,NULL,NULL,NULL,NULL,NULL,NULL,NULL,NULL,NULL,NULL,NULL,NULL,NULL,NULL,NULL,NULL,NULL,NULL,State_0,0,Values,NULL,NULL,NULL,NULL,735,-2400,NULL,NULL,NULL,NULL,NULL,1!2!3,Class 6!Class 15!Class 6,NULL,
102649,LONG BCH 66KV IB,seabright,0,No,Yes,No,Yes,Yes,NULL,.0251042,.0251042,.0251042,NULL,NULL,NULL,NULL,NULL,NULL,NULL,NULL,NULL,Yes,NULL,XA21 Quality,NULL,NULL,NULL,NULL,NULL,NULL,All,SEABRIGHT,NULL,NULL,NULL,-2400,2400,AMPS,LIG DAC2 Telem,NULL,NULL,NULL,NULL,No,No,No,NULL,Yes,2,7,ALL-HINSON,NULL,NULL,NULL,NULL,NULL,NULL,NULL,NULL,NULL,NULL,NULL,NULL,NULL,NULL,NULL,NULL,NULL,NULL,NULL,NULL,2,l,0,1.1994003,NULL,NULL,NULL,NULL,DblPrOffsetBinaryH/L,NULL,1,CDCType1,8269,SCE Analog,NULL,NULL,NULL,NULL,NULL,NULL,NULL,NULL,NULL,NULL,NULL,NULL,NULL,NULL,NULL,NULL,NULL,NULL,NULL,NULL,NULL,NULL,NULL,NULL,NULL,NULL,NULL,NULL,State_0,0,Values,NULL,NULL,NULL,NULL,695,-2400,NULL,NULL,NULL,NULL,NULL,1!2!3,Class 6!Class 15!Class 6,NULL,
102650,BUS TIE 66KV IB,seabright,0,No,Yes,No,Yes,Yes,NULL,.0251042,.0251042,.0251042,NULL,NULL,NULL,NULL,NULL,NULL,NULL,NULL,NULL,Yes,NULL,XA21 Quality,NULL,NULL,NULL,NULL,NULL,NULL,All,SEABRIGHT,NULL,NULL,NULL,-2400,2400,AMPS,LIG DAC2 Telem,NULL,NULL,NULL,NULL,No,No,No,NULL,Yes,2,7,ALL-HINSON,NULL,NULL,NULL,NULL,NULL,NULL,NULL,NULL,NULL,NULL,NULL,NULL,NULL,NULL,NULL,NULL,NULL,NULL,NULL,NULL,2,l,0,1.1994003,NULL,NULL,NULL,NULL,DblPrOffsetBinaryH/L,NULL,1,CDCType1,8270,SCE Analog,NULL,NULL,NULL,NULL,NULL,NULL,NULL,NULL,NULL,NULL,NULL,NULL,NULL,NULL,NULL,NULL,NULL,NULL,NULL,NULL,NULL,NULL,NULL,NULL,NULL,NULL,NULL,NULL,State_0,0,Values,NULL,NULL,NULL,NULL,480,-2400,NULL,NULL,NULL,NULL,NULL,1!2!3,Class 6!Class 15!Class 6,NULL,
102651,66KV NEUTRAL  AMPS,seabright,0,No,Yes,No,Yes,Yes,NULL,.02625,.02625,.02625,NULL,NULL,NULL,NULL,NULL,NULL,NULL,NULL,NULL,Yes,NULL,XA21 Quality,NULL,NULL,NULL,NULL,NULL,NULL,All,SEABRIGHT,NULL,NULL,NULL,-200,200,AMPS,LIG DAC2 Telem,NULL,NULL,NULL,NULL,No,No,No,NULL,Yes,2,7,ALL-HINSON,NULL,NULL,NULL,NULL,NULL,NULL,NULL,NULL,NULL,NULL,NULL,NULL,NULL,NULL,NULL,NULL,NULL,NULL,NULL,NULL,2,l,0,.09995,NULL,NULL,NULL,NULL,DblPrOffsetBinaryH/L,NULL,1,CDCType1,8271,SCE Analog,NULL,NULL,NULL,NULL,NULL,NULL,NULL,NULL,NULL,NULL,NULL,NULL,NULL,NULL,NULL,NULL,NULL,NULL,NULL,NULL,NULL,NULL,NULL,NULL,NULL,NULL,NULL,NULL,State_0,0,Values,NULL,NULL,NULL,NULL,200,-200,NULL,NULL,NULL,NULL,NULL,1!2!3,Class 6!Class 15!Class 6,NULL,
102652,NO.1 BK 12KV MW,seabright,0,No,Yes,No,Yes,Yes,NULL,.0365,.0365,.0365,NULL,NULL,NULL,NULL,NULL,NULL,NULL,NULL,NULL,Yes,NULL,XA21 Quality,NULL,NULL,NULL,NULL,NULL,NULL,All,SEABRIGHT,NULL,NULL,NULL,-5,49.6800003,MW,LIG DAC2 Telem,NULL,NULL,NULL,NULL,No,No,No,NULL,Yes,2,7,ALL-HINSON,NULL,NULL,NULL,NULL,NULL,NULL,NULL,NULL,NULL,NULL,NULL,NULL,NULL,NULL,NULL,NULL,NULL,NULL,NULL,NULL,2,l,0,.0248276,NULL,NULL,NULL,NULL,DblPrOffsetBinaryH/L,NULL,1,CDCType1,8272,SCE Analog,NULL,NULL,NULL,NULL,NULL,NULL,NULL,NULL,NULL,NULL,NULL,NULL,NULL,NULL,NULL,NULL,NULL,NULL,NULL,NULL,NULL,NULL,NULL,NULL,NULL,NULL,NULL,NULL,State_0,0,Values,NULL,NULL,NULL,NULL,49,-5,NULL,NULL,NULL,NULL,NULL,1!2!3,Class 15!Class 15!Class 15,NULL,
102653,NO.1 BK 12KV MVAR,seabright,0,No,Yes,No,Yes,Yes,NULL,.0493156,.0493156,.0493156,NULL,NULL,NULL,NULL,NULL,NULL,NULL,NULL,NULL,Yes,NULL,XA21 Quality,NULL,NULL,NULL,NULL,NULL,NULL,All,SEABRIGHT,NULL,NULL,NULL,-49.6800003,49.6800003,MVAR,LIG DAC2 Telem,NULL,NULL,NULL,NULL,No,No,No,NULL,Yes,2,7,ALL-HINSON,NULL,NULL,NULL,NULL,NULL,NULL,NULL,NULL,NULL,NULL,NULL,NULL,NULL,NULL,NULL,NULL,NULL,NULL,NULL,NULL,2,l,0,.0248276,NULL,NULL,NULL,NULL,DblPrOffsetBinaryH/L,NULL,1,CDCType1,8273,SCE Analog,NULL,NULL,NULL,NULL,NULL,NULL,NULL,NULL,NULL,NULL,NULL,NULL,NULL,NULL,NULL,NULL,NULL,NULL,NULL,NULL,NULL,NULL,NULL,NULL,NULL,NULL,NULL,NULL,State_0,0,Values,NULL,NULL,NULL,NULL,49,-49,NULL,NULL,NULL,NULL,NULL,1!2!3,Class 15!Class 15!Class 15,NULL,
102654,NO.1 BK 12KV IA,seabright,0,No,Yes,No,Yes,Yes,NULL,.0497,.0497,.0497,NULL,NULL,NULL,NULL,NULL,NULL,NULL,NULL,NULL,Yes,NULL,XA21 Quality,NULL,NULL,NULL,NULL,NULL,NULL,All,SEABRIGHT,NULL,NULL,NULL,-10,2000,AMPS,LIG DAC2 Telem,NULL,NULL,NULL,NULL,No,No,No,NULL,Yes,2,7,ALL-HINSON,NULL,NULL,NULL,NULL,NULL,NULL,NULL,NULL,NULL,NULL,NULL,NULL,NULL,NULL,NULL,NULL,NULL,NULL,NULL,NULL,2,l,0,.9995003,NULL,NULL,NULL,NULL,DblPrOffsetBinaryH/L,NULL,1,CDCType1,8274,SCE Analog,NULL,NULL,NULL,NULL,NULL,NULL,NULL,NULL,NULL,NULL,NULL,NULL,NULL,NULL,NULL,NULL,NULL,NULL,NULL,NULL,NULL,NULL,NULL,NULL,NULL,NULL,NULL,NULL,State_0,0,Values,NULL,NULL,NULL,NULL,1020,-10,NULL,NULL,NULL,NULL,NULL,1!2!3,Class 6!Class 15!Class 6,NULL,
102655,NO.1 BK 12KV IB,seabright,0,No,Yes,No,Yes,Yes,NULL,.0497,.0497,.0497,NULL,NULL,NULL,NULL,NULL,NULL,NULL,NULL,NULL,Yes,NULL,XA21 Quality,NULL,NULL,NULL,NULL,NULL,NULL,All,SEABRIGHT,NULL,NULL,NULL,-10,2000,AMPS,LIG DAC2 Telem,NULL,NULL,NULL,NULL,No,No,No,NULL,Yes,2,7,ALL-HINSON,NULL,NULL,NULL,NULL,NULL,NULL,NULL,NULL,NULL,NULL,NULL,NULL,NULL,NULL,NULL,NULL,NULL,NULL,NULL,NULL,2,l,0,.9995003,NULL,NULL,NULL,NULL,DblPrOffsetBinaryH/L,NULL,1,CDCType1,8275,SCE Analog,NULL,NULL,NULL,NULL,NULL,NULL,NULL,NULL,NULL,NULL,NULL,NULL,NULL,NULL,NULL,NULL,NULL,NULL,NULL,NULL,NULL,NULL,NULL,NULL,NULL,NULL,NULL,NULL,State_0,0,Values,NULL,NULL,NULL,NULL,1020,-10,NULL,NULL,NULL,NULL,NULL,1!2!3,Class 6!Class 15!Class 6,NULL,
102656,NO.1 BK 12KV IC,seabright,0,No,Yes,No,Yes,Yes,NULL,.0497,.0497,.0497,NULL,NULL,NULL,NULL,NULL,NULL,NULL,NULL,NULL,Yes,NULL,XA21 Quality,NULL,NULL,NULL,NULL,NULL,NULL,All,SEABRIGHT,NULL,NULL,NULL,-10,2000,AMPS,LIG DAC2 Telem,NULL,NULL,NULL,NULL,No,No,No,NULL,Yes,2,7,ALL-HINSON,NULL,NULL,NULL,NULL,NULL,NULL,NULL,NULL,NULL,NULL,NULL,NULL,NULL,NULL,NULL,NULL,NULL,NULL,NULL,NULL,2,l,0,.9995003,NULL,NULL,NULL,NULL,DblPrOffsetBinaryH/L,NULL,1,CDCType1,8276,SCE Analog,NULL,NULL,NULL,NULL,NULL,NULL,NULL,NULL,NULL,NULL,NULL,NULL,NULL,NULL,NULL,NULL,NULL,NULL,NULL,NULL,NULL,NULL,NULL,NULL,NULL,NULL,NULL,NULL,State_0,0,Values,NULL,NULL,NULL,NULL,1020,-10,NULL,NULL,NULL,NULL,NULL,1!2!3,Class 6!Class 15!Class 6,NULL,
102657,NO.2 BK 12KV MW,seabright,0,No,Yes,No,Yes,Yes,NULL,.0365,.0365,.0365,NULL,NULL,NULL,NULL,NULL,NULL,NULL,NULL,NULL,Yes,NULL,XA21 Quality,NULL,NULL,NULL,NULL,NULL,NULL,All,SEABRIGHT,NULL,NULL,NULL,-5,49.6800003,MW,LIG DAC2 Telem,NULL,NULL,NULL,NULL,No,No,No,NULL,Yes,2,7,ALL-HINSON,NULL,NULL,NULL,NULL,NULL,NULL,NULL,NULL,NULL,NULL,NULL,NULL,NULL,NULL,NULL,NULL,NULL,NULL,NULL,NULL,2,l,0,.0248276,NULL,NULL,NULL,NULL,DblPrOffsetBinaryH/L,NULL,1,CDCType1,8277,SCE Analog,NULL,NULL,NULL,NULL,NULL,NULL,NULL,NULL,NULL,NULL,NULL,NULL,NULL,NULL,NULL,NULL,NULL,NULL,NULL,NULL,NULL,NULL,NULL,NULL,NULL,NULL,NULL,NULL,State_0,0,Values,NULL,NULL,NULL,NULL,49,-5,NULL,NULL,NULL,NULL,NULL,1!2!3,Class 15!Class 15!Class 15,NULL,
102658,NO.2 BK 12KV MVAR,seabright,0,No,Yes,No,Yes,Yes,NULL,.0493156,.0493156,.0493156,NULL,NULL,NULL,NULL,NULL,NULL,NULL,NULL,NULL,Yes,NULL,XA21 Quality,NULL,NULL,NULL,NULL,NULL,NULL,All,SEABRIGHT,NULL,NULL,NULL,-49.6800003,49.6800003,MVAR,LIG DAC2 Telem,NULL,NULL,NULL,NULL,No,No,No,NULL,Yes,2,7,ALL-HINSON,NULL,NULL,NULL,NULL,NULL,NULL,NULL,NULL,NULL,NULL,NULL,NULL,NULL,NULL,NULL,NULL,NULL,NULL,NULL,NULL,2,l,0,.0248276,NULL,NULL,NULL,NULL,DblPrOffsetBinaryH/L,NULL,1,CDCType1,8278,SCE Analog,NULL,NULL,NULL,NULL,NULL,NULL,NULL,NULL,NULL,NULL,NULL,NULL,NULL,NULL,NULL,NULL,NULL,NULL,NULL,NULL,NULL,NULL,NULL,NULL,NULL,NULL,NULL,NULL,State_0,0,Values,NULL,NULL,NULL,NULL,49,-49,NULL,NULL,NULL,NULL,NULL,1!2!3,Class 15!Class 15!Class 15,NULL,
102659,NO.2 BK 12KV IA,seabright,0,No,Yes,No,Yes,Yes,NULL,.0497,.0497,.0497,NULL,NULL,NULL,NULL,NULL,NULL,NULL,NULL,NULL,Yes,NULL,XA21 Quality,NULL,NULL,NULL,NULL,NULL,NULL,All,SEABRIGHT,NULL,NULL,NULL,-10,2000,AMPS,LIG DAC2 Telem,NULL,NULL,NULL,NULL,No,No,No,NULL,Yes,2,7,ALL-HINSON,NULL,NULL,NULL,NULL,NULL,NULL,NULL,NULL,NULL,NULL,NULL,NULL,NULL,NULL,NULL,NULL,NULL,NULL,NULL,NULL,2,l,0,.9995003,NULL,NULL,NULL,NULL,DblPrOffsetBinaryH/L,NULL,1,CDCType1,8279,SCE Analog,NULL,NULL,NULL,NULL,NULL,NULL,NULL,NULL,NULL,NULL,NULL,NULL,NULL,NULL,NULL,NULL,NULL,NULL,NULL,NULL,NULL,NULL,NULL,NULL,NULL,NULL,NULL,NULL,State_0,0,Values,NULL,NULL,NULL,NULL,1020,-10,NULL,NULL,NULL,NULL,NULL,1!2!3,Class 6!Class 15!Class 6,NULL,
102660,NO.2 BK 12KV IB,seabright,0,No,Yes,No,Yes,Yes,NULL,.0497,.0497,.0497,NULL,NULL,NULL,NULL,NULL,NULL,NULL,NULL,NULL,Yes,NULL,XA21 Quality,NULL,NULL,NULL,NULL,NULL,NULL,All,SEABRIGHT,NULL,NULL,NULL,-10,2000,AMPS,LIG DAC2 Telem,NULL,NULL,NULL,NULL,No,No,No,NULL,Yes,2,7,ALL-HINSON,NULL,NULL,NULL,NULL,NULL,NULL,NULL,NULL,NULL,NULL,NULL,NULL,NULL,NULL,NULL,NULL,NULL,NULL,NULL,NULL,2,l,0,.9995003,NULL,NULL,NULL,NULL,DblPrOffsetBinaryH/L,NULL,1,CDCType1,8280,SCE Analog,NULL,NULL,NULL,NULL,NULL,NULL,NULL,NULL,NULL,NULL,NULL,NULL,NULL,NULL,NULL,NULL,NULL,NULL,NULL,NULL,NULL,NULL,NULL,NULL,NULL,NULL,NULL,NULL,State_0,0,Values,NULL,NULL,NULL,NULL,1020,-10,NULL,NULL,NULL,NULL,NULL,1!2!3,Class 6!Class 15!Class 6,NULL,
102661,NO.2 BK 12KV IC,seabright,0,No,Yes,No,Yes,Yes,NULL,.0497,.0497,.0497,NULL,NULL,NULL,NULL,NULL,NULL,NULL,NULL,NULL,Yes,NULL,XA21 Quality,NULL,NULL,NULL,NULL,NULL,NULL,All,SEABRIGHT,NULL,NULL,NULL,-10,2000,AMPS,LIG DAC2 Telem,NULL,NULL,NULL,NULL,No,No,No,NULL,Yes,2,7,ALL-HINSON,NULL,NULL,NULL,NULL,NULL,NULL,NULL,NULL,NULL,NULL,NULL,NULL,NULL,NULL,NULL,NULL,NULL,NULL,NULL,NULL,2,l,0,.9995003,NULL,NULL,NULL,NULL,DblPrOffsetBinaryH/L,NULL,1,CDCType1,8281,SCE Analog,NULL,NULL,NULL,NULL,NULL,NULL,NULL,NULL,NULL,NULL,NULL,NULL,NULL,NULL,NULL,NULL,NULL,NULL,NULL,NULL,NULL,NULL,NULL,NULL,NULL,NULL,NULL,NULL,State_0,0,Values,NULL,NULL,NULL,NULL,1020,-10,NULL,NULL,NULL,NULL,NULL,1!2!3,Class 6!Class 15!Class 6,NULL,
102662,P + G    MVAR,seabright,0,No,Yes,No,Yes,Yes,NULL,.05,.05,.05,NULL,NULL,NULL,NULL,NULL,NULL,NULL,NULL,NULL,Yes,NULL,XA21 Quality,NULL,NULL,NULL,NULL,NULL,NULL,All,SEABRIGHT,NULL,NULL,NULL,-18,18,MVAR,LIG DAC2 Telem,NULL,NULL,NULL,NULL,No,No,No,NULL,Yes,2,7,ALL-HINSON,NULL,NULL,NULL,NULL,NULL,NULL,NULL,NULL,NULL,NULL,NULL,NULL,NULL,NULL,NULL,NULL,NULL,NULL,NULL,NULL,2,l,0,.0089955,NULL,NULL,NULL,NULL,DblPrOffsetBinaryH/L,NULL,1,CDCType1,8282,SCE Analog,NULL,NULL,NULL,NULL,NULL,NULL,NULL,NULL,NULL,NULL,NULL,NULL,NULL,NULL,NULL,NULL,NULL,NULL,NULL,NULL,NULL,NULL,NULL,NULL,NULL,NULL,NULL,NULL,State_0,0,Values,NULL,NULL,NULL,NULL,18,-18,NULL,NULL,NULL,NULL,NULL,1!2!3,Class 15!Class 15!Class 15,NULL,
102663,P + G IA,seabright,0,No,Yes,No,Yes,Yes,NULL,.041322,.041322,.041322,NULL,NULL,NULL,NULL,NULL,NULL,NULL,NULL,NULL,Yes,NULL,XA21 Quality,NULL,NULL,NULL,NULL,NULL,NULL,All,SEABRIGHT,NULL,NULL,NULL,-10,1200,AMPS,LIG DAC2 Telem,NULL,NULL,NULL,NULL,No,No,No,NULL,Yes,2,7,ALL-HINSON,NULL,NULL,NULL,NULL,NULL,NULL,NULL,NULL,NULL,NULL,NULL,NULL,NULL,NULL,NULL,NULL,NULL,NULL,NULL,NULL,2,l,0,.5997002,NULL,NULL,NULL,NULL,DblPrOffsetBinaryH/L,NULL,1,CDCType1,8283,SCE Analog,NULL,NULL,NULL,NULL,NULL,NULL,NULL,NULL,NULL,NULL,NULL,NULL,NULL,NULL,NULL,NULL,NULL,NULL,NULL,NULL,NULL,NULL,NULL,NULL,NULL,NULL,NULL,NULL,State_0,0,Values,NULL,NULL,NULL,NULL,575,-10,NULL,NULL,NULL,NULL,NULL,1!2!3,Class 6!Class 15!Class 6,NULL,
102664,P + G IB,seabright,0,No,Yes,No,Yes,Yes,NULL,.041322,.041322,.041322,NULL,NULL,NULL,NULL,NULL,NULL,NULL,NULL,NULL,Yes,NULL,XA21 Quality,NULL,NULL,NULL,NULL,NULL,NULL,All,SEABRIGHT,NULL,NULL,NULL,-10,1200,AMPS,LIG DAC2 Telem,NULL,NULL,NULL,NULL,No,No,No,NULL,Yes,2,7,ALL-HINSON,NULL,NULL,NULL,NULL,NULL,NULL,NULL,NULL,NULL,NULL,NULL,NULL,NULL,NULL,NULL,NULL,NULL,NULL,NULL,NULL,2,l,0,.5997002,NULL,NULL,NULL,NULL,DblPrOffsetBinaryH/L,NULL,1,CDCType1,8284,SCE Analog,NULL,NULL,NULL,NULL,NULL,NULL,NULL,NULL,NULL,NULL,NULL,NULL,NULL,NULL,NULL,NULL,NULL,NULL,NULL,NULL,NULL,NULL,NULL,NULL,NULL,NULL,NULL,NULL,State_0,0,Values,NULL,NULL,NULL,NULL,575,-10,NULL,NULL,NULL,NULL,NULL,1!2!3,Class 6!Class 15!Class 6,NULL,
102665,P + G IC,seabright,0,No,Yes,No,Yes,Yes,NULL,.041322,.041322,.041322,NULL,NULL,NULL,NULL,NULL,NULL,NULL,NULL,NULL,Yes,NULL,XA21 Quality,NULL,NULL,NULL,NULL,NULL,NULL,All,SEABRIGHT,NULL,NULL,NULL,-10,1200,AMPS,LIG DAC2 Telem,NULL,NULL,NULL,NULL,No,No,No,NULL,Yes,2,7,ALL-HINSON,NULL,NULL,NULL,NULL,NULL,NULL,NULL,NULL,NULL,NULL,NULL,NULL,NULL,NULL,NULL,NULL,NULL,NULL,NULL,NULL,2,l,0,.5997002,NULL,NULL,NULL,NULL,DblPrOffsetBinaryH/L,NULL,1,CDCType1,8285,SCE Analog,NULL,NULL,NULL,NULL,NULL,NULL,NULL,NULL,NULL,NULL,NULL,NULL,NULL,NULL,NULL,NULL,NULL,NULL,NULL,NULL,NULL,NULL,NULL,NULL,NULL,NULL,NULL,NULL,State_0,0,Values,NULL,NULL,NULL,NULL,575,-10,NULL,NULL,NULL,NULL,NULL,1!2!3,Class 6!Class 15!Class 6,NULL,
102666,P + G IN,seabright,0,No,Yes,No,Yes,Yes,NULL,.004132,.004132,.004132,NULL,NULL,NULL,NULL,NULL,NULL,NULL,NULL,NULL,Yes,NULL,XA21 Quality,NULL,NULL,NULL,NULL,NULL,NULL,All,SEABRIGHT,NULL,NULL,NULL,-10,1200,AMPS,LIG DAC2 Telem,NULL,NULL,NULL,NULL,No,No,No,NULL,Yes,2,7,ALL-HINSON,NULL,NULL,NULL,NULL,NULL,NULL,NULL,NULL,NULL,NULL,NULL,NULL,NULL,NULL,NULL,NULL,NULL,NULL,NULL,NULL,2,l,0,.5997002,NULL,NULL,NULL,NULL,DblPrOffsetBinaryH/L,NULL,1,CDCType1,8286,SCE Analog,NULL,NULL,NULL,NULL,NULL,NULL,NULL,NULL,NULL,NULL,NULL,NULL,NULL,NULL,NULL,NULL,NULL,NULL,NULL,NULL,NULL,NULL,NULL,NULL,NULL,NULL,NULL,NULL,State_0,0,Values,NULL,NULL,NULL,NULL,20,-10,NULL,NULL,NULL,NULL,NULL,1!2!3,Class 6!Class 15!Class 6,NULL,
102667,CARGO    MVAR,seabright,0,No,Yes,No,Yes,Yes,NULL,.05,.05,.05,NULL,NULL,NULL,NULL,NULL,NULL,NULL,NULL,NULL,Yes,NULL,XA21 Quality,NULL,NULL,NULL,NULL,NULL,NULL,All,SEABRIGHT,NULL,NULL,NULL,-15,15,MVAR,LIG DAC2 Telem,NULL,NULL,NULL,NULL,No,No,No,NULL,Yes,2,7,ALL-HINSON,NULL,NULL,NULL,NULL,NULL,NULL,NULL,NULL,NULL,NULL,NULL,NULL,NULL,NULL,NULL,NULL,NULL,NULL,NULL,NULL,2,l,0,.0074963,NULL,NULL,NULL,NULL,DblPrOffsetBinaryH/L,NULL,1,CDCType1,8287,SCE Analog,NULL,NULL,NULL,NULL,NULL,NULL,NULL,NULL,NULL,NULL,NULL,NULL,NULL,NULL,NULL,NULL,NULL,NULL,NULL,NULL,NULL,NULL,NULL,NULL,NULL,NULL,NULL,NULL,State_0,0,Values,NULL,NULL,NULL,NULL,15,-15,NULL,NULL,NULL,NULL,NULL,1!2!3,Class 15!Class 15!Class 15,NULL,
102668,CARGO IA,seabright,0,No,Yes,No,Yes,Yes,NULL,.049504,.049504,.049504,NULL,NULL,NULL,NULL,NULL,NULL,NULL,NULL,NULL,Yes,NULL,XA21 Quality,NULL,NULL,NULL,NULL,NULL,NULL,All,SEABRIGHT,NULL,NULL,NULL,-10,1000,AMPS,LIG DAC2 Telem,NULL,NULL,NULL,NULL,No,No,No,NULL,Yes,2,7,ALL-HINSON,NULL,NULL,NULL,NULL,NULL,NULL,NULL,NULL,NULL,NULL,NULL,NULL,NULL,NULL,NULL,NULL,NULL,NULL,NULL,NULL,2,l,0,.4997501,NULL,NULL,NULL,NULL,DblPrOffsetBinaryH/L,NULL,1,CDCType1,8288,SCE Analog,NULL,NULL,NULL,NULL,NULL,NULL,NULL,NULL,NULL,NULL,NULL,NULL,NULL,NULL,NULL,NULL,NULL,NULL,NULL,NULL,NULL,NULL,NULL,NULL,NULL,NULL,NULL,NULL,State_0,0,Values,NULL,NULL,NULL,NULL,560,-10,NULL,NULL,NULL,NULL,NULL,1!2!3,Class 6!Class 15!Class 6,NULL,
102669,CARGO IB,seabright,0,No,Yes,No,Yes,Yes,NULL,.049504,.049504,.049504,NULL,NULL,NULL,NULL,NULL,NULL,NULL,NULL,NULL,Yes,NULL,XA21 Quality,NULL,NULL,NULL,NULL,NULL,NULL,All,SEABRIGHT,NULL,NULL,NULL,-10,1000,AMPS,LIG DAC2 Telem,NULL,NULL,NULL,NULL,No,No,No,NULL,Yes,2,7,ALL-HINSON,NULL,NULL,NULL,NULL,NULL,NULL,NULL,NULL,NULL,NULL,NULL,NULL,NULL,NULL,NULL,NULL,NULL,NULL,NULL,NULL,2,l,0,.4997501,NULL,NULL,NULL,NULL,DblPrOffsetBinaryH/L,NULL,1,CDCType1,8289,SCE Analog,NULL,NULL,NULL,NULL,NULL,NULL,NULL,NULL,NULL,NULL,NULL,NULL,NULL,NULL,NULL,NULL,NULL,NULL,NULL,NULL,NULL,NULL,NULL,NULL,NULL,NULL,NULL,NULL,State_0,0,Values,NULL,NULL,NULL,NULL,560,-10,NULL,NULL,NULL,NULL,NULL,1!2!3,Class 6!Class 15!Class 6,NULL,
102670,CARGO IC,seabright,0,No,Yes,No,Yes,Yes,NULL,.049504,.049504,.049504,NULL,NULL,NULL,NULL,NULL,NULL,NULL,NULL,NULL,Yes,NULL,XA21 Quality,NULL,NULL,NULL,NULL,NULL,NULL,All,SEABRIGHT,NULL,NULL,NULL,-10,1000,AMPS,LIG DAC2 Telem,NULL,NULL,NULL,NULL,No,No,No,NULL,Yes,2,7,ALL-HINSON,NULL,NULL,NULL,NULL,NULL,NULL,NULL,NULL,NULL,NULL,NULL,NULL,NULL,NULL,NULL,NULL,NULL,NULL,NULL,NULL,2,l,0,.4997501,NULL,NULL,NULL,NULL,DblPrOffsetBinaryH/L,NULL,1,CDCType1,8290,SCE Analog,NULL,NULL,NULL,NULL,NULL,NULL,NULL,NULL,NULL,NULL,NULL,NULL,NULL,NULL,NULL,NULL,NULL,NULL,NULL,NULL,NULL,NULL,NULL,NULL,NULL,NULL,NULL,NULL,State_0,0,Values,NULL,NULL,NULL,NULL,560,-10,NULL,NULL,NULL,NULL,NULL,1!2!3,Class 6!Class 15!Class 6,NULL,
102671,CARGO IN,seabright,0,No,Yes,No,Yes,Yes,NULL,.00495,.00495,.00495,NULL,NULL,NULL,NULL,NULL,NULL,NULL,NULL,NULL,Yes,NULL,XA21 Quality,NULL,NULL,NULL,NULL,NULL,NULL,All,SEABRIGHT,NULL,NULL,NULL,-10,1000,AMPS,LIG DAC2 Telem,NULL,NULL,NULL,NULL,No,No,No,NULL,Yes,2,7,ALL-HINSON,NULL,NULL,NULL,NULL,NULL,NULL,NULL,NULL,NULL,NULL,NULL,NULL,NULL,NULL,NULL,NULL,NULL,NULL,NULL,NULL,2,l,0,.4997501,NULL,NULL,NULL,NULL,DblPrOffsetBinaryH/L,NULL,1,CDCType1,8291,SCE Analog,NULL,NULL,NULL,NULL,NULL,NULL,NULL,NULL,NULL,NULL,NULL,NULL,NULL,NULL,NULL,NULL,NULL,NULL,NULL,NULL,NULL,NULL,NULL,NULL,NULL,NULL,NULL,NULL,State_0,0,Values,NULL,NULL,NULL,NULL,20,-10,NULL,NULL,NULL,NULL,NULL,1!2!3,Class 6!Class 15!Class 6,NULL,
102672,MITCHELL MVAR,seabright,0,No,Yes,No,Yes,Yes,NULL,.05,.05,.05,NULL,NULL,NULL,NULL,NULL,NULL,NULL,NULL,NULL,Yes,NULL,XA21 Quality,NULL,NULL,NULL,NULL,NULL,NULL,All,SEABRIGHT,NULL,NULL,NULL,-18,18,MVAR,LIG DAC2 Telem,NULL,NULL,NULL,NULL,No,No,No,NULL,Yes,2,7,ALL-HINSON,NULL,NULL,NULL,NULL,NULL,NULL,NULL,NULL,NULL,NULL,NULL,NULL,NULL,NULL,NULL,NULL,NULL,NULL,NULL,NULL,2,l,0,.0089955,NULL,NULL,NULL,NULL,DblPrOffsetBinaryH/L,NULL,1,CDCType1,8292,SCE Analog,NULL,NULL,NULL,NULL,NULL,NULL,NULL,NULL,NULL,NULL,NULL,NULL,NULL,NULL,NULL,NULL,NULL,NULL,NULL,NULL,NULL,NULL,NULL,NULL,NULL,NULL,NULL,NULL,State_0,0,Values,NULL,NULL,NULL,NULL,18,-18,NULL,NULL,NULL,NULL,NULL,1!2!3,Class 15!Class 15!Class 15,NULL,
102673,MITCHELL IA,seabright,0,No,Yes,No,Yes,Yes,NULL,.041322,.041322,.041322,NULL,NULL,NULL,NULL,NULL,NULL,NULL,NULL,NULL,Yes,NULL,XA21 Quality,NULL,NULL,NULL,NULL,NULL,NULL,All,SEABRIGHT,NULL,NULL,NULL,-10,1200,AMPS,LIG DAC2 Telem,NULL,NULL,NULL,NULL,No,No,No,NULL,Yes,2,7,ALL-HINSON,NULL,NULL,NULL,NULL,NULL,NULL,NULL,NULL,NULL,NULL,NULL,NULL,NULL,NULL,NULL,NULL,NULL,NULL,NULL,NULL,2,l,0,.5997002,NULL,NULL,NULL,NULL,DblPrOffsetBinaryH/L,NULL,1,CDCType1,8293,SCE Analog,NULL,NULL,NULL,NULL,NULL,NULL,NULL,NULL,NULL,NULL,NULL,NULL,NULL,NULL,NULL,NULL,NULL,NULL,NULL,NULL,NULL,NULL,NULL,NULL,NULL,NULL,NULL,NULL,State_0,0,Values,NULL,NULL,NULL,NULL,770,-10,NULL,NULL,NULL,NULL,NULL,1!2!3,Class 6!Class 15!Class 6,NULL,
102674,MITCHELL IB,seabright,0,No,Yes,No,Yes,Yes,NULL,.041322,.041322,.041322,NULL,NULL,NULL,NULL,NULL,NULL,NULL,NULL,NULL,Yes,NULL,XA21 Quality,NULL,NULL,NULL,NULL,NULL,NULL,All,SEABRIGHT,NULL,NULL,NULL,-10,1200,AMPS,LIG DAC2 Telem,NULL,NULL,NULL,NULL,No,No,No,NULL,Yes,2,7,ALL-HINSON,NULL,NULL,NULL,NULL,NULL,NULL,NULL,NULL,NULL,NULL,NULL,NULL,NULL,NULL,NULL,NULL,NULL,NULL,NULL,NULL,2,l,0,.5997002,NULL,NULL,NULL,NULL,DblPrOffsetBinaryH/L,NULL,1,CDCType1,8294,SCE Analog,NULL,NULL,NULL,NULL,NULL,NULL,NULL,NULL,NULL,NULL,NULL,NULL,NULL,NULL,NULL,NULL,NULL,NULL,NULL,NULL,NULL,NULL,NULL,NULL,NULL,NULL,NULL,NULL,State_0,0,Values,NULL,NULL,NULL,NULL,770,-10,NULL,NULL,NULL,NULL,NULL,1!2!3,Class 6!Class 15!Class 6,NULL,
102675,MITCHELL IC,seabright,0,No,Yes,No,Yes,Yes,NULL,.041322,.041322,.041322,NULL,NULL,NULL,NULL,NULL,NULL,NULL,NULL,NULL,Yes,NULL,XA21 Quality,NULL,NULL,NULL,NULL,NULL,NULL,All,SEABRIGHT,NULL,NULL,NULL,-10,1200,AMPS,LIG DAC2 Telem,NULL,NULL,NULL,NULL,No,No,No,NULL,Yes,2,7,ALL-HINSON,NULL,NULL,NULL,NULL,NULL,NULL,NULL,NULL,NULL,NULL,NULL,NULL,NULL,NULL,NULL,NULL,NULL,NULL,NULL,NULL,2,l,0,.5997002,NULL,NULL,NULL,NULL,DblPrOffsetBinaryH/L,NULL,1,CDCType1,8295,SCE Analog,NULL,NULL,NULL,NULL,NULL,NULL,NULL,NULL,NULL,NULL,NULL,NULL,NULL,NULL,NULL,NULL,NULL,NULL,NULL,NULL,NULL,NULL,NULL,NULL,NULL,NULL,NULL,NULL,State_0,0,Values,NULL,NULL,NULL,NULL,770,-10,NULL,NULL,NULL,NULL,NULL,1!2!3,Class 6!Class 15!Class 6,NULL,
102676,MITCHELL IN,seabright,0,No,Yes,No,Yes,Yes,NULL,.004132,.004132,.004132,NULL,NULL,NULL,NULL,NULL,NULL,NULL,NULL,NULL,Yes,NULL,XA21 Quality,NULL,NULL,NULL,NULL,NULL,NULL,All,SEABRIGHT,NULL,NULL,NULL,-10,1200,AMPS,LIG DAC2 Telem,NULL,NULL,NULL,NULL,No,No,No,NULL,Yes,2,7,ALL-HINSON,NULL,NULL,NULL,NULL,NULL,NULL,NULL,NULL,NULL,NULL,NULL,NULL,NULL,NULL,NULL,NULL,NULL,NULL,NULL,NULL,2,l,0,.5997002,NULL,NULL,NULL,NULL,DblPrOffsetBinaryH/L,NULL,1,CDCType1,8296,SCE Analog,NULL,NULL,NULL,NULL,NULL,NULL,NULL,NULL,NULL,NULL,NULL,NULL,NULL,NULL,NULL,NULL,NULL,NULL,NULL,NULL,NULL,NULL,NULL,NULL,NULL,NULL,NULL,NULL,State_0,0,Values,NULL,NULL,NULL,NULL,20,-10,NULL,NULL,NULL,NULL,NULL,1!2!3,Class 6!Class 15!Class 6,NULL,
102677,SPRAY    MVAR,seabright,0,No,Yes,No,Yes,Yes,NULL,.05,.05,.05,NULL,NULL,NULL,NULL,NULL,NULL,NULL,NULL,NULL,Yes,NULL,XA21 Quality,NULL,NULL,NULL,NULL,NULL,NULL,All,SEABRIGHT,NULL,NULL,NULL,-18,18,MVAR,LIG DAC2 Telem,NULL,NULL,NULL,NULL,No,No,No,NULL,Yes,2,7,ALL-HINSON,NULL,NULL,NULL,NULL,NULL,NULL,NULL,NULL,NULL,NULL,NULL,NULL,NULL,NULL,NULL,NULL,NULL,NULL,NULL,NULL,2,l,0,.0089955,NULL,NULL,NULL,NULL,DblPrOffsetBinaryH/L,NULL,1,CDCType1,8297,SCE Analog,NULL,NULL,NULL,NULL,NULL,NULL,NULL,NULL,NULL,NULL,NULL,NULL,NULL,NULL,NULL,NULL,NULL,NULL,NULL,NULL,NULL,NULL,NULL,NULL,NULL,NULL,NULL,NULL,State_0,0,Values,NULL,NULL,NULL,NULL,18,-18,NULL,NULL,NULL,NULL,NULL,1!2!3,Class 15!Class 15!Class 15,NULL,
102678,SPRAY IA,seabright,0,No,Yes,No,Yes,Yes,NULL,.041322,.041322,.041322,NULL,NULL,NULL,NULL,NULL,NULL,NULL,NULL,NULL,Yes,NULL,XA21 Quality,NULL,NULL,NULL,NULL,NULL,NULL,All,SEABRIGHT,NULL,NULL,NULL,-10,1200,AMPS,LIG DAC2 Telem,NULL,NULL,NULL,NULL,No,No,No,NULL,Yes,2,7,ALL-HINSON,NULL,NULL,NULL,NULL,NULL,NULL,NULL,NULL,NULL,NULL,NULL,NULL,NULL,NULL,NULL,NULL,NULL,NULL,NULL,NULL,2,l,0,.5997002,NULL,NULL,NULL,NULL,DblPrOffsetBinaryH/L,NULL,1,CDCType1,8298,SCE Analog,NULL,NULL,NULL,NULL,NULL,NULL,NULL,NULL,NULL,NULL,NULL,NULL,NULL,NULL,NULL,NULL,NULL,NULL,NULL,NULL,NULL,NULL,NULL,NULL,NULL,NULL,NULL,NULL,State_0,0,Values,NULL,NULL,NULL,NULL,575,-10,NULL,NULL,NULL,NULL,NULL,1!2!3,Class 6!Class 15!Class 6,NULL,
102679,SPRAY IB,seabright,0,No,Yes,No,Yes,Yes,NULL,.041322,.041322,.041322,NULL,NULL,NULL,NULL,NULL,NULL,NULL,NULL,NULL,Yes,NULL,XA21 Quality,NULL,NULL,NULL,NULL,NULL,NULL,All,SEABRIGHT,NULL,NULL,NULL,-10,1200,AMPS,LIG DAC2 Telem,NULL,NULL,NULL,NULL,No,No,No,NULL,Yes,2,7,ALL-HINSON,NULL,NULL,NULL,NULL,NULL,NULL,NULL,NULL,NULL,NULL,NULL,NULL,NULL,NULL,NULL,NULL,NULL,NULL,NULL,NULL,2,l,0,.5997002,NULL,NULL,NULL,NULL,DblPrOffsetBinaryH/L,NULL,1,CDCType1,8299,SCE Analog,NULL,NULL,NULL,NULL,NULL,NULL,NULL,NULL,NULL,NULL,NULL,NULL,NULL,NULL,NULL,NULL,NULL,NULL,NULL,NULL,NULL,NULL,NULL,NULL,NULL,NULL,NULL,NULL,State_0,0,Values,NULL,NULL,NULL,NULL,575,-10,NULL,NULL,NULL,NULL,NULL,1!2!3,Class 6!Class 15!Class 6,NULL,
102680,SPRAY IC,seabright,0,No,Yes,No,Yes,Yes,NULL,.041322,.041322,.041322,NULL,NULL,NULL,NULL,NULL,NULL,NULL,NULL,NULL,Yes,NULL,XA21 Quality,NULL,NULL,NULL,NULL,NULL,NULL,All,SEABRIGHT,NULL,NULL,NULL,-10,1200,AMPS,LIG DAC2 Telem,NULL,NULL,NULL,NULL,No,No,No,NULL,Yes,2,7,ALL-HINSON,NULL,NULL,NULL,NULL,NULL,NULL,NULL,NULL,NULL,NULL,NULL,NULL,NULL,NULL,NULL,NULL,NULL,NULL,NULL,NULL,2,l,0,.5997002,NULL,NULL,NULL,NULL,DblPrOffsetBinaryH/L,NULL,1,CDCType1,8300,SCE Analog,NULL,NULL,NULL,NULL,NULL,NULL,NULL,NULL,NULL,NULL,NULL,NULL,NULL,NULL,NULL,NULL,NULL,NULL,NULL,NULL,NULL,NULL,NULL,NULL,NULL,NULL,NULL,NULL,State_0,0,Values,NULL,NULL,NULL,NULL,575,-10,NULL,NULL,NULL,NULL,NULL,1!2!3,Class 6!Class 15!Class 6,NULL,
102681,SPRAY IN,seabright,0,No,Yes,No,Yes,Yes,NULL,.004132,.004132,.004132,NULL,NULL,NULL,NULL,NULL,NULL,NULL,NULL,NULL,Yes,NULL,XA21 Quality,NULL,NULL,NULL,NULL,NULL,NULL,All,SEABRIGHT,NULL,NULL,NULL,-10,1200,AMPS,LIG DAC2 Telem,NULL,NULL,NULL,NULL,No,No,No,NULL,Yes,2,7,ALL-HINSON,NULL,NULL,NULL,NULL,NULL,NULL,NULL,NULL,NULL,NULL,NULL,NULL,NULL,NULL,NULL,NULL,NULL,NULL,NULL,NULL,2,l,0,.5997002,NULL,NULL,NULL,NULL,DblPrOffsetBinaryH/L,NULL,1,CDCType1,8301,SCE Analog,NULL,NULL,NULL,NULL,NULL,NULL,NULL,NULL,NULL,NULL,NULL,NULL,NULL,NULL,NULL,NULL,NULL,NULL,NULL,NULL,NULL,NULL,NULL,NULL,NULL,NULL,NULL,NULL,State_0,0,Values,NULL,NULL,NULL,NULL,20,-10,NULL,NULL,NULL,NULL,NULL,1!2!3,Class 6!Class 15!Class 6,NULL,
102682,12KV SEC CB MVAR,seabright,0,No,Yes,No,Yes,Yes,NULL,.0492754,.0492754,.0492754,NULL,NULL,NULL,NULL,NULL,NULL,NULL,NULL,NULL,Yes,NULL,XA21 Quality,NULL,NULL,NULL,NULL,NULL,NULL,All,SEABRIGHT,NULL,NULL,NULL,-34.5,34.5,MVAR,LIG DAC2 Telem,NULL,NULL,NULL,NULL,No,No,No,NULL,Yes,2,7,ALL-HINSON,NULL,NULL,NULL,NULL,NULL,NULL,NULL,NULL,NULL,NULL,NULL,NULL,NULL,NULL,NULL,NULL,NULL,NULL,NULL,NULL,2,l,0,.0172414,NULL,NULL,NULL,NULL,DblPrOffsetBinaryH/L,NULL,1,CDCType1,8302,SCE Analog,NULL,NULL,NULL,NULL,NULL,NULL,NULL,NULL,NULL,NULL,NULL,NULL,NULL,NULL,NULL,NULL,NULL,NULL,NULL,NULL,NULL,NULL,NULL,NULL,NULL,NULL,NULL,NULL,State_0,0,Values,NULL,NULL,NULL,NULL,34,-34,NULL,NULL,NULL,NULL,NULL,1!2!3,Class 15!Class 15!Class 15,NULL,
102683,12KV SEC CB IA,seabright,0,No,Yes,No,Yes,Yes,NULL,.012468,.012468,.012468,NULL,NULL,NULL,NULL,NULL,NULL,NULL,NULL,NULL,Yes,NULL,XA21 Quality,NULL,NULL,NULL,NULL,NULL,NULL,All,SEABRIGHT,NULL,NULL,NULL,-10,4000,AMPS,LIG DAC2 Telem,NULL,NULL,NULL,NULL,No,No,No,NULL,Yes,2,7,ALL-HINSON,NULL,NULL,NULL,NULL,NULL,NULL,NULL,NULL,NULL,NULL,NULL,NULL,NULL,NULL,NULL,NULL,NULL,NULL,NULL,NULL,2,l,0,1.9990005,NULL,NULL,NULL,NULL,DblPrOffsetBinaryH/L,NULL,1,CDCType1,8303,SCE Analog,NULL,NULL,NULL,NULL,NULL,NULL,NULL,NULL,NULL,NULL,NULL,NULL,NULL,NULL,NULL,NULL,NULL,NULL,NULL,NULL,NULL,NULL,NULL,NULL,NULL,NULL,NULL,NULL,State_0,0,Values,NULL,NULL,NULL,NULL,1440,-10,NULL,NULL,NULL,NULL,NULL,1!2!3,Class 6!Class 15!Class 6,NULL,
102684,12KV SEC CB IB,seabright,0,No,Yes,No,Yes,Yes,NULL,.012468,.012468,.012468,NULL,NULL,NULL,NULL,NULL,NULL,NULL,NULL,NULL,Yes,NULL,XA21 Quality,NULL,NULL,NULL,NULL,NULL,NULL,All,SEABRIGHT,NULL,NULL,NULL,-10,4000,AMPS,LIG DAC2 Telem,NULL,NULL,NULL,NULL,No,No,No,NULL,Yes,2,7,ALL-HINSON,NULL,NULL,NULL,NULL,NULL,NULL,NULL,NULL,NULL,NULL,NULL,NULL,NULL,NULL,NULL,NULL,NULL,NULL,NULL,NULL,2,l,0,1.9990005,NULL,NULL,NULL,NULL,DblPrOffsetBinaryH/L,NULL,1,CDCType1,8304,SCE Analog,NULL,NULL,NULL,NULL,NULL,NULL,NULL,NULL,NULL,NULL,NULL,NULL,NULL,NULL,NULL,NULL,NULL,NULL,NULL,NULL,NULL,NULL,NULL,NULL,NULL,NULL,NULL,NULL,State_0,0,Values,NULL,NULL,NULL,NULL,1440,-10,NULL,NULL,NULL,NULL,NULL,1!2!3,Class 6!Class 15!Class 6,NULL,
102685,12KV SEC CB IC,seabright,0,No,Yes,No,Yes,Yes,NULL,.012468,.012468,.012468,NULL,NULL,NULL,NULL,NULL,NULL,NULL,NULL,NULL,Yes,NULL,XA21 Quality,NULL,NULL,NULL,NULL,NULL,NULL,All,SEABRIGHT,NULL,NULL,NULL,-10,4000,AMPS,LIG DAC2 Telem,NULL,NULL,NULL,NULL,No,No,No,NULL,Yes,2,7,ALL-HINSON,NULL,NULL,NULL,NULL,NULL,NULL,NULL,NULL,NULL,NULL,NULL,NULL,NULL,NULL,NULL,NULL,NULL,NULL,NULL,NULL,2,l,0,1.9990005,NULL,NULL,NULL,NULL,DblPrOffsetBinaryH/L,NULL,1,CDCType1,8305,SCE Analog,NULL,NULL,NULL,NULL,NULL,NULL,NULL,NULL,NULL,NULL,NULL,NULL,NULL,NULL,NULL,NULL,NULL,NULL,NULL,NULL,NULL,NULL,NULL,NULL,NULL,NULL,NULL,NULL,State_0,0,Values,NULL,NULL,NULL,NULL,1400,-10,NULL,NULL,NULL,NULL,NULL,1!2!3,Class 6!Class 15!Class 6,NULL,
102686,12KV SEC CB IN,seabright,0,No,Yes,No,Yes,Yes,NULL,.012468,.012468,.012468,NULL,NULL,NULL,NULL,NULL,NULL,NULL,NULL,NULL,Yes,NULL,XA21 Quality,NULL,NULL,NULL,NULL,NULL,NULL,All,SEABRIGHT,NULL,NULL,NULL,-10,4000,AMPS,LIG DAC2 Telem,NULL,NULL,NULL,NULL,No,No,No,NULL,Yes,2,7,ALL-HINSON,NULL,NULL,NULL,NULL,NULL,NULL,NULL,NULL,NULL,NULL,NULL,NULL,NULL,NULL,NULL,NULL,NULL,NULL,NULL,NULL,2,l,0,1.9990005,NULL,NULL,NULL,NULL,DblPrOffsetBinaryH/L,NULL,1,CDCType1,8306,SCE Analog,NULL,NULL,NULL,NULL,NULL,NULL,NULL,NULL,NULL,NULL,NULL,NULL,NULL,NULL,NULL,NULL,NULL,NULL,NULL,NULL,NULL,NULL,NULL,NULL,NULL,NULL,NULL,NULL,State_0,0,Values,NULL,NULL,NULL,NULL,500,-10,NULL,NULL,NULL,NULL,NULL,1!2!3,Class 6!Class 15!Class 6,NULL,
102687,12KV BUS TIE MVAR,seabright,0,No,Yes,No,Yes,Yes,NULL,.0498188,.0498188,.0498188,NULL,NULL,NULL,NULL,NULL,NULL,NULL,NULL,NULL,Yes,NULL,XA21 Quality,NULL,NULL,NULL,NULL,NULL,NULL,All,SEABRIGHT,NULL,NULL,NULL,-33.1199989,33.1199989,MVAR,LIG DAC2 Telem,NULL,NULL,NULL,NULL,No,No,No,NULL,Yes,2,7,ALL-HINSON,NULL,NULL,NULL,NULL,NULL,NULL,NULL,NULL,NULL,NULL,NULL,NULL,NULL,NULL,NULL,NULL,NULL,NULL,NULL,NULL,2,l,0,.0165517,NULL,NULL,NULL,NULL,DblPrOffsetBinaryH/L,NULL,1,CDCType1,8307,SCE Analog,NULL,NULL,NULL,NULL,NULL,NULL,NULL,NULL,NULL,NULL,NULL,NULL,NULL,NULL,NULL,NULL,NULL,NULL,NULL,NULL,NULL,NULL,NULL,NULL,NULL,NULL,NULL,NULL,State_0,0,Values,NULL,NULL,NULL,NULL,33,-33,NULL,NULL,NULL,NULL,NULL,1!2!3,Class 15!Class 15!Class 15,NULL,
102688,12KV BUS TIE IA,seabright,0,No,Yes,No,Yes,Yes,NULL,.031055,.031055,.031055,NULL,NULL,NULL,NULL,NULL,NULL,NULL,NULL,NULL,Yes,NULL,XA21 Quality,NULL,NULL,NULL,NULL,NULL,NULL,All,SEABRIGHT,NULL,NULL,NULL,-10,1600,AMPS,LIG DAC2 Telem,NULL,NULL,NULL,NULL,No,No,No,NULL,Yes,2,7,ALL-HINSON,NULL,NULL,NULL,NULL,NULL,NULL,NULL,NULL,NULL,NULL,NULL,NULL,NULL,NULL,NULL,NULL,NULL,NULL,NULL,NULL,2,l,0,.7996002,NULL,NULL,NULL,NULL,DblPrOffsetBinaryH/L,NULL,1,CDCType1,8308,SCE Analog,NULL,NULL,NULL,NULL,NULL,NULL,NULL,NULL,NULL,NULL,NULL,NULL,NULL,NULL,NULL,NULL,NULL,NULL,NULL,NULL,NULL,NULL,NULL,NULL,NULL,NULL,NULL,NULL,State_0,0,Values,NULL,NULL,NULL,NULL,770,-10,NULL,NULL,NULL,NULL,NULL,1!2!3,Class 6!Class 15!Class 6,NULL,
102689,12KV BUS TIE IB,seabright,0,No,Yes,No,Yes,Yes,NULL,.031055,.031055,.031055,NULL,NULL,NULL,NULL,NULL,NULL,NULL,NULL,NULL,Yes,NULL,XA21 Quality,NULL,NULL,NULL,NULL,NULL,NULL,All,SEABRIGHT,NULL,NULL,NULL,-10,1600,AMPS,LIG DAC2 Telem,NULL,NULL,NULL,NULL,No,No,No,NULL,Yes,2,7,ALL-HINSON,NULL,NULL,NULL,NULL,NULL,NULL,NULL,NULL,NULL,NULL,NULL,NULL,NULL,NULL,NULL,NULL,NULL,NULL,NULL,NULL,2,l,0,.7996002,NULL,NULL,NULL,NULL,DblPrOffsetBinaryH/L,NULL,1,CDCType1,8309,SCE Analog,NULL,NULL,NULL,NULL,NULL,NULL,NULL,NULL,NULL,NULL,NULL,NULL,NULL,NULL,NULL,NULL,NULL,NULL,NULL,NULL,NULL,NULL,NULL,NULL,NULL,NULL,NULL,NULL,State_0,0,Values,NULL,NULL,NULL,NULL,770,-10,NULL,NULL,NULL,NULL,NULL,1!2!3,Class 6!Class 15!Class 6,NULL,
102690,12KV BUS TIE IC,seabright,0,No,Yes,No,Yes,Yes,NULL,.031055,.031055,.031055,NULL,NULL,NULL,NULL,NULL,NULL,NULL,NULL,NULL,Yes,NULL,XA21 Quality,NULL,NULL,NULL,NULL,NULL,NULL,All,SEABRIGHT,NULL,NULL,NULL,-10,1600,AMPS,LIG DAC2 Telem,NULL,NULL,NULL,NULL,No,No,No,NULL,Yes,2,7,ALL-HINSON,NULL,NULL,NULL,NULL,NULL,NULL,NULL,NULL,NULL,NULL,NULL,NULL,NULL,NULL,NULL,NULL,NULL,NULL,NULL,NULL,2,l,0,.7996002,NULL,NULL,NULL,NULL,DblPrOffsetBinaryH/L,NULL,1,CDCType1,8310,SCE Analog,NULL,NULL,NULL,NULL,NULL,NULL,NULL,NULL,NULL,NULL,NULL,NULL,NULL,NULL,NULL,NULL,NULL,NULL,NULL,NULL,NULL,NULL,NULL,NULL,NULL,NULL,NULL,NULL,State_0,0,Values,NULL,NULL,NULL,NULL,770,-10,NULL,NULL,NULL,NULL,NULL,1!2!3,Class 6!Class 15!Class 6,NULL,
102691,12KV BUS TIE IN,seabright,0,No,Yes,No,Yes,Yes,NULL,.003105,.003105,.003105,NULL,NULL,NULL,NULL,NULL,NULL,NULL,NULL,NULL,Yes,NULL,XA21 Quality,NULL,NULL,NULL,NULL,NULL,NULL,All,SEABRIGHT,NULL,NULL,NULL,-10,1600,AMPS,LIG DAC2 Telem,NULL,NULL,NULL,NULL,No,No,No,NULL,Yes,2,7,ALL-HINSON,NULL,NULL,NULL,NULL,NULL,NULL,NULL,NULL,NULL,NULL,NULL,NULL,NULL,NULL,NULL,NULL,NULL,NULL,NULL,NULL,2,l,0,.7996002,NULL,NULL,NULL,NULL,DblPrOffsetBinaryH/L,NULL,1,CDCType1,8311,SCE Analog,NULL,NULL,NULL,NULL,NULL,NULL,NULL,NULL,NULL,NULL,NULL,NULL,NULL,NULL,NULL,NULL,NULL,NULL,NULL,NULL,NULL,NULL,NULL,NULL,NULL,NULL,NULL,NULL,State_0,0,Values,NULL,NULL,NULL,NULL,20,-10,NULL,NULL,NULL,NULL,NULL,1!2!3,Class 6!Class 15!Class 6,NULL,
102692,ALAMO    MVAR,seabright,0,No,Yes,No,Yes,Yes,NULL,.05,.05,.05,NULL,NULL,NULL,NULL,NULL,NULL,NULL,NULL,NULL,Yes,NULL,XA21 Quality,NULL,NULL,NULL,NULL,NULL,NULL,All,SEABRIGHT,NULL,NULL,NULL,-18,18,MVAR,LIG DAC2 Telem,NULL,NULL,NULL,NULL,No,No,No,NULL,Yes,2,7,ALL-HINSON,NULL,NULL,NULL,NULL,NULL,NULL,NULL,NULL,NULL,NULL,NULL,NULL,NULL,NULL,NULL,NULL,NULL,NULL,NULL,NULL,2,l,0,.0089955,NULL,NULL,NULL,NULL,DblPrOffsetBinaryH/L,NULL,1,CDCType1,8312,SCE Analog,NULL,NULL,NULL,NULL,NULL,NULL,NULL,NULL,NULL,NULL,NULL,NULL,NULL,NULL,NULL,NULL,NULL,NULL,NULL,NULL,NULL,NULL,NULL,NULL,NULL,NULL,NULL,NULL,State_0,0,Values,NULL,NULL,NULL,NULL,18,-18,NULL,NULL,NULL,NULL,NULL,1!2!3,Class 15!Class 15!Class 15,NULL,
102693,ALAMO IA,seabright,0,No,Yes,No,Yes,Yes,NULL,.041322,.041322,.041322,NULL,NULL,NULL,NULL,NULL,NULL,NULL,NULL,NULL,Yes,NULL,XA21 Quality,NULL,NULL,NULL,NULL,NULL,NULL,All,SEABRIGHT,NULL,NULL,NULL,-10,1200,AMPS,LIG DAC2 Telem,NULL,NULL,NULL,NULL,No,No,No,NULL,Yes,2,7,ALL-HINSON,NULL,NULL,NULL,NULL,NULL,NULL,NULL,NULL,NULL,NULL,NULL,NULL,NULL,NULL,NULL,NULL,NULL,NULL,NULL,NULL,2,l,0,.5997002,NULL,NULL,NULL,NULL,DblPrOffsetBinaryH/L,NULL,1,CDCType1,8313,SCE Analog,NULL,NULL,NULL,NULL,NULL,NULL,NULL,NULL,NULL,NULL,NULL,NULL,NULL,NULL,NULL,NULL,NULL,NULL,NULL,NULL,NULL,NULL,NULL,NULL,NULL,NULL,NULL,NULL,State_0,0,Values,NULL,NULL,NULL,NULL,575,-10,NULL,NULL,NULL,NULL,NULL,1!2!3,Class 6!Class 15!Class 6,NULL,
102694,ALAMO IB,seabright,0,No,Yes,No,Yes,Yes,NULL,.041322,.041322,.041322,NULL,NULL,NULL,NULL,NULL,NULL,NULL,NULL,NULL,Yes,NULL,XA21 Quality,NULL,NULL,NULL,NULL,NULL,NULL,All,SEABRIGHT,NULL,NULL,NULL,-10,1200,AMPS,LIG DAC2 Telem,NULL,NULL,NULL,NULL,No,No,No,NULL,Yes,2,7,ALL-HINSON,NULL,NULL,NULL,NULL,NULL,NULL,NULL,NULL,NULL,NULL,NULL,NULL,NULL,NULL,NULL,NULL,NULL,NULL,NULL,NULL,2,l,0,.5997002,NULL,NULL,NULL,NULL,DblPrOffsetBinaryH/L,NULL,1,CDCType1,8314,SCE Analog,NULL,NULL,NULL,NULL,NULL,NULL,NULL,NULL,NULL,NULL,NULL,NULL,NULL,NULL,NULL,NULL,NULL,NULL,NULL,NULL,NULL,NULL,NULL,NULL,NULL,NULL,NULL,NULL,State_0,0,Values,NULL,NULL,NULL,NULL,575,-10,NULL,NULL,NULL,NULL,NULL,1!2!3,Class 6!Class 15!Class 6,NULL,
102695,ALAMO IC,seabright,0,No,Yes,No,Yes,Yes,NULL,.041322,.041322,.041322,NULL,NULL,NULL,NULL,NULL,NULL,NULL,NULL,NULL,Yes,NULL,XA21 Quality,NULL,NULL,NULL,NULL,NULL,NULL,All,SEABRIGHT,NULL,NULL,NULL,-10,1200,AMPS,LIG DAC2 Telem,NULL,NULL,NULL,NULL,No,No,No,NULL,Yes,2,7,ALL-HINSON,NULL,NULL,NULL,NULL,NULL,NULL,NULL,NULL,NULL,NULL,NULL,NULL,NULL,NULL,NULL,NULL,NULL,NULL,NULL,NULL,2,l,0,.5997002,NULL,NULL,NULL,NULL,DblPrOffsetBinaryH/L,NULL,1,CDCType1,8315,SCE Analog,NULL,NULL,NULL,NULL,NULL,NULL,NULL,NULL,NULL,NULL,NULL,NULL,NULL,NULL,NULL,NULL,NULL,NULL,NULL,NULL,NULL,NULL,NULL,NULL,NULL,NULL,NULL,NULL,State_0,0,Values,NULL,NULL,NULL,NULL,575,-10,NULL,NULL,NULL,NULL,NULL,1!2!3,Class 6!Class 15!Class 6,NULL,
102696,ALAMO IN,seabright,0,No,Yes,No,Yes,Yes,NULL,.004132,.004132,.004132,NULL,NULL,NULL,NULL,NULL,NULL,NULL,NULL,NULL,Yes,NULL,XA21 Quality,NULL,NULL,NULL,NULL,NULL,NULL,All,SEABRIGHT,NULL,NULL,NULL,-10,1200,AMPS,LIG DAC2 Telem,NULL,NULL,NULL,NULL,No,No,No,NULL,Yes,2,7,ALL-HINSON,NULL,NULL,NULL,NULL,NULL,NULL,NULL,NULL,NULL,NULL,NULL,NULL,NULL,NULL,NULL,NULL,NULL,NULL,NULL,NULL,2,l,0,.5997002,NULL,NULL,NULL,NULL,DblPrOffsetBinaryH/L,NULL,1,CDCType1,8316,SCE Analog,NULL,NULL,NULL,NULL,NULL,NULL,NULL,NULL,NULL,NULL,NULL,NULL,NULL,NULL,NULL,NULL,NULL,NULL,NULL,NULL,NULL,NULL,NULL,NULL,NULL,NULL,NULL,NULL,State_0,0,Values,NULL,NULL,NULL,NULL,20,-10,NULL,NULL,NULL,NULL,NULL,1!2!3,Class 6!Class 15!Class 6,NULL,
102697,STEAM    MVAR,seabright,0,No,Yes,No,Yes,Yes,NULL,.05,.05,.05,NULL,NULL,NULL,NULL,NULL,NULL,NULL,NULL,NULL,Yes,NULL,XA21 Quality,NULL,NULL,NULL,NULL,NULL,NULL,All,SEABRIGHT,NULL,NULL,NULL,-24,24,MVAR,LIG DAC2 Telem,NULL,NULL,NULL,NULL,No,No,No,NULL,Yes,2,7,ALL-HINSON,NULL,NULL,NULL,NULL,NULL,NULL,NULL,NULL,NULL,NULL,NULL,NULL,NULL,NULL,NULL,NULL,NULL,NULL,NULL,NULL,2,l,0,.011994,NULL,NULL,NULL,NULL,DblPrOffsetBinaryH/L,NULL,1,CDCType1,8317,SCE Analog,NULL,NULL,NULL,NULL,NULL,NULL,NULL,NULL,NULL,NULL,NULL,NULL,NULL,NULL,NULL,NULL,NULL,NULL,NULL,NULL,NULL,NULL,NULL,NULL,NULL,NULL,NULL,NULL,State_0,0,Values,NULL,NULL,NULL,NULL,24,-24,NULL,NULL,NULL,NULL,NULL,1!2!3,Class 15!Class 15!Class 15,NULL,
102698,STEAM IA,seabright,0,No,Yes,No,Yes,Yes,NULL,.031055,.031055,.031055,NULL,NULL,NULL,NULL,NULL,NULL,NULL,NULL,NULL,Yes,NULL,XA21 Quality,NULL,NULL,NULL,NULL,NULL,NULL,All,SEABRIGHT,NULL,NULL,NULL,-10,1600,AMPS,LIG DAC2 Telem,NULL,NULL,NULL,NULL,No,No,No,NULL,Yes,2,7,ALL-HINSON,NULL,NULL,NULL,NULL,NULL,NULL,NULL,NULL,NULL,NULL,NULL,NULL,NULL,NULL,NULL,NULL,NULL,NULL,NULL,NULL,2,l,0,.7996002,NULL,NULL,NULL,NULL,DblPrOffsetBinaryH/L,NULL,1,CDCType1,8318,SCE Analog,NULL,NULL,NULL,NULL,NULL,NULL,NULL,NULL,NULL,NULL,NULL,NULL,NULL,NULL,NULL,NULL,NULL,NULL,NULL,NULL,NULL,NULL,NULL,NULL,NULL,NULL,NULL,NULL,State_0,0,Values,NULL,NULL,NULL,NULL,770,-10,NULL,NULL,NULL,NULL,NULL,1!2!3,Class 6!Class 15!Class 6,NULL,
102699,STEAM IB,seabright,0,No,Yes,No,Yes,Yes,NULL,.031055,.031055,.031055,NULL,NULL,NULL,NULL,NULL,NULL,NULL,NULL,NULL,Yes,NULL,XA21 Quality,NULL,NULL,NULL,NULL,NULL,NULL,All,SEABRIGHT,NULL,NULL,NULL,-10,1600,AMPS,LIG DAC2 Telem,NULL,NULL,NULL,NULL,No,No,No,NULL,Yes,2,7,ALL-HINSON,NULL,NULL,NULL,NULL,NULL,NULL,NULL,NULL,NULL,NULL,NULL,NULL,NULL,NULL,NULL,NULL,NULL,NULL,NULL,NULL,2,l,0,.7996002,NULL,NULL,NULL,NULL,DblPrOffsetBinaryH/L,NULL,1,CDCType1,8319,SCE Analog,NULL,NULL,NULL,NULL,NULL,NULL,NULL,NULL,NULL,NULL,NULL,NULL,NULL,NULL,NULL,NULL,NULL,NULL,NULL,NULL,NULL,NULL,NULL,NULL,NULL,NULL,NULL,NULL,State_0,0,Values,NULL,NULL,NULL,NULL,770,-10,NULL,NULL,NULL,NULL,NULL,1!2!3,Class 6!Class 15!Class 6,NULL,
102700,STEAM IC,seabright,0,No,Yes,No,Yes,Yes,NULL,.031055,.031055,.031055,NULL,NULL,NULL,NULL,NULL,NULL,NULL,NULL,NULL,Yes,NULL,XA21 Quality,NULL,NULL,NULL,NULL,NULL,NULL,All,SEABRIGHT,NULL,NULL,NULL,-10,1600,AMPS,LIG DAC2 Telem,NULL,NULL,NULL,NULL,No,No,No,NULL,Yes,2,7,ALL-HINSON,NULL,NULL,NULL,NULL,NULL,NULL,NULL,NULL,NULL,NULL,NULL,NULL,NULL,NULL,NULL,NULL,NULL,NULL,NULL,NULL,2,l,0,.7996002,NULL,NULL,NULL,NULL,DblPrOffsetBinaryH/L,NULL,1,CDCType1,8320,SCE Analog,NULL,NULL,NULL,NULL,NULL,NULL,NULL,NULL,NULL,NULL,NULL,NULL,NULL,NULL,NULL,NULL,NULL,NULL,NULL,NULL,NULL,NULL,NULL,NULL,NULL,NULL,NULL,NULL,State_0,0,Values,NULL,NULL,NULL,NULL,770,-10,NULL,NULL,NULL,NULL,NULL,1!2!3,Class 6!Class 15!Class 6,NULL,
102701,STEAM IN,seabright,0,No,Yes,No,Yes,Yes,NULL,.003105,.003105,.003105,NULL,NULL,NULL,NULL,NULL,NULL,NULL,NULL,NULL,Yes,NULL,XA21 Quality,NULL,NULL,NULL,NULL,NULL,NULL,All,SEABRIGHT,NULL,NULL,NULL,-10,1600,AMPS,LIG DAC2 Telem,NULL,NULL,NULL,NULL,No,No,No,NULL,Yes,2,7,ALL-HINSON,NULL,NULL,NULL,NULL,NULL,NULL,NULL,NULL,NULL,NULL,NULL,NULL,NULL,NULL,NULL,NULL,NULL,NULL,NULL,NULL,2,l,0,.7996002,NULL,NULL,NULL,NULL,DblPrOffsetBinaryH/L,NULL,1,CDCType1,8321,SCE Analog,NULL,NULL,NULL,NULL,NULL,NULL,NULL,NULL,NULL,NULL,NULL,NULL,NULL,NULL,NULL,NULL,NULL,NULL,NULL,NULL,NULL,NULL,NULL,NULL,NULL,NULL,NULL,NULL,State_0,0,Values,NULL,NULL,NULL,NULL,20,-10,NULL,NULL,NULL,NULL,NULL,1!2!3,Class 6!Class 15!Class 6,NULL,
102702,OCEAN    MVAR,seabright,0,No,Yes,No,Yes,Yes,NULL,.05,.05,.05,NULL,NULL,NULL,NULL,NULL,NULL,NULL,NULL,NULL,Yes,NULL,XA21 Quality,NULL,NULL,NULL,NULL,NULL,NULL,All,SEABRIGHT,NULL,NULL,NULL,-18,18,MVAR,LIG DAC2 Telem,NULL,NULL,NULL,NULL,No,No,No,NULL,Yes,2,7,ALL-HINSON,NULL,NULL,NULL,NULL,NULL,NULL,NULL,NULL,NULL,NULL,NULL,NULL,NULL,NULL,NULL,NULL,NULL,NULL,NULL,NULL,2,l,0,.0089955,NULL,NULL,NULL,NULL,DblPrOffsetBinaryH/L,NULL,1,CDCType1,8322,SCE Analog,NULL,NULL,NULL,NULL,NULL,NULL,NULL,NULL,NULL,NULL,NULL,NULL,NULL,NULL,NULL,NULL,NULL,NULL,NULL,NULL,NULL,NULL,NULL,NULL,NULL,NULL,NULL,NULL,State_0,0,Values,NULL,NULL,NULL,NULL,18,-18,NULL,NULL,NULL,NULL,NULL,1!2!3,Class 15!Class 15!Class 15,NULL,
102703,OCEAN IA,seabright,0,No,Yes,No,Yes,Yes,NULL,.041322,.041322,.041322,NULL,NULL,NULL,NULL,NULL,NULL,NULL,NULL,NULL,Yes,NULL,XA21 Quality,NULL,NULL,NULL,NULL,NULL,NULL,All,SEABRIGHT,NULL,NULL,NULL,-10,1200,AMPS,LIG DAC2 Telem,NULL,NULL,NULL,NULL,No,No,No,NULL,Yes,2,7,ALL-HINSON,NULL,NULL,NULL,NULL,NULL,NULL,NULL,NULL,NULL,NULL,NULL,NULL,NULL,NULL,NULL,NULL,NULL,NULL,NULL,NULL,2,l,0,.5997002,NULL,NULL,NULL,NULL,DblPrOffsetBinaryH/L,NULL,1,CDCType1,8323,SCE Analog,NULL,NULL,NULL,NULL,NULL,NULL,NULL,NULL,NULL,NULL,NULL,NULL,NULL,NULL,NULL,NULL,NULL,NULL,NULL,NULL,NULL,NULL,NULL,NULL,NULL,NULL,NULL,NULL,State_0,0,Values,NULL,NULL,NULL,NULL,575,-10,NULL,NULL,NULL,NULL,NULL,1!2!3,Class 6!Class 15!Class 6,NULL,
102704,OCEAN IB,seabright,0,No,Yes,No,Yes,Yes,NULL,.041322,.041322,.041322,NULL,NULL,NULL,NULL,NULL,NULL,NULL,NULL,NULL,Yes,NULL,XA21 Quality,NULL,NULL,NULL,NULL,NULL,NULL,All,SEABRIGHT,NULL,NULL,NULL,-10,1200,AMPS,LIG DAC2 Telem,NULL,NULL,NULL,NULL,No,No,No,NULL,Yes,2,7,ALL-HINSON,NULL,NULL,NULL,NULL,NULL,NULL,NULL,NULL,NULL,NULL,NULL,NULL,NULL,NULL,NULL,NULL,NULL,NULL,NULL,NULL,2,l,0,.5997002,NULL,NULL,NULL,NULL,DblPrOffsetBinaryH/L,NULL,1,CDCType1,8324,SCE Analog,NULL,NULL,NULL,NULL,NULL,NULL,NULL,NULL,NULL,NULL,NULL,NULL,NULL,NULL,NULL,NULL,NULL,NULL,NULL,NULL,NULL,NULL,NULL,NULL,NULL,NULL,NULL,NULL,State_0,0,Values,NULL,NULL,NULL,NULL,575,-10,NULL,NULL,NULL,NULL,NULL,1!2!3,Class 6!Class 15!Class 6,NULL,
102705,OCEAN IC,seabright,0,No,Yes,No,Yes,Yes,NULL,.041322,.041322,.041322,NULL,NULL,NULL,NULL,NULL,NULL,NULL,NULL,NULL,Yes,NULL,XA21 Quality,NULL,NULL,NULL,NULL,NULL,NULL,All,SEABRIGHT,NULL,NULL,NULL,-10,1200,AMPS,LIG DAC2 Telem,NULL,NULL,NULL,NULL,No,No,No,NULL,Yes,2,7,ALL-HINSON,NULL,NULL,NULL,NULL,NULL,NULL,NULL,NULL,NULL,NULL,NULL,NULL,NULL,NULL,NULL,NULL,NULL,NULL,NULL,NULL,2,l,0,.5997002,NULL,NULL,NULL,NULL,DblPrOffsetBinaryH/L,NULL,1,CDCType1,8325,SCE Analog,NULL,NULL,NULL,NULL,NULL,NULL,NULL,NULL,NULL,NULL,NULL,NULL,NULL,NULL,NULL,NULL,NULL,NULL,NULL,NULL,NULL,NULL,NULL,NULL,NULL,NULL,NULL,NULL,State_0,0,Values,NULL,NULL,NULL,NULL,575,-10,NULL,NULL,NULL,NULL,NULL,1!2!3,Class 6!Class 15!Class 6,NULL,
102706,OCEAN IN,seabright,0,No,Yes,No,Yes,Yes,NULL,.004132,.004132,.004132,NULL,NULL,NULL,NULL,NULL,NULL,NULL,NULL,NULL,Yes,NULL,XA21 Quality,NULL,NULL,NULL,NULL,NULL,NULL,All,SEABRIGHT,NULL,NULL,NULL,-10,1200,AMPS,LIG DAC2 Telem,NULL,NULL,NULL,NULL,No,No,No,NULL,Yes,2,7,ALL-HINSON,NULL,NULL,NULL,NULL,NULL,NULL,NULL,NULL,NULL,NULL,NULL,NULL,NULL,NULL,NULL,NULL,NULL,NULL,NULL,NULL,2,l,0,.5997002,NULL,NULL,NULL,NULL,DblPrOffsetBinaryH/L,NULL,1,CDCType1,8326,SCE Analog,NULL,NULL,NULL,NULL,NULL,NULL,NULL,NULL,NULL,NULL,NULL,NULL,NULL,NULL,NULL,NULL,NULL,NULL,NULL,NULL,NULL,NULL,NULL,NULL,NULL,NULL,NULL,NULL,State_0,0,Values,NULL,NULL,NULL,NULL,20,-10,NULL,NULL,NULL,NULL,NULL,1!2!3,Class 6!Class 15!Class 6,NULL,
102707,FLOAT    MVAR,seabright,0,No,Yes,No,Yes,Yes,NULL,.05,.05,.05,NULL,NULL,NULL,NULL,NULL,NULL,NULL,NULL,NULL,Yes,NULL,XA21 Quality,NULL,NULL,NULL,NULL,NULL,NULL,All,SEABRIGHT,NULL,NULL,NULL,-15,15,MVAR,LIG DAC2 Telem,NULL,NULL,NULL,NULL,No,No,No,NULL,Yes,2,7,ALL-HINSON,NULL,NULL,NULL,NULL,NULL,NULL,NULL,NULL,NULL,NULL,NULL,NULL,NULL,NULL,NULL,NULL,NULL,NULL,NULL,NULL,2,l,0,.0074963,NULL,NULL,NULL,NULL,DblPrOffsetBinaryH/L,NULL,1,CDCType1,8327,SCE Analog,NULL,NULL,NULL,NULL,NULL,NULL,NULL,NULL,NULL,NULL,NULL,NULL,NULL,NULL,NULL,NULL,NULL,NULL,NULL,NULL,NULL,NULL,NULL,NULL,NULL,NULL,NULL,NULL,State_0,0,Values,NULL,NULL,NULL,NULL,15,-15,NULL,NULL,NULL,NULL,NULL,1!2!3,Class 15!Class 15!Class 15,NULL,
102708,FLOAT IA,seabright,0,No,Yes,No,Yes,Yes,NULL,.049504,.049504,.049504,NULL,NULL,NULL,NULL,NULL,NULL,NULL,NULL,NULL,Yes,NULL,XA21 Quality,NULL,NULL,NULL,NULL,NULL,NULL,All,SEABRIGHT,NULL,NULL,NULL,-10,1000,AMPS,LIG DAC2 Telem,NULL,NULL,NULL,NULL,No,No,No,NULL,Yes,2,7,ALL-HINSON,NULL,NULL,NULL,NULL,NULL,NULL,NULL,NULL,NULL,NULL,NULL,NULL,NULL,NULL,NULL,NULL,NULL,NULL,NULL,NULL,2,l,0,.4997501,NULL,NULL,NULL,NULL,DblPrOffsetBinaryH/L,NULL,1,CDCType1,8328,SCE Analog,NULL,NULL,NULL,NULL,NULL,NULL,NULL,NULL,NULL,NULL,NULL,NULL,NULL,NULL,NULL,NULL,NULL,NULL,NULL,NULL,NULL,NULL,NULL,NULL,NULL,NULL,NULL,NULL,State_0,0,Values,NULL,NULL,NULL,NULL,640,-10,NULL,NULL,NULL,NULL,NULL,1!2!3,Class 6!Class 15!Class 6,NULL,
102709,FLOAT IB,seabright,0,No,Yes,No,Yes,Yes,NULL,.049504,.049504,.049504,NULL,NULL,NULL,NULL,NULL,NULL,NULL,NULL,NULL,Yes,NULL,XA21 Quality,NULL,NULL,NULL,NULL,NULL,NULL,All,SEABRIGHT,NULL,NULL,NULL,-10,1000,AMPS,LIG DAC2 Telem,NULL,NULL,NULL,NULL,No,No,No,NULL,Yes,2,7,ALL-HINSON,NULL,NULL,NULL,NULL,NULL,NULL,NULL,NULL,NULL,NULL,NULL,NULL,NULL,NULL,NULL,NULL,NULL,NULL,NULL,NULL,2,l,0,.4997501,NULL,NULL,NULL,NULL,DblPrOffsetBinaryH/L,NULL,1,CDCType1,8329,SCE Analog,NULL,NULL,NULL,NULL,NULL,NULL,NULL,NULL,NULL,NULL,NULL,NULL,NULL,NULL,NULL,NULL,NULL,NULL,NULL,NULL,NULL,NULL,NULL,NULL,NULL,NULL,NULL,NULL,State_0,0,Values,NULL,NULL,NULL,NULL,640,-10,NULL,NULL,NULL,NULL,NULL,1!2!3,Class 6!Class 15!Class 6,NULL,
102710,FLOAT IC,seabright,0,No,Yes,No,Yes,Yes,NULL,.049504,.049504,.049504,NULL,NULL,NULL,NULL,NULL,NULL,NULL,NULL,NULL,Yes,NULL,XA21 Quality,NULL,NULL,NULL,NULL,NULL,NULL,All,SEABRIGHT,NULL,NULL,NULL,-10,1000,AMPS,LIG DAC2 Telem,NULL,NULL,NULL,NULL,No,No,No,NULL,Yes,2,7,ALL-HINSON,NULL,NULL,NULL,NULL,NULL,NULL,NULL,NULL,NULL,NULL,NULL,NULL,NULL,NULL,NULL,NULL,NULL,NULL,NULL,NULL,2,l,0,.4997501,NULL,NULL,NULL,NULL,DblPrOffsetBinaryH/L,NULL,1,CDCType1,8330,SCE Analog,NULL,NULL,NULL,NULL,NULL,NULL,NULL,NULL,NULL,NULL,NULL,NULL,NULL,NULL,NULL,NULL,NULL,NULL,NULL,NULL,NULL,NULL,NULL,NULL,NULL,NULL,NULL,NULL,State_0,0,Values,NULL,NULL,NULL,NULL,640,-10,NULL,NULL,NULL,NULL,NULL,1!2!3,Class 6!Class 15!Class 6,NULL,
102711,FLOAT IN,seabright,0,No,Yes,No,Yes,Yes,NULL,.00495,.00495,.00495,NULL,NULL,NULL,NULL,NULL,NULL,NULL,NULL,NULL,Yes,NULL,XA21 Quality,NULL,NULL,NULL,NULL,NULL,NULL,All,SEABRIGHT,NULL,NULL,NULL,-10,1000,AMPS,LIG DAC2 Telem,NULL,NULL,NULL,NULL,No,No,No,NULL,Yes,2,7,ALL-HINSON,NULL,NULL,NULL,NULL,NULL,NULL,NULL,NULL,NULL,NULL,NULL,NULL,NULL,NULL,NULL,NULL,NULL,NULL,NULL,NULL,2,l,0,.4997501,NULL,NULL,NULL,NULL,DblPrOffsetBinaryH/L,NULL,1,CDCType1,8331,SCE Analog,NULL,NULL,NULL,NULL,NULL,NULL,NULL,NULL,NULL,NULL,NULL,NULL,NULL,NULL,NULL,NULL,NULL,NULL,NULL,NULL,NULL,NULL,NULL,NULL,NULL,NULL,NULL,NULL,State_0,0,Values,NULL,NULL,NULL,NULL,20,-10,NULL,NULL,NULL,NULL,NULL,1!2!3,Class 6!Class 15!Class 6,NULL,
102712,NO.1 12KV CAP MVAR,seabright,0,No,Yes,No,Yes,Yes,NULL,.05,.05,.05,NULL,NULL,NULL,NULL,NULL,NULL,NULL,NULL,NULL,Yes,NULL,XA21 Quality,NULL,NULL,NULL,NULL,NULL,NULL,All,SEABRIGHT,NULL,NULL,NULL,-6,6,MVAR,LIG DAC2 Telem,NULL,NULL,NULL,NULL,No,No,No,NULL,Yes,2,7,ALL-HINSON,NULL,NULL,NULL,NULL,NULL,NULL,NULL,NULL,NULL,NULL,NULL,NULL,NULL,NULL,NULL,NULL,NULL,NULL,NULL,NULL,2,l,0,.0029985,NULL,NULL,NULL,NULL,DblPrOffsetBinaryH/L,NULL,1,CDCType1,8332,SCE Analog,NULL,NULL,NULL,NULL,NULL,NULL,NULL,NULL,NULL,NULL,NULL,NULL,NULL,NULL,NULL,NULL,NULL,NULL,NULL,NULL,NULL,NULL,NULL,NULL,NULL,NULL,NULL,NULL,State_0,0,Values,NULL,NULL,NULL,NULL,6,-6,NULL,NULL,NULL,NULL,NULL,1!2!3,Class 15!Class 15!Class 15,NULL,
102713,NO.2 12KV CAP MVAR,seabright,0,No,Yes,No,Yes,Yes,NULL,.05,.05,.05,NULL,NULL,NULL,NULL,NULL,NULL,NULL,NULL,NULL,Yes,NULL,XA21 Quality,NULL,NULL,NULL,NULL,NULL,NULL,All,SEABRIGHT,NULL,NULL,NULL,-6,6,MVAR,LIG DAC2 Telem,NULL,NULL,NULL,NULL,No,No,No,NULL,Yes,2,7,ALL-HINSON,NULL,NULL,NULL,NULL,NULL,NULL,NULL,NULL,NULL,NULL,NULL,NULL,NULL,NULL,NULL,NULL,NULL,NULL,NULL,NULL,2,l,0,.0029985,NULL,NULL,NULL,NULL,DblPrOffsetBinaryH/L,NULL,1,CDCType1,8333,SCE Analog,NULL,NULL,NULL,NULL,NULL,NULL,NULL,NULL,NULL,NULL,NULL,NULL,NULL,NULL,NULL,NULL,NULL,NULL,NULL,NULL,NULL,NULL,NULL,NULL,NULL,NULL,NULL,NULL,State_0,0,Values,NULL,NULL,NULL,NULL,6,-6,NULL,NULL,NULL,NULL,NULL,1!2!3,Class 15!Class 15!Class 15,NULL,
102714,NO.1 GRD BK 12KV VOLT,seabright,0,No,Yes,No,Yes,Yes,NULL,.0083333,.0083333,.0083333,NULL,NULL,NULL,NULL,NULL,NULL,NULL,NULL,NULL,Yes,NULL,XA21 Quality,NULL,NULL,NULL,NULL,NULL,NULL,All,SEABRIGHT,NULL,NULL,NULL,-15,15,VOLTS,LIG DAC2 Telem,NULL,NULL,NULL,NULL,No,No,No,NULL,Yes,2,7,ALL-HINSON,NULL,NULL,NULL,NULL,NULL,NULL,NULL,NULL,NULL,NULL,NULL,NULL,NULL,NULL,NULL,NULL,NULL,NULL,NULL,NULL,2,l,0,.0074963,NULL,NULL,NULL,NULL,DblPrOffsetBinaryH/L,NULL,1,CDCType1,8334,SCE Analog,NULL,NULL,NULL,NULL,NULL,NULL,NULL,NULL,NULL,NULL,NULL,NULL,NULL,NULL,NULL,NULL,NULL,NULL,NULL,NULL,NULL,NULL,NULL,NULL,NULL,NULL,NULL,NULL,State_0,0,Values,NULL,NULL,NULL,NULL,15,10,NULL,NULL,NULL,NULL,NULL,1!2!3,Class 6!Class 15!Class 6,NULL,
102715,NO.2 GRD BK 12KV VOLT,seabright,0,No,Yes,No,Yes,Yes,NULL,.0083333,.0083333,.0083333,NULL,NULL,NULL,NULL,NULL,NULL,NULL,NULL,NULL,Yes,NULL,XA21 Quality,NULL,NULL,NULL,NULL,NULL,NULL,All,SEABRIGHT,NULL,NULL,NULL,-15,15,VOLTS,LIG DAC2 Telem,NULL,NULL,NULL,NULL,No,No,No,NULL,Yes,2,7,ALL-HINSON,NULL,NULL,NULL,NULL,NULL,NULL,NULL,NULL,NULL,NULL,NULL,NULL,NULL,NULL,NULL,NULL,NULL,NULL,NULL,NULL,2,l,0,.0074963,NULL,NULL,NULL,NULL,DblPrOffsetBinaryH/L,NULL,1,CDCType1,8335,SCE Analog,NULL,NULL,NULL,NULL,NULL,NULL,NULL,NULL,NULL,NULL,NULL,NULL,NULL,NULL,NULL,NULL,NULL,NULL,NULL,NULL,NULL,NULL,NULL,NULL,NULL,NULL,NULL,NULL,State_0,0,Values,NULL,NULL,NULL,NULL,15,10,NULL,NULL,NULL,NULL,NULL,1!2!3,Class 6!Class 15!Class 6,NULL,
102716,NO.1 GRD BK 12KV AMPS,seabright,0,No,Yes,No,Yes,Yes,NULL,.0253125,.0253125,.0253125,NULL,NULL,NULL,NULL,NULL,NULL,NULL,NULL,NULL,Yes,NULL,XA21 Quality,NULL,NULL,NULL,NULL,NULL,NULL,All,SEABRIGHT,NULL,NULL,NULL,-800,800,AMPS,LIG DAC2 Telem,NULL,NULL,NULL,NULL,No,No,No,NULL,Yes,2,7,ALL-HINSON,NULL,NULL,NULL,NULL,NULL,NULL,NULL,NULL,NULL,NULL,NULL,NULL,NULL,NULL,NULL,NULL,NULL,NULL,NULL,NULL,2,l,0,.3998001,NULL,NULL,NULL,NULL,DblPrOffsetBinaryH/L,NULL,1,CDCType1,8336,SCE Analog,NULL,NULL,NULL,NULL,NULL,NULL,NULL,NULL,NULL,NULL,NULL,NULL,NULL,NULL,NULL,NULL,NULL,NULL,NULL,NULL,NULL,NULL,NULL,NULL,NULL,NULL,NULL,NULL,State_0,0,Values,NULL,NULL,NULL,NULL,800,-800,NULL,NULL,NULL,NULL,NULL,1!2!3,Class 6!Class 15!Class 6,NULL,
102717,NO.2 GRD BK 12KV AMPS,seabright,0,No,Yes,No,Yes,Yes,NULL,.0253125,.0253125,.0253125,NULL,NULL,NULL,NULL,NULL,NULL,NULL,NULL,NULL,Yes,NULL,XA21 Quality,NULL,NULL,NULL,NULL,NULL,NULL,All,SEABRIGHT,NULL,NULL,NULL,-800,800,AMPS,LIG DAC2 Telem,NULL,NULL,NULL,NULL,No,No,No,NULL,Yes,2,7,ALL-HINSON,NULL,NULL,NULL,NULL,NULL,NULL,NULL,NULL,NULL,NULL,NULL,NULL,NULL,NULL,NULL,NULL,NULL,NULL,NULL,NULL,2,l,0,.3998001,NULL,NULL,NULL,NULL,DblPrOffsetBinaryH/L,NULL,1,CDCType1,8337,SCE Analog,NULL,NULL,NULL,NULL,NULL,NULL,NULL,NULL,NULL,NULL,NULL,NULL,NULL,NULL,NULL,NULL,NULL,NULL,NULL,NULL,NULL,NULL,NULL,NULL,NULL,NULL,NULL,NULL,State_0,0,Values,NULL,NULL,NULL,NULL,800,-800,NULL,NULL,NULL,NULL,NULL,1!2!3,Class 6!Class 15!Class 6,NULL,
102718,1993-2   MVAR,seabright,0,No,Yes,No,Yes,Yes,NULL,.0483871,.0483871,.0483871,NULL,NULL,NULL,NULL,NULL,NULL,NULL,NULL,NULL,Yes,NULL,XA21 Quality,NULL,NULL,NULL,NULL,NULL,NULL,All,SEABRIGHT,NULL,NULL,NULL,-12.4000006,12.4000006,MVAR,LIG DAC2 Telem,NULL,NULL,NULL,NULL,No,No,No,NULL,Yes,1,7,ALL-HINSON,NULL,NULL,NULL,NULL,NULL,NULL,NULL,NULL,NULL,NULL,NULL,NULL,NULL,NULL,NULL,NULL,NULL,NULL,NULL,NULL,2,l,0,.0061969,NULL,NULL,NULL,NULL,DblPrOffsetBinaryH/L,NULL,1,CDCType1,8338,SCE Analog,NULL,NULL,NULL,NULL,NULL,NULL,NULL,NULL,NULL,NULL,NULL,NULL,NULL,NULL,NULL,NULL,NULL,NULL,NULL,NULL,NULL,NULL,NULL,NULL,NULL,NULL,NULL,NULL,State_0,0,Values,NULL,NULL,NULL,NULL,12,-12,NULL,NULL,NULL,NULL,NULL,1!2!3,Class 15!Class 15!Class 15,NULL,
102719,1993-2 IA,seabright,0,No,Yes,No,Yes,Yes,NULL,.0252083,.0252083,.0252083,NULL,NULL,NULL,NULL,NULL,NULL,NULL,NULL,NULL,Yes,NULL,XA21 Quality,NULL,NULL,NULL,NULL,NULL,NULL,All,SEABRIGHT,NULL,NULL,NULL,-1200,1200,AMPS,LIG DAC2 Telem,NULL,NULL,NULL,NULL,No,No,No,NULL,Yes,2,7,ALL-HINSON,NULL,NULL,NULL,NULL,NULL,NULL,NULL,NULL,NULL,NULL,NULL,NULL,NULL,NULL,NULL,NULL,NULL,NULL,NULL,NULL,2,l,0,.5997002,NULL,NULL,NULL,NULL,DblPrOffsetBinaryH/L,NULL,1,CDCType1,8339,SCE Analog,NULL,NULL,NULL,NULL,NULL,NULL,NULL,NULL,NULL,NULL,NULL,NULL,NULL,NULL,NULL,NULL,NULL,NULL,NULL,NULL,NULL,NULL,NULL,NULL,NULL,NULL,NULL,NULL,State_0,0,Values,NULL,NULL,NULL,NULL,1200,-1200,NULL,NULL,NULL,NULL,NULL,1!2!3,Class 6!Class 15!Class 6,NULL,
102720,1993-2 IB,seabright,0,No,Yes,No,Yes,Yes,NULL,.0252083,.0252083,.0252083,NULL,NULL,NULL,NULL,NULL,NULL,NULL,NULL,NULL,Yes,NULL,XA21 Quality,NULL,NULL,NULL,NULL,NULL,NULL,All,SEABRIGHT,NULL,NULL,NULL,-1200,1200,AMPS,LIG DAC2 Telem,NULL,NULL,NULL,NULL,No,No,No,NULL,Yes,2,7,ALL-HINSON,NULL,NULL,NULL,NULL,NULL,NULL,NULL,NULL,NULL,NULL,NULL,NULL,NULL,NULL,NULL,NULL,NULL,NULL,NULL,NULL,2,l,0,.5997002,NULL,NULL,NULL,NULL,DblPrOffsetBinaryH/L,NULL,1,CDCType1,8340,SCE Analog,NULL,NULL,NULL,NULL,NULL,NULL,NULL,NULL,NULL,NULL,NULL,NULL,NULL,NULL,NULL,NULL,NULL,NULL,NULL,NULL,NULL,NULL,NULL,NULL,NULL,NULL,NULL,NULL,State_0,0,Values,NULL,NULL,NULL,NULL,1200,-1200,NULL,NULL,NULL,NULL,NULL,1!2!3,Class 6!Class 15!Class 6,NULL,
102721,1993-2 IC,seabright,0,No,Yes,No,Yes,Yes,NULL,.0252083,.0252083,.0252083,NULL,NULL,NULL,NULL,NULL,NULL,NULL,NULL,NULL,Yes,NULL,XA21 Quality,NULL,NULL,NULL,NULL,NULL,NULL,All,SEABRIGHT,NULL,NULL,NULL,-1200,1200,AMPS,LIG DAC2 Telem,NULL,NULL,NULL,NULL,No,No,No,NULL,Yes,2,7,ALL-HINSON,NULL,NULL,NULL,NULL,NULL,NULL,NULL,NULL,NULL,NULL,NULL,NULL,NULL,NULL,NULL,NULL,NULL,NULL,NULL,NULL,2,l,0,.5997002,NULL,NULL,NULL,NULL,DblPrOffsetBinaryH/L,NULL,1,CDCType1,8341,SCE Analog,NULL,NULL,NULL,NULL,NULL,NULL,NULL,NULL,NULL,NULL,NULL,NULL,NULL,NULL,NULL,NULL,NULL,NULL,NULL,NULL,NULL,NULL,NULL,NULL,NULL,NULL,NULL,NULL,State_0,0,Values,NULL,NULL,NULL,NULL,1200,-1200,NULL,NULL,NULL,NULL,NULL,1!2!3,Class 6!Class 15!Class 6,NULL,
102722,1993-2  IN,seabright,0,No,Yes,No,Yes,Yes,NULL,.0254167,.0254167,.0254167,NULL,NULL,NULL,NULL,NULL,NULL,NULL,NULL,NULL,Yes,NULL,XA21 Quality,NULL,NULL,NULL,NULL,NULL,NULL,All,SEABRIGHT,NULL,NULL,NULL,-600,600,AMPS,LIG DAC2 Telem,NULL,NULL,NULL,NULL,No,No,No,NULL,Yes,2,7,ALL-HINSON,NULL,NULL,NULL,NULL,NULL,NULL,NULL,NULL,NULL,NULL,NULL,NULL,NULL,NULL,NULL,NULL,NULL,NULL,NULL,NULL,2,l,0,.2998501,NULL,NULL,NULL,NULL,DblPrOffsetBinaryH/L,NULL,1,CDCType1,8342,SCE Analog,NULL,NULL,NULL,NULL,NULL,NULL,NULL,NULL,NULL,NULL,NULL,NULL,NULL,NULL,NULL,NULL,NULL,NULL,NULL,NULL,NULL,NULL,NULL,NULL,NULL,NULL,NULL,NULL,State_0,0,Values,NULL,NULL,NULL,NULL,600,-600,NULL,NULL,NULL,NULL,NULL,1!2!3,Class 6!Class 15!Class 6,NULL,
102723,1993-3   MVAR,seabright,0,No,Yes,No,Yes,Yes,NULL,.0483871,.0483871,.0483871,NULL,NULL,NULL,NULL,NULL,NULL,NULL,NULL,NULL,Yes,NULL,XA21 Quality,NULL,NULL,NULL,NULL,NULL,NULL,All,SEABRIGHT,NULL,NULL,NULL,-12.4000006,12.4000006,MVAR,LIG DAC2 Telem,NULL,NULL,NULL,NULL,No,No,No,NULL,Yes,1,7,ALL-HINSON,NULL,NULL,NULL,NULL,NULL,NULL,NULL,NULL,NULL,NULL,NULL,NULL,NULL,NULL,NULL,NULL,NULL,NULL,NULL,NULL,2,l,0,.0061969,NULL,NULL,NULL,NULL,DblPrOffsetBinaryH/L,NULL,1,CDCType1,8343,SCE Analog,NULL,NULL,NULL,NULL,NULL,NULL,NULL,NULL,NULL,NULL,NULL,NULL,NULL,NULL,NULL,NULL,NULL,NULL,NULL,NULL,NULL,NULL,NULL,NULL,NULL,NULL,NULL,NULL,State_0,0,Values,NULL,NULL,NULL,NULL,12,-12,NULL,NULL,NULL,NULL,NULL,1!2!3,Class 15!Class 15!Class 15,NULL,
102724,1993-3 IA,seabright,0,No,Yes,No,Yes,Yes,NULL,.0252083,.0252083,.0252083,NULL,NULL,NULL,NULL,NULL,NULL,NULL,NULL,NULL,Yes,NULL,XA21 Quality,NULL,NULL,NULL,NULL,NULL,NULL,All,SEABRIGHT,NULL,NULL,NULL,-1200,1200,AMPS,LIG DAC2 Telem,NULL,NULL,NULL,NULL,No,No,No,NULL,Yes,2,7,ALL-HINSON,NULL,NULL,NULL,NULL,NULL,NULL,NULL,NULL,NULL,NULL,NULL,NULL,NULL,NULL,NULL,NULL,NULL,NULL,NULL,NULL,2,l,0,.5997002,NULL,NULL,NULL,NULL,DblPrOffsetBinaryH/L,NULL,1,CDCType1,8344,SCE Analog,NULL,NULL,NULL,NULL,NULL,NULL,NULL,NULL,NULL,NULL,NULL,NULL,NULL,NULL,NULL,NULL,NULL,NULL,NULL,NULL,NULL,NULL,NULL,NULL,NULL,NULL,NULL,NULL,State_0,0,Values,NULL,NULL,NULL,NULL,1200,-1200,NULL,NULL,NULL,NULL,NULL,1!2!3,Class 6!Class 15!Class 6,NULL,
102725,1993-3 IB,seabright,0,No,Yes,No,Yes,Yes,NULL,.0252083,.0252083,.0252083,NULL,NULL,NULL,NULL,NULL,NULL,NULL,NULL,NULL,Yes,NULL,XA21 Quality,NULL,NULL,NULL,NULL,NULL,NULL,All,SEABRIGHT,NULL,NULL,NULL,-1200,1200,AMPS,LIG DAC2 Telem,NULL,NULL,NULL,NULL,No,No,No,NULL,Yes,2,7,ALL-HINSON,NULL,NULL,NULL,NULL,NULL,NULL,NULL,NULL,NULL,NULL,NULL,NULL,NULL,NULL,NULL,NULL,NULL,NULL,NULL,NULL,2,l,0,.5997002,NULL,NULL,NULL,NULL,DblPrOffsetBinaryH/L,NULL,1,CDCType1,8345,SCE Analog,NULL,NULL,NULL,NULL,NULL,NULL,NULL,NULL,NULL,NULL,NULL,NULL,NULL,NULL,NULL,NULL,NULL,NULL,NULL,NULL,NULL,NULL,NULL,NULL,NULL,NULL,NULL,NULL,State_0,0,Values,NULL,NULL,NULL,NULL,1200,-1200,NULL,NULL,NULL,NULL,NULL,1!2!3,Class 6!Class 15!Class 6,NULL,
102726,1993-3 IC,seabright,0,No,Yes,No,Yes,Yes,NULL,.0252083,.0252083,.0252083,NULL,NULL,NULL,NULL,NULL,NULL,NULL,NULL,NULL,Yes,NULL,XA21 Quality,NULL,NULL,NULL,NULL,NULL,NULL,All,SEABRIGHT,NULL,NULL,NULL,-1200,1200,AMPS,LIG DAC2 Telem,NULL,NULL,NULL,NULL,No,No,No,NULL,Yes,2,7,ALL-HINSON,NULL,NULL,NULL,NULL,NULL,NULL,NULL,NULL,NULL,NULL,NULL,NULL,NULL,NULL,NULL,NULL,NULL,NULL,NULL,NULL,2,l,0,.5997002,NULL,NULL,NULL,NULL,DblPrOffsetBinaryH/L,NULL,1,CDCType1,8346,SCE Analog,NULL,NULL,NULL,NULL,NULL,NULL,NULL,NULL,NULL,NULL,NULL,NULL,NULL,NULL,NULL,NULL,NULL,NULL,NULL,NULL,NULL,NULL,NULL,NULL,NULL,NULL,NULL,NULL,State_0,0,Values,NULL,NULL,NULL,NULL,1200,-1200,NULL,NULL,NULL,NULL,NULL,1!2!3,Class 6!Class 15!Class 6,NULL,
102727,1993-3  IN,seabright,0,No,Yes,No,Yes,Yes,NULL,.0254167,.0254167,.0254167,NULL,NULL,NULL,NULL,NULL,NULL,NULL,NULL,NULL,Yes,NULL,XA21 Quality,NULL,NULL,NULL,NULL,NULL,NULL,All,SEABRIGHT,NULL,NULL,NULL,-600,600,AMPS,LIG DAC2 Telem,NULL,NULL,NULL,NULL,No,No,No,NULL,Yes,2,7,ALL-HINSON,NULL,NULL,NULL,NULL,NULL,NULL,NULL,NULL,NULL,NULL,NULL,NULL,NULL,NULL,NULL,NULL,NULL,NULL,NULL,NULL,2,l,0,.2998501,NULL,NULL,NULL,NULL,DblPrOffsetBinaryH/L,NULL,1,CDCType1,8347,SCE Analog,NULL,NULL,NULL,NULL,NULL,NULL,NULL,NULL,NULL,NULL,NULL,NULL,NULL,NULL,NULL,NULL,NULL,NULL,NULL,NULL,NULL,NULL,NULL,NULL,NULL,NULL,NULL,NULL,State_0,0,Values,NULL,NULL,NULL,NULL,600,-600,NULL,NULL,NULL,NULL,NULL,1!2!3,Class 6!Class 15!Class 6,NULL,
102728,1993-4   MVAR,seabright,0,No,Yes,No,Yes,Yes,NULL,.0483871,.0483871,.0483871,NULL,NULL,NULL,NULL,NULL,NULL,NULL,NULL,NULL,Yes,NULL,XA21 Quality,NULL,NULL,NULL,NULL,NULL,NULL,All,SEABRIGHT,NULL,NULL,NULL,-12.4000006,12.4000006,MVAR,LIG DAC2 Telem,NULL,NULL,NULL,NULL,No,No,No,NULL,Yes,1,7,ALL-HINSON,NULL,NULL,NULL,NULL,NULL,NULL,NULL,NULL,NULL,NULL,NULL,NULL,NULL,NULL,NULL,NULL,NULL,NULL,NULL,NULL,2,l,0,.0061969,NULL,NULL,NULL,NULL,DblPrOffsetBinaryH/L,NULL,1,CDCType1,8348,SCE Analog,NULL,NULL,NULL,NULL,NULL,NULL,NULL,NULL,NULL,NULL,NULL,NULL,NULL,NULL,NULL,NULL,NULL,NULL,NULL,NULL,NULL,NULL,NULL,NULL,NULL,NULL,NULL,NULL,State_0,0,Values,NULL,NULL,NULL,NULL,12,-12,NULL,NULL,NULL,NULL,NULL,1!2!3,Class 15!Class 15!Class 15,NULL,
104617,STATION PEAK MW,seabright,0,No,No,No,Yes,Yes,NULL,.008,.008,.008,NULL,NULL,NULL,NULL,NULL,NULL,NULL,NULL,NULL,Yes,NULL,XA21 Quality,NULL,NULL,NULL,NULL,NULL,NULL,All,SEABRIGHT,NULL,NULL,NULL,-300,300,MW,Calc,NULL,NULL,NULL,NULL,No,No,No,NULL,Yes,2,7,ALL-HINSON,NULL,NULL,NULL,NULL,NULL,NULL,NULL,NULL,NULL,NULL,NULL,NULL,NULL,NULL,NULL,NULL,NULL,NULL,NULL,NULL,NULL,NULL,NULL,NULL,NULL,NULL,NULL,NULL,NULL,NULL,NULL,NULL,NULL,NULL,NULL,NULL,NULL,NULL,NULL,NULL,NULL,NULL,NULL,NULL,NULL,NULL,NULL,NULL,NULL,NULL,NULL,NULL,NULL,NULL,NULL,NULL,NULL,NULL,NULL,NULL,NULL,NULL,State_0,0,Values,NULL,NULL,NULL,NULL,300,-300,NULL,NULL,NULL,NULL,NULL,1!2!3,Class 15!Class 15!Class 15,NULL,
104618,STATION TOTAL MW,seabright,0,No,No,No,Yes,Yes,NULL,.008,.008,.008,NULL,NULL,NULL,NULL,NULL,NULL,NULL,NULL,NULL,Yes,NULL,XA21 Quality,NULL,NULL,NULL,NULL,NULL,NULL,All,SEABRIGHT,NULL,NULL,NULL,-300,300,MW,Calc,NULL,NULL,NULL,NULL,No,No,No,NULL,Yes,2,7,ALL-HINSON,NULL,NULL,NULL,NULL,NULL,NULL,NULL,NULL,NULL,NULL,NULL,NULL,NULL,NULL,NULL,NULL,NULL,NULL,NULL,NULL,NULL,NULL,NULL,NULL,NULL,NULL,NULL,NULL,NULL,NULL,NULL,NULL,NULL,NULL,NULL,NULL,NULL,NULL,NULL,NULL,NULL,NULL,NULL,NULL,NULL,NULL,NULL,NULL,NULL,NULL,NULL,NULL,NULL,NULL,NULL,NULL,NULL,NULL,NULL,NULL,NULL,NULL,State_0,0,Values,NULL,NULL,NULL,NULL,300,-300,NULL,NULL,NULL,NULL,NULL,1!2!3,Class 15!Class 15!Class 15,NULL,
104619,STATION TOTAL MVAR,seabright,0,No,No,No,Yes,Yes,NULL,.025,.025,.025,NULL,NULL,NULL,NULL,NULL,NULL,NULL,NULL,NULL,Yes,NULL,XA21 Quality,NULL,NULL,NULL,NULL,NULL,NULL,All,SEABRIGHT,NULL,NULL,NULL,-100,100,MVAR,Calc,NULL,NULL,NULL,NULL,No,No,No,NULL,Yes,2,7,ALL-HINSON,NULL,NULL,NULL,NULL,NULL,NULL,NULL,NULL,NULL,NULL,NULL,NULL,NULL,NULL,NULL,NULL,NULL,NULL,NULL,NULL,NULL,NULL,NULL,NULL,NULL,NULL,NULL,NULL,NULL,NULL,NULL,NULL,NULL,NULL,NULL,NULL,NULL,NULL,NULL,NULL,NULL,NULL,NULL,NULL,NULL,NULL,NULL,NULL,NULL,NULL,NULL,NULL,NULL,NULL,NULL,NULL,NULL,NULL,NULL,NULL,NULL,NULL,State_0,0,Values,NULL,NULL,NULL,NULL,100,-100,NULL,NULL,NULL,NULL,NULL,1!2!3,Class 15!Class 15!Class 15,NULL,
104620,STATION PEAK MVAR,seabright,0,No,No,No,Yes,Yes,NULL,.025,.025,.025,NULL,NULL,NULL,NULL,NULL,NULL,NULL,NULL,NULL,Yes,NULL,XA21 Quality,NULL,NULL,NULL,NULL,NULL,NULL,All,SEABRIGHT,NULL,NULL,NULL,-100,100,MVAR,Calc,NULL,NULL,NULL,NULL,No,No,No,NULL,Yes,2,7,ALL-HINSON,NULL,NULL,NULL,NULL,NULL,NULL,NULL,NULL,NULL,NULL,NULL,NULL,NULL,NULL,NULL,NULL,NULL,NULL,NULL,NULL,NULL,NULL,NULL,NULL,NULL,NULL,NULL,NULL,NULL,NULL,NULL,NULL,NULL,NULL,NULL,NULL,NULL,NULL,NULL,NULL,NULL,NULL,NULL,NULL,NULL,NULL,NULL,NULL,NULL,NULL,NULL,NULL,NULL,NULL,NULL,NULL,NULL,NULL,NULL,NULL,NULL,NULL,State_0,0,Values,NULL,NULL,NULL,NULL,100,-100,NULL,NULL,NULL,NULL,NULL,1!2!3,Class 15!Class 15!Class 15,NULL,
104621,STATION PEAK TIME,seabright,1250,No,No,No,Yes,Yes,NULL,.385,.385,.385,NULL,NULL,NULL,NULL,NULL,NULL,NULL,NULL,NULL,Yes,NULL,XA21 Quality,NULL,NULL,NULL,NULL,NULL,NULL,All,SEABRIGHT,NULL,NULL,NULL,-1,2500,COUNTS,Calc,NULL,NULL,NULL,NULL,No,No,No,NULL,Yes,2,7,ALL-HINSON,NULL,NULL,NULL,NULL,NULL,NULL,NULL,NULL,NULL,NULL,NULL,NULL,NULL,NULL,NULL,NULL,NULL,NULL,NULL,NULL,NULL,NULL,NULL,NULL,NULL,NULL,NULL,NULL,NULL,NULL,NULL,NULL,NULL,NULL,NULL,NULL,NULL,NULL,NULL,NULL,NULL,NULL,NULL,NULL,NULL,NULL,NULL,NULL,NULL,NULL,NULL,NULL,NULL,NULL,NULL,NULL,NULL,NULL,NULL,NULL,NULL,NULL,State_0,0,Values,NULL,NULL,NULL,NULL,2500,-1,NULL,NULL,NULL,NULL,NULL,1!2!3,Class 15!Class 15!Class 15,NULL,
104622,STATION PEAK DAY,seabright,6.1550002,No,No,No,Yes,Yes,NULL,.0007,.0007,.0007,NULL,NULL,NULL,NULL,NULL,NULL,NULL,NULL,NULL,Yes,NULL,XA21 Quality,NULL,NULL,NULL,NULL,NULL,NULL,All,SEABRIGHT,NULL,NULL,NULL,0,13,DAY,Calc,NULL,NULL,NULL,NULL,No,No,No,NULL,Yes,2,7,ALL-HINSON,NULL,NULL,NULL,NULL,NULL,NULL,NULL,NULL,NULL,NULL,NULL,NULL,NULL,NULL,NULL,NULL,NULL,NULL,NULL,NULL,NULL,NULL,NULL,NULL,NULL,NULL,NULL,NULL,NULL,NULL,NULL,NULL,NULL,NULL,NULL,NULL,NULL,NULL,NULL,NULL,NULL,NULL,NULL,NULL,NULL,NULL,NULL,NULL,NULL,NULL,NULL,NULL,NULL,NULL,NULL,NULL,NULL,NULL,NULL,NULL,NULL,NULL,State_0,0,Values,NULL,NULL,NULL,NULL,13,0,NULL,NULL,NULL,NULL,NULL,1!2!3,Class 15!Class 15!Class 15,NULL,
104623,NO.1 BK 12KV MVA,seabright,0,No,No,No,Yes,Yes,NULL,.025,.025,.025,NULL,NULL,NULL,NULL,NULL,NULL,NULL,NULL,NULL,Yes,NULL,XA21 Quality,NULL,NULL,NULL,NULL,NULL,NULL,All,SEABRIGHT,NULL,NULL,NULL,-100,100,MVA,Calc,NULL,NULL,NULL,NULL,No,No,No,NULL,Yes,2,7,ALL-HINSON,NULL,NULL,NULL,NULL,NULL,NULL,NULL,NULL,NULL,NULL,NULL,NULL,NULL,NULL,NULL,NULL,NULL,NULL,NULL,NULL,NULL,NULL,NULL,NULL,NULL,NULL,NULL,NULL,NULL,NULL,NULL,NULL,NULL,NULL,NULL,NULL,NULL,NULL,NULL,NULL,NULL,NULL,NULL,NULL,NULL,NULL,NULL,NULL,NULL,NULL,NULL,NULL,NULL,NULL,NULL,NULL,NULL,NULL,NULL,NULL,NULL,NULL,State_0,0,Values,NULL,NULL,NULL,NULL,100,-100,NULL,NULL,NULL,NULL,NULL,1!2!3,Class 15!Class 15!Class 15,NULL,
104624,NO.2 BK 12KV MVA,seabright,0,No,No,No,Yes,Yes,NULL,.025,.025,.025,NULL,NULL,NULL,NULL,NULL,NULL,NULL,NULL,NULL,Yes,NULL,XA21 Quality,NULL,NULL,NULL,NULL,NULL,NULL,All,SEABRIGHT,NULL,NULL,NULL,-100,100,MVA,Calc,NULL,NULL,NULL,NULL,No,No,No,NULL,Yes,2,7,ALL-HINSON,NULL,NULL,NULL,NULL,NULL,NULL,NULL,NULL,NULL,NULL,NULL,NULL,NULL,NULL,NULL,NULL,NULL,NULL,NULL,NULL,NULL,NULL,NULL,NULL,NULL,NULL,NULL,NULL,NULL,NULL,NULL,NULL,NULL,NULL,NULL,NULL,NULL,NULL,NULL,NULL,NULL,NULL,NULL,NULL,NULL,NULL,NULL,NULL,NULL,NULL,NULL,NULL,NULL,NULL,NULL,NULL,NULL,NULL,NULL,NULL,NULL,NULL,State_0,0,Values,NULL,NULL,NULL,NULL,100,-100,NULL,NULL,NULL,NULL,NULL,1!2!3,Class 15!Class 15!Class 15,NULL,
104625,BANK TOTAL IA,seabright,1995,No,No,No,Yes,Yes,NULL,.0055,.0055,.0055,NULL,NULL,NULL,NULL,NULL,NULL,NULL,NULL,NULL,Yes,NULL,XA21 Quality,NULL,NULL,NULL,NULL,NULL,NULL,All,SEABRIGHT,NULL,NULL,NULL,-10,7200,AMPS,Calc,NULL,NULL,NULL,NULL,No,No,No,NULL,Yes,2,7,ALL-HINSON,NULL,NULL,NULL,NULL,NULL,NULL,NULL,NULL,NULL,NULL,NULL,NULL,NULL,NULL,NULL,NULL,NULL,NULL,NULL,NULL,NULL,NULL,NULL,NULL,NULL,NULL,NULL,NULL,NULL,NULL,NULL,NULL,NULL,NULL,NULL,NULL,NULL,NULL,NULL,NULL,NULL,NULL,NULL,NULL,NULL,NULL,NULL,NULL,NULL,NULL,NULL,NULL,NULL,NULL,NULL,NULL,NULL,NULL,NULL,NULL,NULL,NULL,State_0,0,Values,NULL,NULL,NULL,NULL,7200,-10,NULL,NULL,NULL,NULL,NULL,1!2!3,Class 15!Class 15!Class 15,NULL,
104626,BANK TOTAL IB,seabright,1995,No,No,No,Yes,Yes,NULL,.0055,.0055,.0055,NULL,NULL,NULL,NULL,NULL,NULL,NULL,NULL,NULL,Yes,NULL,XA21 Quality,NULL,NULL,NULL,NULL,NULL,NULL,All,SEABRIGHT,NULL,NULL,NULL,-10,7200,AMPS,Calc,NULL,NULL,NULL,NULL,No,No,No,NULL,Yes,2,7,ALL-HINSON,NULL,NULL,NULL,NULL,NULL,NULL,NULL,NULL,NULL,NULL,NULL,NULL,NULL,NULL,NULL,NULL,NULL,NULL,NULL,NULL,NULL,NULL,NULL,NULL,NULL,NULL,NULL,NULL,NULL,NULL,NULL,NULL,NULL,NULL,NULL,NULL,NULL,NULL,NULL,NULL,NULL,NULL,NULL,NULL,NULL,NULL,NULL,NULL,NULL,NULL,NULL,NULL,NULL,NULL,NULL,NULL,NULL,NULL,NULL,NULL,NULL,NULL,State_0,0,Values,NULL,NULL,NULL,NULL,7200,-10,NULL,NULL,NULL,NULL,NULL,1!2!3,Class 15!Class 15!Class 15,NULL,
104627,BANK TOTAL IC,seabright,1995,No,No,No,Yes,Yes,NULL,.0055,.0055,.0055,NULL,NULL,NULL,NULL,NULL,NULL,NULL,NULL,NULL,Yes,NULL,XA21 Quality,NULL,NULL,NULL,NULL,NULL,NULL,All,SEABRIGHT,NULL,NULL,NULL,-10,7200,AMPS,Calc,NULL,NULL,NULL,NULL,No,No,No,NULL,Yes,2,7,ALL-HINSON,NULL,NULL,NULL,NULL,NULL,NULL,NULL,NULL,NULL,NULL,NULL,NULL,NULL,NULL,NULL,NULL,NULL,NULL,NULL,NULL,NULL,NULL,NULL,NULL,NULL,NULL,NULL,NULL,NULL,NULL,NULL,NULL,NULL,NULL,NULL,NULL,NULL,NULL,NULL,NULL,NULL,NULL,NULL,NULL,NULL,NULL,NULL,NULL,NULL,NULL,NULL,NULL,NULL,NULL,NULL,NULL,NULL,NULL,NULL,NULL,NULL,NULL,State_0,0,Values,NULL,NULL,NULL,NULL,7200,-10,NULL,NULL,NULL,NULL,NULL,1!2!3,Class 15!Class 15!Class 15,NULL,
104628,12KV BUS AVERAGE KV,seabright,12.5,No,No,No,Yes,Yes,NULL,.1,.1,.1,NULL,NULL,NULL,NULL,NULL,NULL,NULL,NULL,NULL,Yes,NULL,XA21 Quality,NULL,NULL,NULL,NULL,NULL,NULL,All,SEABRIGHT,NULL,NULL,NULL,0,20,KV,Calc,NULL,NULL,NULL,NULL,No,No,No,NULL,Yes,2,7,ALL-HINSON,NULL,NULL,NULL,NULL,NULL,NULL,NULL,NULL,NULL,NULL,NULL,NULL,NULL,NULL,NULL,NULL,NULL,NULL,NULL,NULL,NULL,NULL,NULL,NULL,NULL,NULL,NULL,NULL,NULL,NULL,NULL,NULL,NULL,NULL,NULL,NULL,NULL,NULL,NULL,NULL,NULL,NULL,NULL,NULL,NULL,NULL,NULL,NULL,NULL,NULL,NULL,NULL,NULL,NULL,NULL,NULL,NULL,NULL,NULL,NULL,NULL,NULL,State_0,0,Values,NULL,NULL,NULL,NULL,15,9,NULL,NULL,NULL,NULL,NULL,1!2!3,Class 15!Class 15!Class 15,NULL,
104629,S328C  12SPARE,seabright,0,No,No,No,Yes,Yes,NULL,NULL,NULL,NULL,NULL,NULL,NULL,NULL,NULL,NULL,NULL,NULL,NULL,Yes,NULL,XA21 Quality,NULL,NULL,NULL,NULL,NULL,NULL,All,SEABRIGHT,NULL,NULL,NULL,-1999999,1999999,N/A,Calc,NULL,NULL,NULL,NULL,No,No,No,NULL,Yes,2,7,ALL-HINSON,NULL,NULL,NULL,NULL,NULL,NULL,NULL,NULL,NULL,NULL,NULL,NULL,NULL,NULL,NULL,NULL,NULL,NULL,NULL,NULL,NULL,NULL,NULL,NULL,NULL,NULL,NULL,NULL,NULL,NULL,NULL,NULL,NULL,NULL,NULL,NULL,NULL,NULL,NULL,NULL,NULL,NULL,NULL,NULL,NULL,NULL,NULL,NULL,NULL,NULL,NULL,NULL,NULL,NULL,NULL,NULL,NULL,NULL,NULL,NULL,NULL,NULL,State_0,0,Values,NULL,NULL,NULL,NULL,1999999,-1999999,NULL,NULL,NULL,NULL,NULL,1!2!3,Class 15!Class 15!Class 15,NULL,
104630,S328C  13SPARE,seabright,0,No,No,No,Yes,Yes,NULL,NULL,NULL,NULL,NULL,NULL,NULL,NULL,NULL,NULL,NULL,NULL,NULL,Yes,NULL,XA21 Quality,NULL,NULL,NULL,NULL,NULL,NULL,All,SEABRIGHT,NULL,NULL,NULL,-1999999,1999999,N/A,Calc,NULL,NULL,NULL,NULL,No,No,No,NULL,Yes,2,7,ALL-HINSON,NULL,NULL,NULL,NULL,NULL,NULL,NULL,NULL,NULL,NULL,NULL,NULL,NULL,NULL,NULL,NULL,NULL,NULL,NULL,NULL,NULL,NULL,NULL,NULL,NULL,NULL,NULL,NULL,NULL,NULL,NULL,NULL,NULL,NULL,NULL,NULL,NULL,NULL,NULL,NULL,NULL,NULL,NULL,NULL,NULL,NULL,NULL,NULL,NULL,NULL,NULL,NULL,NULL,NULL,NULL,NULL,NULL,NULL,NULL,NULL,NULL,NULL,State_0,0,Values,NULL,NULL,NULL,NULL,1999999,-1999999,NULL,NULL,NULL,NULL,NULL,1!2!3,Class 15!Class 15!Class 15,NULL,
