AssetID,GroupName,Description,SerialNumber,Device_RDF_ID,CRAS_UAP_NodeType,VendorTypeName,SetOrder,ComponentAlias,PhaseCode,Attachment,Propagate_Non_Point_Value,Real_Initial_Value,Integer_Initial_Value,Component_RDF_ID,ControllerSide,ControlAttributeName,OverrideTabNumber,OverrideTabRow,OverrideTabColumn,AssociationDirection,ComponentTypeName,VendorCompTypeName,StringValue,SubDeviceAssetID,DeviceCompTypeName,StatusPointNumber,AnalogPointNumber,AccumPointNumber,RaiseLwPointNumber,CmePointNumber,StationNameRef,AccessZone,AccessArea,GroupNamePrimary,GroupNameSecondary,AORName,DCT_Point,ParentDevice,ChildDeviceModelType,DeviceName,StructureName,LanAddress,WanAddress,OmsStructureNumber,OmsLineDeviceNumber,DcwId,DeviceAttribute,LatLong,ScanFrequency,HealthCheckFrequency,HealthCheckRetry,TimeToLive,Luck,Mood,Priority,ReturnReceipt,MaxSendAttempts,LoadDropDevice,PrimaryMcc,SecondaryMcc,TertiaryMcc,TestPointNumber
DMS.NO.1 CAPS SW_29706_29706,EMS,NULL,NULL,NULL,NULL,SWITCH,1,Switch_Position,ABC,NULL,NULL,NULL,NULL,NULL,NULL,NULL,NULL,NULL,NULL,NULL,SW_POS,NULL,NULL,NULL,NULL,CAJALCO,NULL,NULL,NULL,NULL,CAJALCO,NULL,NULL,NULL,NULL,NULL,NULL,NULL,NULL,NULL,NULL,NULL,NULL,NULL,NULL,NULL,NULL,NULL,NULL,NULL,NULL,NULL,NULL,NULL,NULL,NULL,NULL,NULL,NULL,NULL,NULL,NULL
DMS.NO.3 CAPS SW_37137_37137,EMS,NULL,NULL,NULL,NULL,SWITCH,1,Switch_Position,ABC,NULL,NULL,NULL,NULL,NULL,NULL,NULL,NULL,NULL,NULL,NULL,SW_POS,NULL,NULL,NULL,NULL,CAJALCO,NULL,NULL,NULL,NULL,CAJALCO,NULL,NULL,NULL,NULL,NULL,NULL,NULL,NULL,NULL,NULL,NULL,NULL,NULL,NULL,NULL,NULL,NULL,NULL,NULL,NULL,NULL,NULL,NULL,NULL,NULL,NULL,NULL,NULL,NULL,NULL,NULL
DMS.AIDEN 12K OOB DSC_72664_72664,EMS,NULL,NULL,NULL,NULL,SWITCH,1,Switch_Position,ABC,NULL,NULL,NULL,NULL,NULL,NULL,NULL,NULL,NULL,NULL,NULL,SW_POS,NULL,NULL,NULL,NULL,CAJALCO,NULL,NULL,NULL,NULL,CAJALCO,NULL,NULL,NULL,NULL,NULL,NULL,NULL,NULL,NULL,NULL,NULL,NULL,NULL,NULL,NULL,NULL,NULL,NULL,NULL,NULL,NULL,NULL,NULL,NULL,NULL,NULL,NULL,NULL,NULL,NULL,NULL
DMS.TRAUTWEIN OOB DSC_72890_72890,EMS,NULL,NULL,NULL,NULL,SWITCH,1,Switch_Position,ABC,NULL,NULL,NULL,NULL,NULL,NULL,NULL,NULL,NULL,NULL,NULL,SW_POS,NULL,NULL,NULL,NULL,CAJALCO,NULL,NULL,NULL,NULL,CAJALCO,NULL,NULL,NULL,NULL,NULL,NULL,NULL,NULL,NULL,NULL,NULL,NULL,NULL,NULL,NULL,NULL,NULL,NULL,NULL,NULL,NULL,NULL,NULL,NULL,NULL,NULL,NULL,NULL,NULL,NULL,NULL
DMS.TRAUTWEIN IOB DSC_72891_72891,EMS,NULL,NULL,NULL,NULL,SWITCH,1,Switch_Position,ABC,NULL,NULL,NULL,NULL,NULL,NULL,NULL,NULL,NULL,NULL,NULL,SW_POS,NULL,NULL,NULL,NULL,CAJALCO,NULL,NULL,NULL,NULL,CAJALCO,NULL,NULL,NULL,NULL,NULL,NULL,NULL,NULL,NULL,NULL,NULL,NULL,NULL,NULL,NULL,NULL,NULL,NULL,NULL,NULL,NULL,NULL,NULL,NULL,NULL,NULL,NULL,NULL,NULL,NULL,NULL
DMS.TRAUTWEIN CB_72892_72892,EMS,NULL,NULL,NULL,NULL,SWITCH,1,Switch_Position,ABC,NULL,NULL,NULL,NULL,NULL,NULL,NULL,NULL,NULL,NULL,NULL,SW_POS,NULL,NULL,NULL,NULL,CAJALCO,NULL,NULL,NULL,NULL,CAJALCO,NULL,NULL,NULL,NULL,NULL,NULL,NULL,NULL,NULL,NULL,NULL,NULL,NULL,NULL,NULL,NULL,NULL,NULL,NULL,NULL,NULL,NULL,NULL,NULL,NULL,NULL,NULL,NULL,NULL,NULL,NULL
DMS.TRAUTWEIN LINE DISC_72893_72893,EMS,NULL,NULL,NULL,NULL,SWITCH,1,Switch_Position,ABC,NULL,NULL,NULL,NULL,NULL,NULL,NULL,NULL,NULL,NULL,NULL,SW_POS,NULL,NULL,NULL,NULL,CAJALCO,NULL,NULL,NULL,NULL,CAJALCO,NULL,NULL,NULL,NULL,NULL,NULL,NULL,NULL,NULL,NULL,NULL,NULL,NULL,NULL,NULL,NULL,NULL,NULL,NULL,NULL,NULL,NULL,NULL,NULL,NULL,NULL,NULL,NULL,NULL,NULL,NULL
DMS.TRAUTWEIN TRBUS DISC_72894_72894,EMS,NULL,NULL,NULL,NULL,SWITCH,1,Switch_Position,ABC,NULL,NULL,NULL,NULL,NULL,NULL,NULL,NULL,NULL,NULL,NULL,SW_POS,NULL,NULL,NULL,NULL,CAJALCO,NULL,NULL,NULL,NULL,CAJALCO,NULL,NULL,NULL,NULL,NULL,NULL,NULL,NULL,NULL,NULL,NULL,NULL,NULL,NULL,NULL,NULL,NULL,NULL,NULL,NULL,NULL,NULL,NULL,NULL,NULL,NULL,NULL,NULL,NULL,NULL,NULL
DMS.PARSONS OOB DSC_72895_72895,EMS,NULL,NULL,NULL,NULL,SWITCH,1,Switch_Position,ABC,NULL,NULL,NULL,NULL,NULL,NULL,NULL,NULL,NULL,NULL,NULL,SW_POS,NULL,NULL,NULL,NULL,CAJALCO,NULL,NULL,NULL,NULL,CAJALCO,NULL,NULL,NULL,NULL,NULL,NULL,NULL,NULL,NULL,NULL,NULL,NULL,NULL,NULL,NULL,NULL,NULL,NULL,NULL,NULL,NULL,NULL,NULL,NULL,NULL,NULL,NULL,NULL,NULL,NULL,NULL
DMS.PARSONS IOB DSC_72896_72896,EMS,NULL,NULL,NULL,NULL,SWITCH,1,Switch_Position,ABC,NULL,NULL,NULL,NULL,NULL,NULL,NULL,NULL,NULL,NULL,NULL,SW_POS,NULL,NULL,NULL,NULL,CAJALCO,NULL,NULL,NULL,NULL,CAJALCO,NULL,NULL,NULL,NULL,NULL,NULL,NULL,NULL,NULL,NULL,NULL,NULL,NULL,NULL,NULL,NULL,NULL,NULL,NULL,NULL,NULL,NULL,NULL,NULL,NULL,NULL,NULL,NULL,NULL,NULL,NULL
DMS.PARSONS CB_72897_72897,EMS,NULL,NULL,NULL,NULL,SWITCH,1,Switch_Position,ABC,NULL,NULL,NULL,NULL,NULL,NULL,NULL,NULL,NULL,NULL,NULL,SW_POS,NULL,NULL,NULL,NULL,CAJALCO,NULL,NULL,NULL,NULL,CAJALCO,NULL,NULL,NULL,NULL,NULL,NULL,NULL,NULL,NULL,NULL,NULL,NULL,NULL,NULL,NULL,NULL,NULL,NULL,NULL,NULL,NULL,NULL,NULL,NULL,NULL,NULL,NULL,NULL,NULL,NULL,NULL
DMS.PARSONS LINE DISC_72898_72898,EMS,NULL,NULL,NULL,NULL,SWITCH,1,Switch_Position,ABC,NULL,NULL,NULL,NULL,NULL,NULL,NULL,NULL,NULL,NULL,NULL,SW_POS,NULL,NULL,NULL,NULL,CAJALCO,NULL,NULL,NULL,NULL,CAJALCO,NULL,NULL,NULL,NULL,NULL,NULL,NULL,NULL,NULL,NULL,NULL,NULL,NULL,NULL,NULL,NULL,NULL,NULL,NULL,NULL,NULL,NULL,NULL,NULL,NULL,NULL,NULL,NULL,NULL,NULL,NULL
DMS.PARSONS TRBUS DISC_72899_72899,EMS,NULL,NULL,NULL,NULL,SWITCH,1,Switch_Position,ABC,NULL,NULL,NULL,NULL,NULL,NULL,NULL,NULL,NULL,NULL,NULL,SW_POS,NULL,NULL,NULL,NULL,CAJALCO,NULL,NULL,NULL,NULL,CAJALCO,NULL,NULL,NULL,NULL,NULL,NULL,NULL,NULL,NULL,NULL,NULL,NULL,NULL,NULL,NULL,NULL,NULL,NULL,NULL,NULL,NULL,NULL,NULL,NULL,NULL,NULL,NULL,NULL,NULL,NULL,NULL
DMS.PINEWOOD OOB DSC_72900_72900,EMS,NULL,NULL,NULL,NULL,SWITCH,1,Switch_Position,ABC,NULL,NULL,NULL,NULL,NULL,NULL,NULL,NULL,NULL,NULL,NULL,SW_POS,NULL,NULL,NULL,NULL,CAJALCO,NULL,NULL,NULL,NULL,CAJALCO,NULL,NULL,NULL,NULL,NULL,NULL,NULL,NULL,NULL,NULL,NULL,NULL,NULL,NULL,NULL,NULL,NULL,NULL,NULL,NULL,NULL,NULL,NULL,NULL,NULL,NULL,NULL,NULL,NULL,NULL,NULL
DMS.PINEWOOD IOB DSC_72901_72901,EMS,NULL,NULL,NULL,NULL,SWITCH,1,Switch_Position,ABC,NULL,NULL,NULL,NULL,NULL,NULL,NULL,NULL,NULL,NULL,NULL,SW_POS,NULL,NULL,NULL,NULL,CAJALCO,NULL,NULL,NULL,NULL,CAJALCO,NULL,NULL,NULL,NULL,NULL,NULL,NULL,NULL,NULL,NULL,NULL,NULL,NULL,NULL,NULL,NULL,NULL,NULL,NULL,NULL,NULL,NULL,NULL,NULL,NULL,NULL,NULL,NULL,NULL,NULL,NULL
DMS.PINEWOOD CB_72902_72902,EMS,NULL,NULL,NULL,NULL,SWITCH,1,Switch_Position,ABC,NULL,NULL,NULL,NULL,NULL,NULL,NULL,NULL,NULL,NULL,NULL,SW_POS,NULL,NULL,NULL,NULL,CAJALCO,NULL,NULL,NULL,NULL,CAJALCO,NULL,NULL,NULL,NULL,NULL,NULL,NULL,NULL,NULL,NULL,NULL,NULL,NULL,NULL,NULL,NULL,NULL,NULL,NULL,NULL,NULL,NULL,NULL,NULL,NULL,NULL,NULL,NULL,NULL,NULL,NULL
DMS.PINEWOOD LINE DISC_72903_72903,EMS,NULL,NULL,NULL,NULL,SWITCH,1,Switch_Position,ABC,NULL,NULL,NULL,NULL,NULL,NULL,NULL,NULL,NULL,NULL,NULL,SW_POS,NULL,NULL,NULL,NULL,CAJALCO,NULL,NULL,NULL,NULL,CAJALCO,NULL,NULL,NULL,NULL,NULL,NULL,NULL,NULL,NULL,NULL,NULL,NULL,NULL,NULL,NULL,NULL,NULL,NULL,NULL,NULL,NULL,NULL,NULL,NULL,NULL,NULL,NULL,NULL,NULL,NULL,NULL
DMS.PINEWOOD TRBUS DISC_72904_72904,EMS,NULL,NULL,NULL,NULL,SWITCH,1,Switch_Position,ABC,NULL,NULL,NULL,NULL,NULL,NULL,NULL,NULL,NULL,NULL,NULL,SW_POS,NULL,NULL,NULL,NULL,CAJALCO,NULL,NULL,NULL,NULL,CAJALCO,NULL,NULL,NULL,NULL,NULL,NULL,NULL,NULL,NULL,NULL,NULL,NULL,NULL,NULL,NULL,NULL,NULL,NULL,NULL,NULL,NULL,NULL,NULL,NULL,NULL,NULL,NULL,NULL,NULL,NULL,NULL
DMS.TAVA OOB DSC_72905_72905,EMS,NULL,NULL,NULL,NULL,SWITCH,1,Switch_Position,ABC,NULL,NULL,NULL,NULL,NULL,NULL,NULL,NULL,NULL,NULL,NULL,SW_POS,NULL,NULL,NULL,NULL,CAJALCO,NULL,NULL,NULL,NULL,CAJALCO,NULL,NULL,NULL,NULL,NULL,NULL,NULL,NULL,NULL,NULL,NULL,NULL,NULL,NULL,NULL,NULL,NULL,NULL,NULL,NULL,NULL,NULL,NULL,NULL,NULL,NULL,NULL,NULL,NULL,NULL,NULL
DMS.TAVA IOB DSC_72906_72906,EMS,NULL,NULL,NULL,NULL,SWITCH,1,Switch_Position,ABC,NULL,NULL,NULL,NULL,NULL,NULL,NULL,NULL,NULL,NULL,NULL,SW_POS,NULL,NULL,NULL,NULL,CAJALCO,NULL,NULL,NULL,NULL,CAJALCO,NULL,NULL,NULL,NULL,NULL,NULL,NULL,NULL,NULL,NULL,NULL,NULL,NULL,NULL,NULL,NULL,NULL,NULL,NULL,NULL,NULL,NULL,NULL,NULL,NULL,NULL,NULL,NULL,NULL,NULL,NULL
DMS.TAVA CB_72907_72907,EMS,NULL,NULL,NULL,NULL,SWITCH,1,Switch_Position,ABC,NULL,NULL,NULL,NULL,NULL,NULL,NULL,NULL,NULL,NULL,NULL,SW_POS,NULL,NULL,NULL,NULL,CAJALCO,NULL,NULL,NULL,NULL,CAJALCO,NULL,NULL,NULL,NULL,NULL,NULL,NULL,NULL,NULL,NULL,NULL,NULL,NULL,NULL,NULL,NULL,NULL,NULL,NULL,NULL,NULL,NULL,NULL,NULL,NULL,NULL,NULL,NULL,NULL,NULL,NULL
DMS.TAVA LINE DISC_72908_72908,EMS,NULL,NULL,NULL,NULL,SWITCH,1,Switch_Position,ABC,NULL,NULL,NULL,NULL,NULL,NULL,NULL,NULL,NULL,NULL,NULL,SW_POS,NULL,NULL,NULL,NULL,CAJALCO,NULL,NULL,NULL,NULL,CAJALCO,NULL,NULL,NULL,NULL,NULL,NULL,NULL,NULL,NULL,NULL,NULL,NULL,NULL,NULL,NULL,NULL,NULL,NULL,NULL,NULL,NULL,NULL,NULL,NULL,NULL,NULL,NULL,NULL,NULL,NULL,NULL
DMS.TAVA TRBUS DISC_72909_72909,EMS,NULL,NULL,NULL,NULL,SWITCH,1,Switch_Position,ABC,NULL,NULL,NULL,NULL,NULL,NULL,NULL,NULL,NULL,NULL,NULL,SW_POS,NULL,NULL,NULL,NULL,CAJALCO,NULL,NULL,NULL,NULL,CAJALCO,NULL,NULL,NULL,NULL,NULL,NULL,NULL,NULL,NULL,NULL,NULL,NULL,NULL,NULL,NULL,NULL,NULL,NULL,NULL,NULL,NULL,NULL,NULL,NULL,NULL,NULL,NULL,NULL,NULL,NULL,NULL
DMS.NO.1 BK OOB DSC_72910_72910,EMS,NULL,NULL,NULL,NULL,SWITCH,1,Switch_Position,ABC,NULL,NULL,NULL,NULL,NULL,NULL,NULL,NULL,NULL,NULL,NULL,SW_POS,NULL,NULL,NULL,NULL,CAJALCO,NULL,NULL,NULL,NULL,CAJALCO,NULL,NULL,NULL,NULL,NULL,NULL,NULL,NULL,NULL,NULL,NULL,NULL,NULL,NULL,NULL,NULL,NULL,NULL,NULL,NULL,NULL,NULL,NULL,NULL,NULL,NULL,NULL,NULL,NULL,NULL,NULL
DMS.NO.1 BK 12KV IOB DSC_72911_72911,EMS,NULL,NULL,NULL,NULL,SWITCH,1,Switch_Position,ABC,NULL,NULL,NULL,NULL,NULL,NULL,NULL,NULL,NULL,NULL,NULL,SW_POS,NULL,NULL,NULL,NULL,CAJALCO,NULL,NULL,NULL,NULL,CAJALCO,NULL,NULL,NULL,NULL,NULL,NULL,NULL,NULL,NULL,NULL,NULL,NULL,NULL,NULL,NULL,NULL,NULL,NULL,NULL,NULL,NULL,NULL,NULL,NULL,NULL,NULL,NULL,NULL,NULL,NULL,NULL
DMS.NO.1 BK LS CB_72912_72912,EMS,NULL,NULL,NULL,NULL,SWITCH,1,Switch_Position,ABC,NULL,NULL,NULL,NULL,NULL,NULL,NULL,NULL,NULL,NULL,NULL,SW_POS,NULL,NULL,NULL,NULL,CAJALCO,NULL,NULL,NULL,NULL,CAJALCO,NULL,NULL,NULL,NULL,NULL,NULL,NULL,NULL,NULL,NULL,NULL,NULL,NULL,NULL,NULL,NULL,NULL,NULL,NULL,NULL,NULL,NULL,NULL,NULL,NULL,NULL,NULL,NULL,NULL,NULL,NULL
DMS.NO.1 BK 12KV BK DSC_72913_72913,EMS,NULL,NULL,NULL,NULL,SWITCH,1,Switch_Position,ABC,NULL,NULL,NULL,NULL,NULL,NULL,NULL,NULL,NULL,NULL,NULL,SW_POS,NULL,NULL,NULL,NULL,CAJALCO,NULL,NULL,NULL,NULL,CAJALCO,NULL,NULL,NULL,NULL,NULL,NULL,NULL,NULL,NULL,NULL,NULL,NULL,NULL,NULL,NULL,NULL,NULL,NULL,NULL,NULL,NULL,NULL,NULL,NULL,NULL,NULL,NULL,NULL,NULL,NULL,NULL
DMS.NO.1 BK 12KV TB DSC_72914_72914,EMS,NULL,NULL,NULL,NULL,SWITCH,1,Switch_Position,ABC,NULL,NULL,NULL,NULL,NULL,NULL,NULL,NULL,NULL,NULL,NULL,SW_POS,NULL,NULL,NULL,NULL,CAJALCO,NULL,NULL,NULL,NULL,CAJALCO,NULL,NULL,NULL,NULL,NULL,NULL,NULL,NULL,NULL,NULL,NULL,NULL,NULL,NULL,NULL,NULL,NULL,NULL,NULL,NULL,NULL,NULL,NULL,NULL,NULL,NULL,NULL,NULL,NULL,NULL,NULL
DMS.12KV OOB SEC A-B SECT DSC_72915_72915,EMS,NULL,NULL,NULL,NULL,SWITCH,1,Switch_Position,ABC,NULL,NULL,NULL,NULL,NULL,NULL,NULL,NULL,NULL,NULL,NULL,SW_POS,NULL,NULL,NULL,NULL,CAJALCO,NULL,NULL,NULL,NULL,CAJALCO,NULL,NULL,NULL,NULL,NULL,NULL,NULL,NULL,NULL,NULL,NULL,NULL,NULL,NULL,NULL,NULL,NULL,NULL,NULL,NULL,NULL,NULL,NULL,NULL,NULL,NULL,NULL,NULL,NULL,NULL,NULL
DMS.12KV IOB SEC A-B SEC DSC_72916_72916,EMS,NULL,NULL,NULL,NULL,SWITCH,1,Switch_Position,ABC,NULL,NULL,NULL,NULL,NULL,NULL,NULL,NULL,NULL,NULL,NULL,SW_POS,NULL,NULL,NULL,NULL,CAJALCO,NULL,NULL,NULL,NULL,CAJALCO,NULL,NULL,NULL,NULL,NULL,NULL,NULL,NULL,NULL,NULL,NULL,NULL,NULL,NULL,NULL,NULL,NULL,NULL,NULL,NULL,NULL,NULL,NULL,NULL,NULL,NULL,NULL,NULL,NULL,NULL,NULL
DMS.12KV BUSTIE OOB DSC_72917_72917,EMS,NULL,NULL,NULL,NULL,SWITCH,1,Switch_Position,ABC,NULL,NULL,NULL,NULL,NULL,NULL,NULL,NULL,NULL,NULL,NULL,SW_POS,NULL,NULL,NULL,NULL,CAJALCO,NULL,NULL,NULL,NULL,CAJALCO,NULL,NULL,NULL,NULL,NULL,NULL,NULL,NULL,NULL,NULL,NULL,NULL,NULL,NULL,NULL,NULL,NULL,NULL,NULL,NULL,NULL,NULL,NULL,NULL,NULL,NULL,NULL,NULL,NULL,NULL,NULL
DMS.12KV BUSTIE IOB DSC_72918_72918,EMS,NULL,NULL,NULL,NULL,SWITCH,1,Switch_Position,ABC,NULL,NULL,NULL,NULL,NULL,NULL,NULL,NULL,NULL,NULL,NULL,SW_POS,NULL,NULL,NULL,NULL,CAJALCO,NULL,NULL,NULL,NULL,CAJALCO,NULL,NULL,NULL,NULL,NULL,NULL,NULL,NULL,NULL,NULL,NULL,NULL,NULL,NULL,NULL,NULL,NULL,NULL,NULL,NULL,NULL,NULL,NULL,NULL,NULL,NULL,NULL,NULL,NULL,NULL,NULL
DMS.12KV BUSTIE POS DISC_72919_72919,EMS,NULL,NULL,NULL,NULL,SWITCH,1,Switch_Position,ABC,NULL,NULL,NULL,NULL,NULL,NULL,NULL,NULL,NULL,NULL,NULL,SW_POS,NULL,NULL,NULL,NULL,CAJALCO,NULL,NULL,NULL,NULL,CAJALCO,NULL,NULL,NULL,NULL,NULL,NULL,NULL,NULL,NULL,NULL,NULL,NULL,NULL,NULL,NULL,NULL,NULL,NULL,NULL,NULL,NULL,NULL,NULL,NULL,NULL,NULL,NULL,NULL,NULL,NULL,NULL
DMS.B.T. 12KV CB_72920_72920,EMS,NULL,NULL,NULL,NULL,SWITCH,1,Switch_Position,ABC,NULL,NULL,NULL,NULL,NULL,NULL,NULL,NULL,NULL,NULL,NULL,SW_POS,NULL,NULL,NULL,NULL,CAJALCO,NULL,NULL,NULL,NULL,CAJALCO,NULL,NULL,NULL,NULL,NULL,NULL,NULL,NULL,NULL,NULL,NULL,NULL,NULL,NULL,NULL,NULL,NULL,NULL,NULL,NULL,NULL,NULL,NULL,NULL,NULL,NULL,NULL,NULL,NULL,NULL,NULL
DMS.12KV BUSTIE TRBUS DISC_72921_72921,EMS,NULL,NULL,NULL,NULL,SWITCH,1,Switch_Position,ABC,NULL,NULL,NULL,NULL,NULL,NULL,NULL,NULL,NULL,NULL,NULL,SW_POS,NULL,NULL,NULL,NULL,CAJALCO,NULL,NULL,NULL,NULL,CAJALCO,NULL,NULL,NULL,NULL,NULL,NULL,NULL,NULL,NULL,NULL,NULL,NULL,NULL,NULL,NULL,NULL,NULL,NULL,NULL,NULL,NULL,NULL,NULL,NULL,NULL,NULL,NULL,NULL,NULL,NULL,NULL
DMS.12KV OOB SEC B-C  SECT DSC_72922_72922,EMS,NULL,NULL,NULL,NULL,SWITCH,1,Switch_Position,ABC,NULL,NULL,NULL,NULL,NULL,NULL,NULL,NULL,NULL,NULL,NULL,SW_POS,NULL,NULL,NULL,NULL,CAJALCO,NULL,NULL,NULL,NULL,CAJALCO,NULL,NULL,NULL,NULL,NULL,NULL,NULL,NULL,NULL,NULL,NULL,NULL,NULL,NULL,NULL,NULL,NULL,NULL,NULL,NULL,NULL,NULL,NULL,NULL,NULL,NULL,NULL,NULL,NULL,NULL,NULL
DMS.12KV IOB SEC B-C SEC DSC_72923_72923,EMS,NULL,NULL,NULL,NULL,SWITCH,1,Switch_Position,ABC,NULL,NULL,NULL,NULL,NULL,NULL,NULL,NULL,NULL,NULL,NULL,SW_POS,NULL,NULL,NULL,NULL,CAJALCO,NULL,NULL,NULL,NULL,CAJALCO,NULL,NULL,NULL,NULL,NULL,NULL,NULL,NULL,NULL,NULL,NULL,NULL,NULL,NULL,NULL,NULL,NULL,NULL,NULL,NULL,NULL,NULL,NULL,NULL,NULL,NULL,NULL,NULL,NULL,NULL,NULL
DMS.NO.2 BK 12KV OOB DISC_72924_72924,EMS,NULL,NULL,NULL,NULL,SWITCH,1,Switch_Position,ABC,NULL,NULL,NULL,NULL,NULL,NULL,NULL,NULL,NULL,NULL,NULL,SW_POS,NULL,NULL,NULL,NULL,CAJALCO,NULL,NULL,NULL,NULL,CAJALCO,NULL,NULL,NULL,NULL,NULL,NULL,NULL,NULL,NULL,NULL,NULL,NULL,NULL,NULL,NULL,NULL,NULL,NULL,NULL,NULL,NULL,NULL,NULL,NULL,NULL,NULL,NULL,NULL,NULL,NULL,NULL
DMS.NO.2 BK 12KV IOB DSC_72925_72925,EMS,NULL,NULL,NULL,NULL,SWITCH,1,Switch_Position,ABC,NULL,NULL,NULL,NULL,NULL,NULL,NULL,NULL,NULL,NULL,NULL,SW_POS,NULL,NULL,NULL,NULL,CAJALCO,NULL,NULL,NULL,NULL,CAJALCO,NULL,NULL,NULL,NULL,NULL,NULL,NULL,NULL,NULL,NULL,NULL,NULL,NULL,NULL,NULL,NULL,NULL,NULL,NULL,NULL,NULL,NULL,NULL,NULL,NULL,NULL,NULL,NULL,NULL,NULL,NULL
DMS.NO.2 BK LS CB_72926_72926,EMS,NULL,NULL,NULL,NULL,SWITCH,1,Switch_Position,ABC,NULL,NULL,NULL,NULL,NULL,NULL,NULL,NULL,NULL,NULL,NULL,SW_POS,NULL,NULL,NULL,NULL,CAJALCO,NULL,NULL,NULL,NULL,CAJALCO,NULL,NULL,NULL,NULL,NULL,NULL,NULL,NULL,NULL,NULL,NULL,NULL,NULL,NULL,NULL,NULL,NULL,NULL,NULL,NULL,NULL,NULL,NULL,NULL,NULL,NULL,NULL,NULL,NULL,NULL,NULL
DMS.NO.2 BK 12KV BK DSC_72927_72927,EMS,NULL,NULL,NULL,NULL,SWITCH,1,Switch_Position,ABC,NULL,NULL,NULL,NULL,NULL,NULL,NULL,NULL,NULL,NULL,NULL,SW_POS,NULL,NULL,NULL,NULL,CAJALCO,NULL,NULL,NULL,NULL,CAJALCO,NULL,NULL,NULL,NULL,NULL,NULL,NULL,NULL,NULL,NULL,NULL,NULL,NULL,NULL,NULL,NULL,NULL,NULL,NULL,NULL,NULL,NULL,NULL,NULL,NULL,NULL,NULL,NULL,NULL,NULL,NULL
DMS.NO.2 BK 12KV TB DSC_72928_72928,EMS,NULL,NULL,NULL,NULL,SWITCH,1,Switch_Position,ABC,NULL,NULL,NULL,NULL,NULL,NULL,NULL,NULL,NULL,NULL,NULL,SW_POS,NULL,NULL,NULL,NULL,CAJALCO,NULL,NULL,NULL,NULL,CAJALCO,NULL,NULL,NULL,NULL,NULL,NULL,NULL,NULL,NULL,NULL,NULL,NULL,NULL,NULL,NULL,NULL,NULL,NULL,NULL,NULL,NULL,NULL,NULL,NULL,NULL,NULL,NULL,NULL,NULL,NULL,NULL
DMS.KIMDALE OOB DISC_72929_72929,EMS,NULL,NULL,NULL,NULL,SWITCH,1,Switch_Position,ABC,NULL,NULL,NULL,NULL,NULL,NULL,NULL,NULL,NULL,NULL,NULL,SW_POS,NULL,NULL,NULL,NULL,CAJALCO,NULL,NULL,NULL,NULL,CAJALCO,NULL,NULL,NULL,NULL,NULL,NULL,NULL,NULL,NULL,NULL,NULL,NULL,NULL,NULL,NULL,NULL,NULL,NULL,NULL,NULL,NULL,NULL,NULL,NULL,NULL,NULL,NULL,NULL,NULL,NULL,NULL
DMS.KIMDALE IOB DSC_72930_72930,EMS,NULL,NULL,NULL,NULL,SWITCH,1,Switch_Position,ABC,NULL,NULL,NULL,NULL,NULL,NULL,NULL,NULL,NULL,NULL,NULL,SW_POS,NULL,NULL,NULL,NULL,CAJALCO,NULL,NULL,NULL,NULL,CAJALCO,NULL,NULL,NULL,NULL,NULL,NULL,NULL,NULL,NULL,NULL,NULL,NULL,NULL,NULL,NULL,NULL,NULL,NULL,NULL,NULL,NULL,NULL,NULL,NULL,NULL,NULL,NULL,NULL,NULL,NULL,NULL
DMS.KIMDALE CB_72931_72931,EMS,NULL,NULL,NULL,NULL,SWITCH,1,Switch_Position,ABC,NULL,NULL,NULL,NULL,NULL,NULL,NULL,NULL,NULL,NULL,NULL,SW_POS,NULL,NULL,NULL,NULL,CAJALCO,NULL,NULL,NULL,NULL,CAJALCO,NULL,NULL,NULL,NULL,NULL,NULL,NULL,NULL,NULL,NULL,NULL,NULL,NULL,NULL,NULL,NULL,NULL,NULL,NULL,NULL,NULL,NULL,NULL,NULL,NULL,NULL,NULL,NULL,NULL,NULL,NULL
DMS.KIMDALE LINE DISC_72932_72932,EMS,NULL,NULL,NULL,NULL,SWITCH,1,Switch_Position,ABC,NULL,NULL,NULL,NULL,NULL,NULL,NULL,NULL,NULL,NULL,NULL,SW_POS,NULL,NULL,NULL,NULL,CAJALCO,NULL,NULL,NULL,NULL,CAJALCO,NULL,NULL,NULL,NULL,NULL,NULL,NULL,NULL,NULL,NULL,NULL,NULL,NULL,NULL,NULL,NULL,NULL,NULL,NULL,NULL,NULL,NULL,NULL,NULL,NULL,NULL,NULL,NULL,NULL,NULL,NULL
DMS.KIMDALE TRBUS DISC_72933_72933,EMS,NULL,NULL,NULL,NULL,SWITCH,1,Switch_Position,ABC,NULL,NULL,NULL,NULL,NULL,NULL,NULL,NULL,NULL,NULL,NULL,SW_POS,NULL,NULL,NULL,NULL,CAJALCO,NULL,NULL,NULL,NULL,CAJALCO,NULL,NULL,NULL,NULL,NULL,NULL,NULL,NULL,NULL,NULL,NULL,NULL,NULL,NULL,NULL,NULL,NULL,NULL,NULL,NULL,NULL,NULL,NULL,NULL,NULL,NULL,NULL,NULL,NULL,NULL,NULL
DMS.ROADRUNNER OOB DISC_72934_72934,EMS,NULL,NULL,NULL,NULL,SWITCH,1,Switch_Position,ABC,NULL,NULL,NULL,NULL,NULL,NULL,NULL,NULL,NULL,NULL,NULL,SW_POS,NULL,NULL,NULL,NULL,CAJALCO,NULL,NULL,NULL,NULL,CAJALCO,NULL,NULL,NULL,NULL,NULL,NULL,NULL,NULL,NULL,NULL,NULL,NULL,NULL,NULL,NULL,NULL,NULL,NULL,NULL,NULL,NULL,NULL,NULL,NULL,NULL,NULL,NULL,NULL,NULL,NULL,NULL
DMS.ROADRUNNER IOB DSC_72935_72935,EMS,NULL,NULL,NULL,NULL,SWITCH,1,Switch_Position,ABC,NULL,NULL,NULL,NULL,NULL,NULL,NULL,NULL,NULL,NULL,NULL,SW_POS,NULL,NULL,NULL,NULL,CAJALCO,NULL,NULL,NULL,NULL,CAJALCO,NULL,NULL,NULL,NULL,NULL,NULL,NULL,NULL,NULL,NULL,NULL,NULL,NULL,NULL,NULL,NULL,NULL,NULL,NULL,NULL,NULL,NULL,NULL,NULL,NULL,NULL,NULL,NULL,NULL,NULL,NULL
DMS.ROADRUNNER CB_72936_72936,EMS,NULL,NULL,NULL,NULL,SWITCH,1,Switch_Position,ABC,NULL,NULL,NULL,NULL,NULL,NULL,NULL,NULL,NULL,NULL,NULL,SW_POS,NULL,NULL,NULL,NULL,CAJALCO,NULL,NULL,NULL,NULL,CAJALCO,NULL,NULL,NULL,NULL,NULL,NULL,NULL,NULL,NULL,NULL,NULL,NULL,NULL,NULL,NULL,NULL,NULL,NULL,NULL,NULL,NULL,NULL,NULL,NULL,NULL,NULL,NULL,NULL,NULL,NULL,NULL
DMS.ROADRUNNER LN DISC_72937_72937,EMS,NULL,NULL,NULL,NULL,SWITCH,1,Switch_Position,ABC,NULL,NULL,NULL,NULL,NULL,NULL,NULL,NULL,NULL,NULL,NULL,SW_POS,NULL,NULL,NULL,NULL,CAJALCO,NULL,NULL,NULL,NULL,CAJALCO,NULL,NULL,NULL,NULL,NULL,NULL,NULL,NULL,NULL,NULL,NULL,NULL,NULL,NULL,NULL,NULL,NULL,NULL,NULL,NULL,NULL,NULL,NULL,NULL,NULL,NULL,NULL,NULL,NULL,NULL,NULL
DMS.ROADRUNNER TRBUS DISC_72938_72938,EMS,NULL,NULL,NULL,NULL,SWITCH,1,Switch_Position,ABC,NULL,NULL,NULL,NULL,NULL,NULL,NULL,NULL,NULL,NULL,NULL,SW_POS,NULL,NULL,NULL,NULL,CAJALCO,NULL,NULL,NULL,NULL,CAJALCO,NULL,NULL,NULL,NULL,NULL,NULL,NULL,NULL,NULL,NULL,NULL,NULL,NULL,NULL,NULL,NULL,NULL,NULL,NULL,NULL,NULL,NULL,NULL,NULL,NULL,NULL,NULL,NULL,NULL,NULL,NULL
DMS.12KV BUS PAR OOB DSC_72939_72939,EMS,NULL,NULL,NULL,NULL,SWITCH,1,Switch_Position,ABC,NULL,NULL,NULL,NULL,NULL,NULL,NULL,NULL,NULL,NULL,NULL,SW_POS,NULL,NULL,NULL,NULL,CAJALCO,NULL,NULL,NULL,NULL,CAJALCO,NULL,NULL,NULL,NULL,NULL,NULL,NULL,NULL,NULL,NULL,NULL,NULL,NULL,NULL,NULL,NULL,NULL,NULL,NULL,NULL,NULL,NULL,NULL,NULL,NULL,NULL,NULL,NULL,NULL,NULL,NULL
DMS.12KV PAR CB_72940_72940,EMS,NULL,NULL,NULL,NULL,SWITCH,1,Switch_Position,ABC,NULL,NULL,NULL,NULL,NULL,NULL,NULL,NULL,NULL,NULL,NULL,SW_POS,NULL,NULL,NULL,NULL,CAJALCO,NULL,NULL,NULL,NULL,CAJALCO,NULL,NULL,NULL,NULL,NULL,NULL,NULL,NULL,NULL,NULL,NULL,NULL,NULL,NULL,NULL,NULL,NULL,NULL,NULL,NULL,NULL,NULL,NULL,NULL,NULL,NULL,NULL,NULL,NULL,NULL,NULL
DMS.12KV BUS PAR IOB DSC_72941_72941,EMS,NULL,NULL,NULL,NULL,SWITCH,1,Switch_Position,ABC,NULL,NULL,NULL,NULL,NULL,NULL,NULL,NULL,NULL,NULL,NULL,SW_POS,NULL,NULL,NULL,NULL,CAJALCO,NULL,NULL,NULL,NULL,CAJALCO,NULL,NULL,NULL,NULL,NULL,NULL,NULL,NULL,NULL,NULL,NULL,NULL,NULL,NULL,NULL,NULL,NULL,NULL,NULL,NULL,NULL,NULL,NULL,NULL,NULL,NULL,NULL,NULL,NULL,NULL,NULL
DMS.PLUMMER OOB DSC_72942_72942,EMS,NULL,NULL,NULL,NULL,SWITCH,1,Switch_Position,ABC,NULL,NULL,NULL,NULL,NULL,NULL,NULL,NULL,NULL,NULL,NULL,SW_POS,NULL,NULL,NULL,NULL,CAJALCO,NULL,NULL,NULL,NULL,CAJALCO,NULL,NULL,NULL,NULL,NULL,NULL,NULL,NULL,NULL,NULL,NULL,NULL,NULL,NULL,NULL,NULL,NULL,NULL,NULL,NULL,NULL,NULL,NULL,NULL,NULL,NULL,NULL,NULL,NULL,NULL,NULL
DMS.PLUMMER IOB DSC_72943_72943,EMS,NULL,NULL,NULL,NULL,SWITCH,1,Switch_Position,ABC,NULL,NULL,NULL,NULL,NULL,NULL,NULL,NULL,NULL,NULL,NULL,SW_POS,NULL,NULL,NULL,NULL,CAJALCO,NULL,NULL,NULL,NULL,CAJALCO,NULL,NULL,NULL,NULL,NULL,NULL,NULL,NULL,NULL,NULL,NULL,NULL,NULL,NULL,NULL,NULL,NULL,NULL,NULL,NULL,NULL,NULL,NULL,NULL,NULL,NULL,NULL,NULL,NULL,NULL,NULL
DMS.PLUMMER CB_72944_72944,EMS,NULL,NULL,NULL,NULL,SWITCH,1,Switch_Position,ABC,NULL,NULL,NULL,NULL,NULL,NULL,NULL,NULL,NULL,NULL,NULL,SW_POS,NULL,NULL,NULL,NULL,CAJALCO,NULL,NULL,NULL,NULL,CAJALCO,NULL,NULL,NULL,NULL,NULL,NULL,NULL,NULL,NULL,NULL,NULL,NULL,NULL,NULL,NULL,NULL,NULL,NULL,NULL,NULL,NULL,NULL,NULL,NULL,NULL,NULL,NULL,NULL,NULL,NULL,NULL
DMS.PLUMMER LN DSC_72945_72945,EMS,NULL,NULL,NULL,NULL,SWITCH,1,Switch_Position,ABC,NULL,NULL,NULL,NULL,NULL,NULL,NULL,NULL,NULL,NULL,NULL,SW_POS,NULL,NULL,NULL,NULL,CAJALCO,NULL,NULL,NULL,NULL,CAJALCO,NULL,NULL,NULL,NULL,NULL,NULL,NULL,NULL,NULL,NULL,NULL,NULL,NULL,NULL,NULL,NULL,NULL,NULL,NULL,NULL,NULL,NULL,NULL,NULL,NULL,NULL,NULL,NULL,NULL,NULL,NULL
DMS.PLUMMER TB DSC_72946_72946,EMS,NULL,NULL,NULL,NULL,SWITCH,1,Switch_Position,ABC,NULL,NULL,NULL,NULL,NULL,NULL,NULL,NULL,NULL,NULL,NULL,SW_POS,NULL,NULL,NULL,NULL,CAJALCO,NULL,NULL,NULL,NULL,CAJALCO,NULL,NULL,NULL,NULL,NULL,NULL,NULL,NULL,NULL,NULL,NULL,NULL,NULL,NULL,NULL,NULL,NULL,NULL,NULL,NULL,NULL,NULL,NULL,NULL,NULL,NULL,NULL,NULL,NULL,NULL,NULL
DMS.NO.1 BK N LOAD ISO DSC_73112_73112,EMS,NULL,NULL,NULL,NULL,SWITCH,1,Switch_Position,ABC,NULL,NULL,NULL,NULL,NULL,NULL,NULL,NULL,NULL,NULL,NULL,SW_POS,NULL,NULL,NULL,NULL,CAJALCO,NULL,NULL,NULL,NULL,CAJALCO,NULL,NULL,NULL,NULL,NULL,NULL,NULL,NULL,NULL,NULL,NULL,NULL,NULL,NULL,NULL,NULL,NULL,NULL,NULL,NULL,NULL,NULL,NULL,NULL,NULL,NULL,NULL,NULL,NULL,NULL,NULL
DMS.NO.1 BK S LOAD ISO DSC_73113_73113,EMS,NULL,NULL,NULL,NULL,SWITCH,1,Switch_Position,ABC,NULL,NULL,NULL,NULL,NULL,NULL,NULL,NULL,NULL,NULL,NULL,SW_POS,NULL,NULL,NULL,NULL,CAJALCO,NULL,NULL,NULL,NULL,CAJALCO,NULL,NULL,NULL,NULL,NULL,NULL,NULL,NULL,NULL,NULL,NULL,NULL,NULL,NULL,NULL,NULL,NULL,NULL,NULL,NULL,NULL,NULL,NULL,NULL,NULL,NULL,NULL,NULL,NULL,NULL,NULL
DMS.NO.2 BK S LOAD ISO DSC_73116_73116,EMS,NULL,NULL,NULL,NULL,SWITCH,1,Switch_Position,ABC,NULL,NULL,NULL,NULL,NULL,NULL,NULL,NULL,NULL,NULL,NULL,SW_POS,NULL,NULL,NULL,NULL,CAJALCO,NULL,NULL,NULL,NULL,CAJALCO,NULL,NULL,NULL,NULL,NULL,NULL,NULL,NULL,NULL,NULL,NULL,NULL,NULL,NULL,NULL,NULL,NULL,NULL,NULL,NULL,NULL,NULL,NULL,NULL,NULL,NULL,NULL,NULL,NULL,NULL,NULL
DMS.NO.3 CAP OOB DSC_73119_73119,EMS,NULL,NULL,NULL,NULL,SWITCH,1,Switch_Position,ABC,NULL,NULL,NULL,NULL,NULL,NULL,NULL,NULL,NULL,NULL,NULL,SW_POS,NULL,NULL,NULL,NULL,CAJALCO,NULL,NULL,NULL,NULL,CAJALCO,NULL,NULL,NULL,NULL,NULL,NULL,NULL,NULL,NULL,NULL,NULL,NULL,NULL,NULL,NULL,NULL,NULL,NULL,NULL,NULL,NULL,NULL,NULL,NULL,NULL,NULL,NULL,NULL,NULL,NULL,NULL
DMS.NO.3 CAP FUSE DSC_73120_73120,EMS,NULL,NULL,NULL,NULL,SWITCH,1,Switch_Position,ABC,NULL,NULL,NULL,NULL,NULL,NULL,NULL,NULL,NULL,NULL,NULL,SW_POS,NULL,NULL,NULL,NULL,CAJALCO,NULL,NULL,NULL,NULL,CAJALCO,NULL,NULL,NULL,NULL,NULL,NULL,NULL,NULL,NULL,NULL,NULL,NULL,NULL,NULL,NULL,NULL,NULL,NULL,NULL,NULL,NULL,NULL,NULL,NULL,NULL,NULL,NULL,NULL,NULL,NULL,NULL
DMS.1 CAP  12KV IOB DSC_73121_73121,EMS,NULL,NULL,NULL,NULL,SWITCH,1,Switch_Position,ABC,NULL,NULL,NULL,NULL,NULL,NULL,NULL,NULL,NULL,NULL,NULL,SW_POS,NULL,NULL,NULL,NULL,CAJALCO,NULL,NULL,NULL,NULL,CAJALCO,NULL,NULL,NULL,NULL,NULL,NULL,NULL,NULL,NULL,NULL,NULL,NULL,NULL,NULL,NULL,NULL,NULL,NULL,NULL,NULL,NULL,NULL,NULL,NULL,NULL,NULL,NULL,NULL,NULL,NULL,NULL
DMS.1 CAP FUSE_73122_73122,EMS,NULL,NULL,NULL,NULL,SWITCH,1,Switch_Position,ABC,NULL,NULL,NULL,NULL,NULL,NULL,NULL,NULL,NULL,NULL,NULL,SW_POS,NULL,NULL,NULL,NULL,CAJALCO,NULL,NULL,NULL,NULL,CAJALCO,NULL,NULL,NULL,NULL,NULL,NULL,NULL,NULL,NULL,NULL,NULL,NULL,NULL,NULL,NULL,NULL,NULL,NULL,NULL,NULL,NULL,NULL,NULL,NULL,NULL,NULL,NULL,NULL,NULL,NULL,NULL
DMS.AIDEN 12K IOB DSC_75416_75416,EMS,NULL,NULL,NULL,NULL,SWITCH,1,Switch_Position,ABC,NULL,NULL,NULL,NULL,NULL,NULL,NULL,NULL,NULL,NULL,NULL,SW_POS,NULL,NULL,NULL,NULL,CAJALCO,NULL,NULL,NULL,NULL,CAJALCO,NULL,NULL,NULL,NULL,NULL,NULL,NULL,NULL,NULL,NULL,NULL,NULL,NULL,NULL,NULL,NULL,NULL,NULL,NULL,NULL,NULL,NULL,NULL,NULL,NULL,NULL,NULL,NULL,NULL,NULL,NULL
DMS.AIDAN CB_75417_75417,EMS,NULL,NULL,NULL,NULL,SWITCH,1,Switch_Position,ABC,NULL,NULL,NULL,NULL,NULL,NULL,NULL,NULL,NULL,NULL,NULL,SW_POS,NULL,NULL,NULL,NULL,CAJALCO,NULL,NULL,NULL,NULL,CAJALCO,NULL,NULL,NULL,NULL,NULL,NULL,NULL,NULL,NULL,NULL,NULL,NULL,NULL,NULL,NULL,NULL,NULL,NULL,NULL,NULL,NULL,NULL,NULL,NULL,NULL,NULL,NULL,NULL,NULL,NULL,NULL
DMS.AIDEN 12K LN DSC_75418_75418,EMS,NULL,NULL,NULL,NULL,SWITCH,1,Switch_Position,ABC,NULL,NULL,NULL,NULL,NULL,NULL,NULL,NULL,NULL,NULL,NULL,SW_POS,NULL,NULL,NULL,NULL,CAJALCO,NULL,NULL,NULL,NULL,CAJALCO,NULL,NULL,NULL,NULL,NULL,NULL,NULL,NULL,NULL,NULL,NULL,NULL,NULL,NULL,NULL,NULL,NULL,NULL,NULL,NULL,NULL,NULL,NULL,NULL,NULL,NULL,NULL,NULL,NULL,NULL,NULL
DMS.AIDEN 12K TB DSC_75419_75419,EMS,NULL,NULL,NULL,NULL,SWITCH,1,Switch_Position,ABC,NULL,NULL,NULL,NULL,NULL,NULL,NULL,NULL,NULL,NULL,NULL,SW_POS,NULL,NULL,NULL,NULL,CAJALCO,NULL,NULL,NULL,NULL,CAJALCO,NULL,NULL,NULL,NULL,NULL,NULL,NULL,NULL,NULL,NULL,NULL,NULL,NULL,NULL,NULL,NULL,NULL,NULL,NULL,NULL,NULL,NULL,NULL,NULL,NULL,NULL,NULL,NULL,NULL,NULL,NULL
DMS.STARGLOW 12K OOB DSC_75420_75420,EMS,NULL,NULL,NULL,NULL,SWITCH,1,Switch_Position,ABC,NULL,NULL,NULL,NULL,NULL,NULL,NULL,NULL,NULL,NULL,NULL,SW_POS,NULL,NULL,NULL,NULL,CAJALCO,NULL,NULL,NULL,NULL,CAJALCO,NULL,NULL,NULL,NULL,NULL,NULL,NULL,NULL,NULL,NULL,NULL,NULL,NULL,NULL,NULL,NULL,NULL,NULL,NULL,NULL,NULL,NULL,NULL,NULL,NULL,NULL,NULL,NULL,NULL,NULL,NULL
DMS.STARGLOW 12K IOB DSC_75421_75421,EMS,NULL,NULL,NULL,NULL,SWITCH,1,Switch_Position,ABC,NULL,NULL,NULL,NULL,NULL,NULL,NULL,NULL,NULL,NULL,NULL,SW_POS,NULL,NULL,NULL,NULL,CAJALCO,NULL,NULL,NULL,NULL,CAJALCO,NULL,NULL,NULL,NULL,NULL,NULL,NULL,NULL,NULL,NULL,NULL,NULL,NULL,NULL,NULL,NULL,NULL,NULL,NULL,NULL,NULL,NULL,NULL,NULL,NULL,NULL,NULL,NULL,NULL,NULL,NULL
DMS.STARGLOW CB_75422_75422,EMS,NULL,NULL,NULL,NULL,SWITCH,1,Switch_Position,ABC,NULL,NULL,NULL,NULL,NULL,NULL,NULL,NULL,NULL,NULL,NULL,SW_POS,NULL,NULL,NULL,NULL,CAJALCO,NULL,NULL,NULL,NULL,CAJALCO,NULL,NULL,NULL,NULL,NULL,NULL,NULL,NULL,NULL,NULL,NULL,NULL,NULL,NULL,NULL,NULL,NULL,NULL,NULL,NULL,NULL,NULL,NULL,NULL,NULL,NULL,NULL,NULL,NULL,NULL,NULL
DMS.STARGLOW 12K LN DSC_75423_75423,EMS,NULL,NULL,NULL,NULL,SWITCH,1,Switch_Position,ABC,NULL,NULL,NULL,NULL,NULL,NULL,NULL,NULL,NULL,NULL,NULL,SW_POS,NULL,NULL,NULL,NULL,CAJALCO,NULL,NULL,NULL,NULL,CAJALCO,NULL,NULL,NULL,NULL,NULL,NULL,NULL,NULL,NULL,NULL,NULL,NULL,NULL,NULL,NULL,NULL,NULL,NULL,NULL,NULL,NULL,NULL,NULL,NULL,NULL,NULL,NULL,NULL,NULL,NULL,NULL
DMS.STARGLOW 12K TB DSC_75424_75424,EMS,NULL,NULL,NULL,NULL,SWITCH,1,Switch_Position,ABC,NULL,NULL,NULL,NULL,NULL,NULL,NULL,NULL,NULL,NULL,NULL,SW_POS,NULL,NULL,NULL,NULL,CAJALCO,NULL,NULL,NULL,NULL,CAJALCO,NULL,NULL,NULL,NULL,NULL,NULL,NULL,NULL,NULL,NULL,NULL,NULL,NULL,NULL,NULL,NULL,NULL,NULL,NULL,NULL,NULL,NULL,NULL,NULL,NULL,NULL,NULL,NULL,NULL,NULL,NULL
DMS.JOHANNA NO.3A BANK:SERIES,EMS,NULL,NULL,NULL,NULL,SERIES,400!401,POWER_P!POWER_Q,ABC!ABC,LOW_SIDE!LOW_SIDE,NULL!NULL,NULL!NULL,NULL!NULL,NULL!NULL,NULL!NULL,NULL!NULL,NULL!NULL,NULL!NULL,NULL!NULL,NULL!NULL,POWER_P!POWER_Q,NULL!NULL,NULL!NULL,NULL!NULL,NULL!NULL,NULL!NULL,11505!11405,NULL!NULL,NULL!NULL,NULL!NULL,NULL,NULL,NULL,NULL,NULL,NULL,NULL,NULL,NULL,NULL,NULL,NULL,NULL,NULL,NULL,NULL,NULL,NULL,NULL,NULL,NULL,NULL,NULL,NULL,NULL,NULL,NULL,NULL,NULL,NULL,NULL,NULL
DMS.CAJALCO BK 1_1443,EMS,NULL,NULL,NULL,NULL,SERIES,400!401!402!403!404,POWER_P!POWER_Q!CURRENT A!CURRENT B!CURRENT C,ABC!ABC!A!B!C,LOW_SIDE!LOW_SIDE!LOW_SIDE!LOW_SIDE!LOW_SIDE,NULL!NULL!NULL!NULL!NULL,NULL!NULL!NULL!NULL!NULL,NULL!NULL!NULL!NULL!NULL,NULL!NULL!NULL!NULL!NULL,NULL!NULL!NULL!NULL!NULL,NULL!NULL!NULL!NULL!NULL,NULL!NULL!NULL!NULL!NULL,NULL!NULL!NULL!NULL!NULL,NULL!NULL!NULL!NULL!NULL,NULL!NULL!NULL!NULL!NULL,POWER_P!POWER_Q!CURRENT!CURRENT!CURRENT,NULL!NULL!NULL!NULL!NULL,NULL!NULL!NULL!NULL!NULL,NULL!NULL!NULL!NULL!NULL,NULL!NULL!NULL!NULL!NULL,NULL!NULL!NULL!NULL!NULL,NO.1 BK MW!210703!210697!210698!210699,NULL!NULL!NULL!NULL!NULL,NULL!NULL!NULL!NULL!NULL,NULL!NULL!NULL!NULL!NULL,CAJALCO,NULL,NULL,NULL,NULL,NULL,NULL,NULL,NULL,NULL,NULL,NULL,NULL,NULL,NULL,NULL,NULL,NULL,NULL,NULL,NULL,NULL,NULL,NULL,NULL,NULL,NULL,NULL,NULL,NULL,NULL,NULL
DMS.CAJALCO NO.3 CAP_DISC_3118,EMS,NULL,NULL,NULL,NULL,SWITCH,1,Switch_Position,ABC,NULL,NULL,NULL,NULL,NULL,NULL,NULL,NULL,NULL,NULL,NULL,SW_POS,NULL,NULL,NULL,NULL,253383,NULL,NULL,NULL,NULL,CAJALCO,NULL,NULL,NULL,NULL,NULL,NULL,NULL,NULL,NULL,NULL,NULL,NULL,NULL,NULL,NULL,NULL,NULL,NULL,NULL,NULL,NULL,NULL,NULL,NULL,NULL,NULL,NULL,NULL,NULL,NULL,NULL
CAJALCO NO.3 CAP_3118,EMS,NULL,NULL,NULL,NULL,SHUNT,400!401!402,CONTROL_MODE!NSP_CSI!CURRENT B,ABC!ABC!B,LOW_SIDE!LOW_SIDE!LOW_SIDE,NULL!NULL!NULL,NULL!NULL!NULL,NULL!NULL!NULL,NULL!NULL!NULL,NULL!NULL!NULL,NULL!NULL!NULL,NULL!NULL!NULL,NULL!NULL!NULL,NULL!NULL!NULL,NULL!NULL!NULL,CONTROL_MODE!NSP_CSI!CURRENT,NULL!NULL!NULL,NULL!NULL!NULL,NULL!NULL!NULL,NULL!NULL!NULL,253385!320542!NULL,NULL!NULL!210737,NULL!NULL!NULL,NULL!NULL!NULL,NULL!NULL!NULL,CAJALCO,NULL,NULL,NULL,NULL,NULL,NULL,NULL,NULL,NULL,NULL,NULL,NULL,NULL,NULL,NULL,NULL,NULL,NULL,NULL,NULL,NULL,NULL,NULL,NULL,NULL,NULL,NULL,NULL,NULL,NULL,NULL
DMS.CAJALCO NO.1 CAP_DISC_3119,EMS,NULL,NULL,NULL,NULL,SWITCH,1,Switch_Position,ABC,NULL,NULL,NULL,NULL,NULL,NULL,NULL,NULL,NULL,NULL,NULL,SW_POS,NULL,NULL,NULL,NULL,253379,NULL,NULL,NULL,NULL,CAJALCO,NULL,NULL,NULL,NULL,NULL,NULL,NULL,NULL,NULL,NULL,NULL,NULL,NULL,NULL,NULL,NULL,NULL,NULL,NULL,NULL,NULL,NULL,NULL,NULL,NULL,NULL,NULL,NULL,NULL,NULL,NULL
CAJALCO NO.1 CAP_3119,EMS,NULL,NULL,NULL,NULL,SHUNT,400!401!402,CONTROL_MODE!NSP_CSI!CURRENT B,ABC!ABC!B,LOW_SIDE!LOW_SIDE!LOW_SIDE,NULL!NULL!NULL,NULL!NULL!NULL,NULL!NULL!NULL,NULL!NULL!NULL,NULL!NULL!NULL,NULL!NULL!NULL,NULL!NULL!NULL,NULL!NULL!NULL,NULL!NULL!NULL,NULL!NULL!NULL,CONTROL_MODE!NSP_CSI!CURRENT,NULL!NULL!NULL,NULL!NULL!NULL,NULL!NULL!NULL,NULL!NULL!NULL,253381!320543!NULL,NULL!NULL!210733,NULL!NULL!NULL,NULL!NULL!NULL,NULL!NULL!NULL,CAJALCO,NULL,NULL,NULL,NULL,NULL,NULL,NULL,NULL,NULL,NULL,NULL,NULL,NULL,NULL,NULL,NULL,NULL,NULL,NULL,NULL,NULL,NULL,NULL,NULL,NULL,NULL,NULL,NULL,NULL,NULL,NULL
DMS.CAJALCO 115_547_108_2_0,DMS,NULL,NULL,NULL,NULL,BUS,400,VOLT,ABC,LOW_SIDE,NULL,NULL,NULL,NULL,NULL,NULL,NULL,NULL,NULL,NULL,VOLT,NULL,NULL,NULL,NULL,NULL,210731,NULL,NULL,NULL,CAJALCO,NULL,NULL,NULL,NULL,NULL,NULL,NULL,NULL,NULL,NULL,NULL,NULL,NULL,NULL,NULL,NULL,NULL,NULL,NULL,NULL,NULL,NULL,NULL,NULL,NULL,NULL,NULL,NULL,NULL,NULL,NULL
DMS.CAJALCO 12_3465_055_3_0,DMS,NULL,NULL,NULL,NULL,BUS,400,VOLT,ABC,LOW_SIDE,NULL,NULL,NULL,NULL,NULL,NULL,NULL,NULL,NULL,NULL,VOLT,NULL,NULL,NULL,NULL,NULL,210705,NULL,NULL,NULL,CAJALCO,NULL,NULL,NULL,NULL,NULL,NULL,NULL,NULL,NULL,NULL,NULL,NULL,NULL,NULL,NULL,NULL,NULL,NULL,NULL,NULL,NULL,NULL,NULL,NULL,NULL,NULL,NULL,NULL,NULL,NULL,NULL
DMS.CAJALCO 12_3465_057_4_1,DMS,NULL,NULL,NULL,NULL,BUS,400,VOLT,ABC,LOW_SIDE,NULL,NULL,NULL,NULL,NULL,NULL,NULL,NULL,NULL,NULL,VOLT,NULL,NULL,NULL,NULL,NULL,210719,NULL,NULL,NULL,CAJALCO,NULL,NULL,NULL,NULL,NULL,NULL,NULL,NULL,NULL,NULL,NULL,NULL,NULL,NULL,NULL,NULL,NULL,NULL,NULL,NULL,NULL,NULL,NULL,NULL,NULL,NULL,NULL,NULL,NULL,NULL,NULL
CAJALCO NO.1N BANK_4135,EMS,NULL,NULL,NULL,NULL,TRANSFORMER,400!401!402!403!404!405,NSP_FROM_CSI!NSP_TO_CSI!CONTROL_MODE!TAP_RAISE!TAP_LOWER!TAP_POS,ABC!ABC!ABC!ABC!ABC!ABC,HIGH_SIDE!LOW_SIDE!LOW_SIDE!LOW_SIDE!LOW_SIDE!LOW_SIDE,NULL!NULL!NULL!NULL!NULL!NULL,NULL!NULL!NULL!NULL!NULL!NULL,NULL!NULL!NULL!NULL!NULL!NULL,NULL!NULL!NULL!NULL!NULL!NULL,NULL!NULL!NULL!NULL!NULL!NULL,NULL!NULL!NULL!NULL!NULL!NULL,NULL!NULL!NULL!NULL!NULL!NULL,NULL!NULL!NULL!NULL!NULL!NULL,NULL!NULL!NULL!NULL!NULL!NULL,NULL!NULL!NULL!NULL!NULL!NULL,NSP_FROM_CSI!NSP_TO_CSI!CONTROL_MODE!TAP_RAISE!TAP_LOWER!TAP_POS,NULL!NULL!NULL!NULL!NULL!NULL,NULL!NULL!NULL!NULL!NULL!NULL,NULL!NULL!NULL!NULL!NULL!NULL,NULL!NULL!NULL!NULL!NULL!NULL,320534!320535!253337!253338!253339!NULL,NULL!NULL!NULL!NULL!NULL!210709,NULL!NULL!NULL!NULL!NULL!NULL,NULL!NULL!NULL!NULL!NULL!NULL,NULL!NULL!NULL!NULL!NULL!NULL,NULL,NULL,NULL,NULL,NULL,NULL,NULL,NULL,NULL,NULL,NULL,NULL,NULL,NULL,NULL,NULL,NULL,NULL,NULL,NULL,NULL,NULL,NULL,NULL,NULL,NULL,NULL,NULL,NULL,NULL,NULL,NULL
CAJALCO NO.1S BANK_4136,EMS,NULL,NULL,NULL,NULL,TRANSFORMER,400!401!402!403!404!405,NSP_FROM_CSI!NSP_TO_CSI!CONTROL_MODE!TAP_RAISE!TAP_LOWER!TAP_POS,ABC!ABC!ABC!ABC!ABC!ABC,HIGH_SIDE!LOW_SIDE!LOW_SIDE!LOW_SIDE!LOW_SIDE!LOW_SIDE,NULL!NULL!NULL!NULL!NULL!NULL,NULL!NULL!NULL!NULL!NULL!NULL,NULL!NULL!NULL!NULL!NULL!NULL,NULL!NULL!NULL!NULL!NULL!NULL,NULL!NULL!NULL!NULL!NULL!NULL,NULL!NULL!NULL!NULL!NULL!NULL,NULL!NULL!NULL!NULL!NULL!NULL,NULL!NULL!NULL!NULL!NULL!NULL,NULL!NULL!NULL!NULL!NULL!NULL,NULL!NULL!NULL!NULL!NULL!NULL,NSP_FROM_CSI!NSP_TO_CSI!CONTROL_MODE!TAP_RAISE!TAP_LOWER!TAP_POS,NULL!NULL!NULL!NULL!NULL!NULL,NULL!NULL!NULL!NULL!NULL!NULL,NULL!NULL!NULL!NULL!NULL!NULL,NULL!NULL!NULL!NULL!NULL!NULL,320537!320538!253340!253341!253342!NULL,NULL!NULL!NULL!NULL!NULL!210710,NULL!NULL!NULL!NULL!NULL!NULL,NULL!NULL!NULL!NULL!NULL!NULL,NULL!NULL!NULL!NULL!NULL!NULL,NULL,NULL,NULL,NULL,NULL,NULL,NULL,NULL,NULL,NULL,NULL,NULL,NULL,NULL,NULL,NULL,NULL,NULL,NULL,NULL,NULL,NULL,NULL,NULL,NULL,NULL,NULL,NULL,NULL,NULL,NULL,NULL
CAJALCO NO.2S BANK_4137,EMS,NULL,NULL,NULL,NULL,TRANSFORMER,400!401!402!403!404!405,NSP_FROM_CSI!NSP_TO_CSI!CONTROL_MODE!TAP_RAISE!TAP_LOWER!TAP_POS,ABC!ABC!ABC!ABC!ABC!ABC,HIGH_SIDE!LOW_SIDE!LOW_SIDE!LOW_SIDE!LOW_SIDE!LOW_SIDE,NULL!NULL!NULL!NULL!NULL!NULL,NULL!NULL!NULL!NULL!NULL!NULL,NULL!NULL!NULL!NULL!NULL!NULL,NULL!NULL!NULL!NULL!NULL!NULL,NULL!NULL!NULL!NULL!NULL!NULL,NULL!NULL!NULL!NULL!NULL!NULL,NULL!NULL!NULL!NULL!NULL!NULL,NULL!NULL!NULL!NULL!NULL!NULL,NULL!NULL!NULL!NULL!NULL!NULL,NULL!NULL!NULL!NULL!NULL!NULL,NSP_FROM_CSI!NSP_TO_CSI!CONTROL_MODE!TAP_RAISE!TAP_LOWER!TAP_POS,NULL!NULL!NULL!NULL!NULL!NULL,NULL!NULL!NULL!NULL!NULL!NULL,NULL!NULL!NULL!NULL!NULL!NULL,NULL!NULL!NULL!NULL!NULL!NULL,320540!320541!253367!253368!253369!NULL,NULL!NULL!NULL!NULL!NULL!210722,NULL!NULL!NULL!NULL!NULL!NULL,NULL!NULL!NULL!NULL!NULL!NULL,NULL!NULL!NULL!NULL!NULL!NULL,NULL,NULL,NULL,NULL,NULL,NULL,NULL,NULL,NULL,NULL,NULL,NULL,NULL,NULL,NULL,NULL,NULL,NULL,NULL,NULL,NULL,NULL,NULL,NULL,NULL,NULL,NULL,NULL,NULL,NULL,NULL,NULL
