DeviceName,ShuntGroupName,PhaseCode,ConnectedNode1,NormalCount,OptControl,FeederVoltageControlEnabled,MinimumRegulatorVoltage,MaximumRegulatorVoltage,KvarRating,ShuntTypeName,ServiceScheduleName,SubstationName,FeederName,AORRefName
CAJALCO NO.3 CAP_3118,EMS,ABC,en_3465601_SH,1,N,NULL,NULL,NULL,4800,12.0KV_4800,Fall-InSvcSchedule,,NULL,All
CAJALCO NO.1 CAP_3119,EMS,ABC,en_3465603_SH,1,N,NULL,NULL,NULL,6000,12.0KV_6000,Fall-InSvcSchedule,,NULL,All
CABRILLO CAP 1_56,EMS,ABC,en_157153_SH,1,N,NULL,NULL,NULL,6000,12.0KV_6000,Fall-InSvcSchedule,,NULL,All
CABRILLO CAP 3_57,EMS,ABC,en_157156_SH,1,N,NULL,NULL,NULL,6000,12.0KV_6000,Fall-InSvcSchedule,,NULL,All
CABRILLO CAP 4_58,EMS,ABC,en_157159_SH,1,N,NULL,NULL,NULL,4800,12.0KV_4800,Fall-InSvcSchedule,,NULL,All
FAIRVIEW CAP 1_59,EMS,ABC,en_161602_SH,1,N,NULL,NULL,NULL,6000,12.0KV_6000,Fall-InSvcSchedule,,NULL,All
FAIRVIEW CAP 2_60,EMS,ABC,en_161605_SH,1,N,NULL,NULL,NULL,5400,12.0KV_5400,Fall-InSvcSchedule,,NULL,All
CAMDEN NO.1 CAP_423,EMS,ABC,en_158111_SH,1,N,NULL,NULL,NULL,28800,HIGH_EMS,Fall-InSvcSchedule,,NULL,All
CHESTNUT CAP 3_439,EMS,ABC,en_159033_SH,1,N,NULL,NULL,NULL,28800,HIGH_EMS,Fall-InSvcSchedule,,NULL,All
CABRILLO CAP 2_881,EMS,ABC,en_157160_SH,1,N,NULL,NULL,NULL,4800,12.0KV_4800,Fall-InSvcSchedule,,NULL,All
CAMDEN NO. 2 CAP_2610,EMS,ABC,en_3311600_SH,1,N,NULL,NULL,NULL,6000,12.0KV_6000,Fall-InSvcSchedule,,NULL,All
CHESTNUT CAP 1_2625,EMS,ABC,en_3489600_SH,1,N,NULL,NULL,NULL,6000,12.0KV_6000,Fall-InSvcSchedule,,NULL,All
CHESTNUT CAP 2_2626,EMS,ABC,en_3489601_SH,1,N,NULL,NULL,NULL,6040,12.0KV_6040,Fall-InSvcSchedule,,NULL,All
CHESTNUT CAP 4_3170,EMS,ABC,en_3489603_SH,1,N,NULL,NULL,NULL,4800,12.0KV_4800,Fall-InSvcSchedule,,NULL,All
JOHANNA CAP 4_3264,EMS,ABC,en_3527601_SH,1,N,NULL,NULL,NULL,4800,12.0KV_4800,Fall-InSvcSchedule,,NULL,All
JOHANNA CAP 1_3265,EMS,ABC,en_3527603_SH,1,N,NULL,NULL,NULL,6000,12.0KV_6000,Fall-InSvcSchedule,,NULL,All
ELDORADO RCT 31_180,EMS,ABC,en_423601_SH,1,N,NULL,NULL,NULL,45000,12.0KV_45000,Fall-InSvcSchedule,,NULL,All
ELDORADO RCT 32_181,EMS,ABC,en_423602_SH,1,N,NULL,NULL,NULL,45000,12.0KV_45000,Fall-InSvcSchedule,,NULL,All
ELDORADO RCT 34_182,EMS,ABC,en_423603_SH,1,N,NULL,NULL,NULL,45000,12.0KV_45000,Fall-InSvcSchedule,,NULL,All
ELDORADO RCT 35_183,EMS,ABC,en_423604_SH,1,N,NULL,NULL,NULL,45000,12.0KV_45000,Fall-InSvcSchedule,,NULL,All
ELDORADO RCT 41_184,EMS,ABC,en_423605_SH,1,N,NULL,NULL,NULL,45000,12.0KV_45000,Fall-InSvcSchedule,,NULL,All
ELDORADO RCT 42_185,EMS,ABC,en_423606_SH,1,N,NULL,NULL,NULL,45000,12.0KV_45000,Fall-InSvcSchedule,,NULL,All
ELDORADO RCT 44_186,EMS,ABC,en_423607_SH,1,N,NULL,NULL,NULL,45000,12.0KV_45000,Fall-InSvcSchedule,,NULL,All
ELDORADO RCT 45_187,EMS,ABC,en_423608_SH,1,N,NULL,NULL,NULL,45000,12.0KV_45000,Fall-InSvcSchedule,,NULL,All
EAGLE ROCK CAP 1_348,EMS,ABC,en_843116_SH,1,N,NULL,NULL,NULL,29700,HIGH_EMS,Fall-InSvcSchedule,,NULL,All
EAGLE ROCK CAP 2_349,EMS,ABC,en_843161_SH,1,N,NULL,NULL,NULL,29700,HIGH_EMS,Fall-InSvcSchedule,,NULL,All
BROOKHURST CAP 2A_429,EMS,ABC,en_70114_SH,1,N,NULL,NULL,NULL,14400,HIGH_EMS,Fall-InSvcSchedule,,NULL,All
BROOKHURST CAP 2B_430,EMS,ABC,en_70116_SH,1,N,NULL,NULL,NULL,14400,HIGH_EMS,Fall-InSvcSchedule,,NULL,All
EL CASCO CAP 1_432,EMS,ABC,en_571052_SH,1,N,NULL,NULL,NULL,46800,HIGH_EMS,Fall-InSvcSchedule,,NULL,All
SEPULVEDA CAP 1_448,EMS,ABC,en_1182611_SH,1,N,NULL,NULL,NULL,6000,16.0KV_6000,Fall-InSvcSchedule,,NULL,All
SEPULVEDA CAP 2_449,EMS,ABC,en_1182621_SH,1,N,NULL,NULL,NULL,6000,16.0KV_6000,Fall-InSvcSchedule,,NULL,All
RED BLUFF RCT 21_536,EMS,ABC,en_1309121_SH,1,N,NULL,NULL,NULL,45000,12.0KV_45000,Fall-InSvcSchedule,,NULL,All
RED BLUFF RCT 22_537,EMS,ABC,en_1309122_SH,1,N,NULL,NULL,NULL,45000,12.0KV_45000,Fall-InSvcSchedule,,NULL,All
RED BLUFF RCT 23_538,EMS,ABC,en_1309123_SH,1,N,NULL,NULL,NULL,45000,12.0KV_45000,Fall-InSvcSchedule,,NULL,All
COL RIVER RCT 21_539,EMS,ABC,en_1313121_SH,1,N,NULL,NULL,NULL,45000,12.0KV_45000,Fall-InSvcSchedule,,NULL,All
COL RIVER RCT 22_540,EMS,ABC,en_1313122_SH,1,N,NULL,NULL,NULL,45000,12.0KV_45000,Fall-InSvcSchedule,,NULL,All
COL RIVRR RCT 23_547,EMS,ABC,en_1313123_SH,1,N,NULL,NULL,NULL,45000,12.0KV_45000,Fall-InSvcSchedule,,NULL,All
ELLIS CAP 4_640,EMS,ABC,en_67198_SH,1,N,NULL,NULL,NULL,28800,HIGH_EMS,Fall-InSvcSchedule,,NULL,All
ELDORADO RCT 51_662,EMS,ABC,en_423051_SH,1,N,NULL,NULL,NULL,45000,12.0KV_45000,Fall-InSvcSchedule,,NULL,All
ELDORADO RCT 52_663,EMS,ABC,en_423052_SH,1,N,NULL,NULL,NULL,45000,12.0KV_45000,Fall-InSvcSchedule,,NULL,All
ELDORADO RCT 53_664,EMS,ABC,en_423053_SH,1,N,NULL,NULL,NULL,45000,12.0KV_45000,Fall-InSvcSchedule,,NULL,All
ELDORADO RCT 54_665,EMS,ABC,en_423054_SH,1,N,NULL,NULL,NULL,45000,12.0KV_45000,Fall-InSvcSchedule,,NULL,All
ELDORADO RCT 55_666,EMS,ABC,en_423055_SH,1,N,NULL,NULL,NULL,45000,12.0KV_45000,Fall-InSvcSchedule,,NULL,All
ELLIS CAP 2A_686,EMS,ABC,en_67194_SH,1,N,NULL,NULL,NULL,28800,HIGH_EMS,Fall-InSvcSchedule,,NULL,All
UNIVERSAL CAP 1_730,EMS,ABC,en_848303_SH,1,N,NULL,NULL,NULL,14400,HIGH_EMS,Fall-InSvcSchedule,,NULL,All
BEVELRY HILLS CAP 2_737,EMS,ABC,en_323161_SH,1,N,NULL,NULL,NULL,14400,HIGH_EMS,Fall-InSvcSchedule,,NULL,All
SULLIVAN CAP 3_743,EMS,ABC,en_3482603_SH,1,N,NULL,NULL,NULL,6000,12.0KV_6000,Fall-InSvcSchedule,,NULL,All
BANNING CAP 1_883,EMS,ABC,en_3011116_SH,1,N,NULL,NULL,NULL,10200,33.0KV_10200,Fall-InSvcSchedule,,NULL,All
BANNING CAP 2_889,EMS,ABC,en_3011117_SH,1,N,NULL,NULL,NULL,4500,33.0KV_4500,Fall-InSvcSchedule,,NULL,All
BAYSIDE CAP 1_1001,EMS,ABC,en_1501125_SH,1,N,NULL,NULL,NULL,3000,12.0KV_3000,Fall-InSvcSchedule,,NULL,All
BAYSIDE CAP 2_1002,EMS,ABC,en_1501127_SH,1,N,NULL,NULL,NULL,6000,12.0KV_6000,Fall-InSvcSchedule,,NULL,All
PAULARINO CAP 1_1003,EMS,ABC,en_1503613_SH,1,N,NULL,NULL,NULL,750,4.0KV_750,Fall-InSvcSchedule,,NULL,All
PAULARINO CAP 2_1004,EMS,ABC,en_1503623_SH,1,N,NULL,NULL,NULL,750,4.0KV_750,Fall-InSvcSchedule,,NULL,All
GISLER CAP 1_1005,EMS,ABC,en_1504136_SH,1,N,NULL,NULL,NULL,6000,12.0KV_6000,Fall-InSvcSchedule,,NULL,All
GISLER CAP 2_1006,EMS,ABC,en_1504138_SH,1,N,NULL,NULL,NULL,6000,12.0KV_6000,Fall-InSvcSchedule,,NULL,All
FELTON NO. 1 CAP_1010,EMS,ABC,en_1508117_SH,1,N,NULL,NULL,NULL,6000,16.0KV_6000,Fall-InSvcSchedule,,NULL,All
INGLEWOOD NO. 1 CAP_1011,EMS,ABC,en_1510119_SH,1,N,NULL,NULL,NULL,6000,16.0KV_6000,Fall-InSvcSchedule,,NULL,All
INGLEWOOD CAP 2_1012,EMS,ABC,en_1511125_SH,1,N,NULL,NULL,NULL,2400,4.0KV_2400,Fall-InSvcSchedule,,NULL,All
INGLEWOOD CAP 3_1013,EMS,ABC,en_1511127_SH,1,N,NULL,NULL,NULL,1500,4.0KV_1500,Fall-InSvcSchedule,,NULL,All
MORNINGSIDE CAP 1_1014,EMS,ABC,en_1513109_SH,1,N,NULL,NULL,NULL,1500,4.0KV_1500,Fall-InSvcSchedule,,NULL,All
ELLIS CAP 1_1602,EMS,ABC,en_4101121_SH,1,N,NULL,NULL,NULL,6000,12.0KV_6000,Fall-InSvcSchedule,,NULL,All
MENTONE CAP 1_1664,EMS,ABC,en_4144612_SH,1,N,NULL,NULL,NULL,4800,12.0KV_4800,Fall-InSvcSchedule,,NULL,All
ALHAMBRA NO. 1 CAP_2001,EMS,ABC,en_3000601_SH,1,N,NULL,NULL,NULL,4800,16.0KV_4800,Fall-InSvcSchedule,,NULL,All
ALHAMBRA NO. 2 CAP_2002,EMS,ABC,en_3000603_SH,1,N,NULL,NULL,NULL,4800,16.0KV_4800,Fall-InSvcSchedule,,NULL,All
BANNING CAP 1_PSS_2019,EMS,ABC,en_3011116_SH,1,N,NULL,NULL,NULL,10200,33.0KV_10200,Fall-InSvcSchedule,,NULL,All
BANNING CAP 2_PSS_2020,EMS,ABC,en_3011117_SH,1,N,NULL,NULL,NULL,4500,33.0KV_4500,Fall-InSvcSchedule,,NULL,All
HAMILTON CAP 2_2034,EMS,ABC,en_73124_SH,1,N,NULL,NULL,NULL,4800,12.0KV_4800,Fall-InSvcSchedule,,NULL,All
COSTA MESA CAP 1_2102,EMS,ABC,en_3071603_SH,1,N,NULL,NULL,NULL,1500,4.0KV_1500,Fall-InSvcSchedule,,NULL,All
COSTA MESA CAP 2_2103,EMS,ABC,en_3071607_SH,1,N,NULL,NULL,NULL,1500,4.0KV_1500,Fall-InSvcSchedule,,NULL,All
MADRID CAP 1_2104,EMS,ABC,en_3079612_SH,1,N,NULL,NULL,NULL,1500,4.0KV_1500,Fall-InSvcSchedule,,NULL,All
EL CASCO CAP 2_2105,EMS,ABC,en_3082612_SH,1,N,NULL,NULL,NULL,4800,12.0KV_4800,Fall-InSvcSchedule,,NULL,All
EL CASCO CAP 3_2106,EMS,ABC,en_3082607_SH,1,N,NULL,NULL,NULL,4800,12.0KV_4800,Fall-InSvcSchedule,,NULL,All
FAIRFAX NO. 1 CAP_2121,EMS,ABC,en_3138603_SH,1,N,NULL,NULL,NULL,6000,16.0KV_6000,Fall-InSvcSchedule,,NULL,All
FAIRFAX NO. 2 CAP_2122,EMS,ABC,en_3138606_SH,1,N,NULL,NULL,NULL,6000,16.0KV_6000,Fall-InSvcSchedule,,NULL,All
FAIRFAX CAP 3_2123,EMS,ABC,en_3139601_SH,1,N,NULL,NULL,NULL,1200,4.0KV_1200,Fall-InSvcSchedule,,NULL,All
VERA CAP 2_2155,EMS,ABC,en_3307601_SH,1,N,NULL,NULL,NULL,4800,12.0KV_4800,Fall-InSvcSchedule,,NULL,All
LENNOX NO. 2 CAP_2167,EMS,ABC,en_181052_SH,1,N,NULL,NULL,NULL,4800,16.0KV_4800,Fall-InSvcSchedule,,NULL,All
TALBERT CAP 1_2596,EMS,ABC,en_3305600_SH,1,N,NULL,NULL,NULL,6000,12.0KV_6000,Fall-InSvcSchedule,,NULL,All
VERA CAP 1_2599,EMS,ABC,en_3307600_SH,1,N,NULL,NULL,NULL,6000,12.0KV_6000,Fall-InSvcSchedule,,NULL,All
OCEANVIEW CAP 1_2615,EMS,ABC,en_3314600_SH,1,N,NULL,NULL,NULL,4800,12.0KV_4800,Fall-InSvcSchedule,,NULL,All
OCEANVIEW CAP 2_2616,EMS,ABC,en_3314601_SH,1,N,NULL,NULL,NULL,4800,12.0KV_4800,Fall-InSvcSchedule,,NULL,All
BROOKHURST CAP 1_2624,EMS,ABC,en_3488600_SH,1,N,NULL,NULL,NULL,6000,12.0KV_6000,Fall-InSvcSchedule,,NULL,All
LAFAYETTE CAP 1_2629,EMS,ABC,en_3491611_SH,1,N,NULL,NULL,NULL,6000,12.0KV_6000,Fall-InSvcSchedule,,NULL,All
LAFAYETTE CAP 2_2630,EMS,ABC,en_3491621_SH,1,N,NULL,NULL,NULL,4800,12.0KV_4800,Fall-InSvcSchedule,,NULL,All
MARASCHINO CAP 2_3024,EMS,ABC,en_3412601_SH,1,N,NULL,NULL,NULL,4800,12.0KV_4800,Fall-InSvcSchedule,,NULL,All
MARASCHINO CAP 3_3050,EMS,ABC,en_3412603_SH,1,N,NULL,NULL,NULL,4800,12.0KV_4800,Fall-InSvcSchedule,,NULL,All
MARASCHINO CAP 1_3051,EMS,ABC,en_3412605_SH,1,N,NULL,NULL,NULL,4800,12.0KV_4800,Fall-InSvcSchedule,,NULL,All
SLATER CAP 2_3145,EMS,ABC,en_3481601_SH,1,N,NULL,NULL,NULL,4800,12.0KV_4800,Fall-InSvcSchedule,,NULL,All
SLATER CAP 4_3146,EMS,ABC,en_3481603_SH,1,N,NULL,NULL,NULL,4800,12.0KV_4800,Fall-InSvcSchedule,,NULL,All
SULLIVAN CAP 1_3147,EMS,ABC,en_3482600_SH,1,N,NULL,NULL,NULL,2985,12.0KV_2985,Fall-InSvcSchedule,,NULL,All
SULLIVAN CAP 2_3148,EMS,ABC,en_3482601_SH,1,N,NULL,NULL,NULL,6000,12.0KV_6000,Fall-InSvcSchedule,,NULL,All
ALHAMBRA NO. 3 CAP_3154,EMS,ABC,en_3000605_SH,1,N,NULL,NULL,NULL,4800,16.0KV_4800,Fall-InSvcSchedule,,NULL,All
ALHAMBRA NO. 4 CAP_3155,EMS,ABC,en_3000607_SH,1,N,NULL,NULL,NULL,4800,16.0KV_4800,Fall-InSvcSchedule,,NULL,All
WAVE CAP 1_3162,EMS,ABC,en_3495601_SH,1,N,NULL,NULL,NULL,6000,12.0KV_6000,Fall-InSvcSchedule,,NULL,All
MENTONE CAP 2_3172,EMS,ABC,en_674111_SH,1,N,NULL,NULL,NULL,14400,HIGH_EMS,Fall-InSvcSchedule,,NULL,All
OCEAN PARK CAP 1_3276,EMS,ABC,en_3551612_SH,1,N,NULL,NULL,NULL,1200,4.0KV_1200,Fall-InSvcSchedule,,NULL,All
OCEAN PARK CAP 2_3277,EMS,ABC,en_3551622_SH,1,N,NULL,NULL,NULL,1200,4.0KV_1200,Fall-InSvcSchedule,,NULL,All
ETIWANDA CAP 7_1042,EMS,ABC,en_1535672_SH,1,N,NULL,NULL,NULL,4800,12.0KV_4800,Fall-InSvcSchedule,,NULL,All
ETIWANDA CAP 8_1043,EMS,ABC,en_1535682_SH,1,N,NULL,NULL,NULL,4800,12.0KV_4800,Fall-InSvcSchedule,,NULL,All
DAISY CAP 1_1512,EMS,ABC,en_4015611_SH,1,N,NULL,NULL,NULL,2100,4.0KV_2100,Fall-InSvcSchedule,,NULL,All
CAPITAN NO. 2 CAP_1624,EMS,ABC,en_4113621_SH,1,N,NULL,NULL,NULL,3000,16.0KV_3000,Fall-InSvcSchedule,,NULL,All
ISLA VISTA CAP 1_1627,EMS,ABC,en_4115611_SH,1,N,NULL,NULL,NULL,6000,16.0KV_6000,Fall-InSvcSchedule,,NULL,All
GAVIOTA NO. 1 CAP_1629,EMS,ABC,en_4117612_SH,1,N,NULL,NULL,NULL,2250,16.0KV_2250,Fall-InSvcSchedule,,NULL,All
ARROYO NO. 1 CAP_1650,EMS,ABC,en_3008612_SH,1,N,NULL,NULL,NULL,4800,16.0KV_4800,Fall-InSvcSchedule,,NULL,All
ARROYO NO. 2 CAP_1651,EMS,ABC,en_3008622_SH,1,N,NULL,NULL,NULL,4800,16.0KV_4800,Fall-InSvcSchedule,,NULL,All
ARROYO NO. 3 CAP_1652,EMS,ABC,en_3008632_SH,1,N,NULL,NULL,NULL,4800,16.0KV_4800,Fall-InSvcSchedule,,NULL,All
EDWARDS CAP 1_1669,EMS,ABC,en_4149611_SH,1,N,NULL,NULL,NULL,4350,33.0KV_4350,Fall-InSvcSchedule,,NULL,All
EDWARDS CAP 2_1670,EMS,ABC,en_4149621_SH,1,N,NULL,NULL,NULL,4200,33.0KV_4200,Fall-InSvcSchedule,,NULL,All
FAIR OAKS CAP 1_1749,EMS,ABC,en_4236613_SH,1,N,NULL,NULL,NULL,1500,4.0KV_1500,Fall-InSvcSchedule,,NULL,All
ALDER CAP 1_2000,EMS,ABC,en_3001600_SH,1,N,NULL,NULL,NULL,6000,12.0KV_6000,Fall-InSvcSchedule,,NULL,All
ALDER CAP 3_2003,EMS,ABC,en_3001601_SH,1,N,NULL,NULL,NULL,4800,12.0KV_4800,Fall-InSvcSchedule,,NULL,All
ALDER CAP 4_2004,EMS,ABC,en_3001603_SH,1,N,NULL,NULL,NULL,4800,12.0KV_4800,Fall-InSvcSchedule,,NULL,All
ALDER CAP 2_2005,EMS,ABC,en_3001602_SH,1,N,NULL,NULL,NULL,4800,12.0KV_4800,Fall-InSvcSchedule,,NULL,All
DOWNS CAP 1_2035,EMS,ABC,en_3415604_SH,1,N,NULL,NULL,NULL,4800,12.0KV_4800,Fall-InSvcSchedule,,NULL,All
GENAMIC CAP 2_2040,EMS,ABC,en_3016602_SH,1,N,NULL,NULL,NULL,4800,12.0KV_4800,Fall-InSvcSchedule,,NULL,All
CARPINTERIA NO. 1 CAP_2086,EMS,ABC,en_3047603_SH,1,N,NULL,NULL,NULL,6000,16.0KV_6000,Fall-InSvcSchedule,,NULL,All
GOULD NO. 1 CAP_2107,EMS,ABC,en_3083611_SH,1,N,NULL,NULL,NULL,3000,16.0KV_3000,Fall-InSvcSchedule,,NULL,All
CAL CITY CAP 4_PSS_2118,EMS,ABC,en_3134642_SH,1,N,NULL,NULL,NULL,3600,33.0KV_3600,Fall-InSvcSchedule,,NULL,All
DECLEZ CAP 1_2124,EMS,ABC,en_3142602_SH,1,N,NULL,NULL,NULL,6000,12.0KV_6000,Fall-InSvcSchedule,,NULL,All
DECLEZ CAP 2_2125,EMS,ABC,en_3142605_SH,1,N,NULL,NULL,NULL,6000,12.0KV_6000,Fall-InSvcSchedule,,NULL,All
LA CANADA NO. 1 CAP_2513,EMS,ABC,en_3237700_SH,1,N,NULL,NULL,NULL,6300,16.0KV_6300,Fall-InSvcSchedule,,NULL,All
WIMBLEDON CAP 2_2535,EMS,ABC,en_3252606_SH,1,N,NULL,NULL,NULL,4800,12.0KV_4800,Fall-InSvcSchedule,,NULL,All
WIMBLEDON CAP 1_2536,EMS,ABC,en_3252603_SH,1,N,NULL,NULL,NULL,6000,12.0KV_6000,Fall-InSvcSchedule,,NULL,All
DIKE CAP 1_2548,EMS,ABC,en_3266600_SH,1,N,NULL,NULL,NULL,4500,12.0KV_4500,Fall-InSvcSchedule,,NULL,All
NEPTUNE CAP 3_2578,EMS,ABC,en_3288600_SH,1,N,NULL,NULL,NULL,6000,12.0KV_6000,Fall-InSvcSchedule,,NULL,All
DOWNS CAP 2_3056,EMS,ABC,en_3415600_SH,1,N,NULL,NULL,NULL,4800,12.0KV_4800,Fall-InSvcSchedule,,NULL,All
RANDALL CAP 3_PSS_3063,EMS,ABC,en_3425608_SH,1,N,NULL,NULL,NULL,4800,12.0KV_4800,Fall-InSvcSchedule,,NULL,All
RANDALL CAP 2_PSS_3064,EMS,ABC,en_3425607_SH,1,N,NULL,NULL,NULL,4800,12.0KV_4800,Fall-InSvcSchedule,,NULL,All
RANDALL CAP 1_PSS_3065,EMS,ABC,en_3425606_SH,1,N,NULL,NULL,NULL,6000,12.0KV_6000,Fall-InSvcSchedule,,NULL,All
RIDGECREST CAP 1_3096,EMS,ABC,en_3417603_SH,1,N,NULL,NULL,NULL,4800,33.0KV_4800,Fall-InSvcSchedule,,NULL,All
VEGAS CAP 1A_3301,EMS,ABC,en_3575612_SH,1,N,NULL,NULL,NULL,6000,16.0KV_6000,Fall-InSvcSchedule,,NULL,All
VEGAS CAP 1B_3302,EMS,ABC,en_3575613_SH,1,N,NULL,NULL,NULL,3000,16.0KV_3000,Fall-InSvcSchedule,,NULL,All
NATURAL CAP 1_668,EMS,ABC,en_1551103_SH,1,N,NULL,NULL,NULL,14400,HIGH_EMS,Fall-InSvcSchedule,,NULL,All
NATURAL CAP 2_669,EMS,ABC,en_1551113_SH,1,N,NULL,NULL,NULL,14400,HIGH_EMS,Fall-InSvcSchedule,,NULL,All
IMP VLY BK 82 R2_670,EMS,ABC,en_1555202_SH,1,N,NULL,NULL,NULL,45000,12.0KV_45000,Fall-InSvcSchedule,,NULL,All
IMP VLY BK 82 R3_671,EMS,ABC,en_1555302_SH,1,N,NULL,NULL,NULL,45000,12.0KV_45000,Fall-InSvcSchedule,,NULL,All
IMP VLY BK 82 R4_672,EMS,ABC,en_1555402_SH,1,N,NULL,NULL,NULL,45000,12.0KV_45000,Fall-InSvcSchedule,,NULL,All
WHIRLWIND RCT 41_673,EMS,ABC,en_1507412_SH,1,N,NULL,NULL,NULL,45000,12.0KV_45000,Fall-InSvcSchedule,,NULL,All
LAKEVIEW CAP 1_674,EMS,ABC,en_1474001_SH,1,N,NULL,NULL,NULL,4800,12.0KV_4800,Fall-InSvcSchedule,,NULL,All
LAKEVIEW CAP 2_675,EMS,ABC,en_1474012_SH,1,N,NULL,NULL,NULL,4800,12.0KV_4800,Fall-InSvcSchedule,,NULL,All
WHIRLWIND RCT 42_681,EMS,ABC,en_1507422_SH,1,N,NULL,NULL,NULL,45000,12.0KV_45000,Fall-InSvcSchedule,,NULL,All
WHIRLWIND RCT 43_682,EMS,ABC,en_1507432_SH,1,N,NULL,NULL,NULL,45000,12.0KV_45000,Fall-InSvcSchedule,,NULL,All
MAYBERRY CAP 3_684,EMS,ABC,en_3299602_SH,1,N,NULL,NULL,NULL,3000,12.0KV_3000,Fall-InSvcSchedule,,NULL,All
SAUGUS CAP 3AB_PSS_687,EMS,ABC,en_754102_SH,1,N,NULL,NULL,NULL,29300,HIGH_EMS,Fall-InSvcSchedule,,NULL,All
SAUGUS CAP 5AB_PSS_688,EMS,ABC,en_754801_SH,1,N,NULL,NULL,NULL,28800,HIGH_EMS,Fall-InSvcSchedule,,NULL,All
SAUGUS CAP 6AB_PSS_690,EMS,ABC,en_754800_SH,1,N,NULL,NULL,NULL,28800,HIGH_EMS,Fall-InSvcSchedule,,NULL,All
ISABELLA CAP 2_692,EMS,ABC,en_1026119_SH,1,N,NULL,NULL,NULL,3600,HIGH_EMS,Fall-InSvcSchedule,,NULL,All
POPLAR CAP 2A_701,EMS,ABC,en_1039141_SH,1,N,NULL,NULL,NULL,10800,HIGH_EMS,Fall-InSvcSchedule,,NULL,All
CANYON CAP 5_712,EMS,ABC,en_92005_SH,1,N,NULL,NULL,NULL,28800,HIGH_EMS,Fall-InSvcSchedule,,NULL,All
FILLMORE NO. 1 CAP_717,EMS,ABC,en_438150_SH,1,N,NULL,NULL,NULL,3000,16.0KV_3000,Fall-InSvcSchedule,,NULL,All
TIPTON CAP 3_720,EMS,ABC,en_1002202_SH,1,N,NULL,NULL,NULL,10800,HIGH_EMS,Fall-InSvcSchedule,,NULL,All
TENAJA CAP 5_721,EMS,ABC,en_1109602_SH,1,N,NULL,NULL,NULL,46800,HIGH_EMS,Fall-InSvcSchedule,,NULL,All
ISABELLA CAP 3_731,EMS,ABC,en_4127113_SH,1,N,NULL,NULL,NULL,3000,12.0KV_3000,Fall-InSvcSchedule,,NULL,All
BANDUCCI CAP 1_732,EMS,ABC,en_1578113_SH,1,N,NULL,NULL,NULL,4800,12.0KV_4800,Fall-InSvcSchedule,,NULL,All
BANDUCCI CAP 4_733,EMS,ABC,en_1578115_SH,1,N,NULL,NULL,NULL,4800,12.0KV_4800,Fall-InSvcSchedule,,NULL,All
SAUGUS CAP 3A_767,EMS,ABC,en_754102_SH,1,N,NULL,NULL,NULL,29300,HIGH_EMS,Fall-InSvcSchedule,,NULL,All
SAUGUS CAP 3B_768,EMS,ABC,en_754203_SH,1,N,NULL,NULL,NULL,29300,HIGH_EMS,Fall-InSvcSchedule,,NULL,All
SAUGUS CAP 5A_769,EMS,ABC,en_754801_SH,1,N,NULL,NULL,NULL,28800,HIGH_EMS,Fall-InSvcSchedule,,NULL,All
SAUGUS CAP 5B_770,EMS,ABC,en_754189_SH,1,N,NULL,NULL,NULL,28800,HIGH_EMS,Fall-InSvcSchedule,,NULL,All
SAUGUS CAP 6A_771,EMS,ABC,en_754800_SH,1,N,NULL,NULL,NULL,28800,HIGH_EMS,Fall-InSvcSchedule,,NULL,All
SAUGUS CAP 6B_772,EMS,ABC,en_754187_SH,1,N,NULL,NULL,NULL,28800,HIGH_EMS,Fall-InSvcSchedule,,NULL,All
VILLA PARK CAP 1A_775,EMS,ABC,en_86020_SH,1,N,NULL,NULL,NULL,29700,HIGH_EMS,Fall-InSvcSchedule,,NULL,All
VILLA PARK CAP 1B_776,EMS,ABC,en_86021_SH,1,N,NULL,NULL,NULL,29700,HIGH_EMS,Fall-InSvcSchedule,,NULL,All
VILLA PARK CAP 2A_779,EMS,ABC,en_86070_SH,1,N,NULL,NULL,NULL,29700,HIGH_EMS,Fall-InSvcSchedule,,NULL,All
VILLA PARK CAP 2B_780,EMS,ABC,en_86071_SH,1,N,NULL,NULL,NULL,29700,HIGH_EMS,Fall-InSvcSchedule,,NULL,All
VILLA PARK CAP 7A_781,EMS,ABC,en_86073_SH,1,N,NULL,NULL,NULL,28800,HIGH_EMS,Fall-InSvcSchedule,,NULL,All
VILLA PARK CAP 7B_782,EMS,ABC,en_86072_SH,1,N,NULL,NULL,NULL,28800,HIGH_EMS,Fall-InSvcSchedule,,NULL,All
GAVILAN CAP 2_787,EMS,ABC,en_3280601_SH,1,N,NULL,NULL,NULL,3600,33.0KV_3600,Fall-InSvcSchedule,,NULL,All
STADLER CAP 5_810,EMS,ABC,en_558115_SH,1,N,NULL,NULL,NULL,46800,HIGH_EMS,Fall-InSvcSchedule,,NULL,All
MORENO CAP 1_811,EMS,ABC,en_552111_SH,1,N,NULL,NULL,NULL,28800,HIGH_EMS,Fall-InSvcSchedule,,NULL,All
CAJALCO CAP 2_812,EMS,ABC,en_547109_SH,1,N,NULL,NULL,NULL,28800,HIGH_EMS,Fall-InSvcSchedule,,NULL,All
ALESSANDRO CAP 3B_813,EMS,ABC,en_544122_SH,1,N,NULL,NULL,NULL,28800,HIGH_EMS,Fall-InSvcSchedule,,NULL,All
BRYAN CAP 2_816,EMS,ABC,en_90135_SH,1,N,NULL,NULL,NULL,6000,12.0KV_6000,Fall-InSvcSchedule,,NULL,All
BRYAN CAP 1B_817,EMS,ABC,en_90155_SH,1,N,NULL,NULL,NULL,4800,12.0KV_4800,Fall-InSvcSchedule,,NULL,All
BRYAN CAP 1A_818,EMS,ABC,en_90139_SH,1,N,NULL,NULL,NULL,4800,12.0KV_4800,Fall-InSvcSchedule,,NULL,All
VALLEY CAP 7_821,EMS,ABC,en_540201_SH,1,N,NULL,NULL,NULL,6000,12.0KV_6000,Fall-InSvcSchedule,,NULL,All
AULD CAP 6_822,EMS,ABC,en_1522302_SH,1,N,NULL,NULL,NULL,4800,12.0KV_4800,Fall-InSvcSchedule,,NULL,All
IVYGLEN CAP 3_823,EMS,ABC,en_549117_SH,1,N,NULL,NULL,NULL,28800,HIGH_EMS,Fall-InSvcSchedule,,NULL,All
NATURAL CAP 1_PSS_826,EMS,ABC,en_1551103_SH,1,N,NULL,NULL,NULL,14400,HIGH_EMS,Fall-InSvcSchedule,,NULL,All
NATURAL CAP 2_PSS_827,EMS,ABC,en_1551113_SH,1,N,NULL,NULL,NULL,14400,HIGH_EMS,Fall-InSvcSchedule,,NULL,All
TIPTON CAP 2_840,EMS,ABC,en_1002122_SH,1,N,NULL,NULL,NULL,10800,HIGH_EMS,Fall-InSvcSchedule,,NULL,All
MONOLITH CAP 2B_851,EMS,ABC,en_873016_SH,1,N,NULL,NULL,NULL,16200,HIGH_EMS,Fall-InSvcSchedule,,NULL,All
MONOLITH CAP 2A_852,EMS,ABC,en_873018_SH,1,N,NULL,NULL,NULL,16200,HIGH_EMS,Fall-InSvcSchedule,,NULL,All
LIMESTONE CAP 4_861,EMS,ABC,en_2036641_SH,1,N,NULL,NULL,NULL,6000,12.0KV_6000,Fall-InSvcSchedule,,NULL,All
LIMESTONE CAP 3_862,EMS,ABC,en_2036631_SH,1,N,NULL,NULL,NULL,6000,12.0KV_6000,Fall-InSvcSchedule,,NULL,All
LIMESTONE CAP 2_863,EMS,ABC,en_2036620_SH,1,N,NULL,NULL,NULL,6000,12.0KV_6000,Fall-InSvcSchedule,,NULL,All
LIMESTONE CAP 1_864,EMS,ABC,en_2036610_SH,1,N,NULL,NULL,NULL,3000,12.0KV_3000,Fall-InSvcSchedule,,NULL,All
VILLA PARK CAP 8_873,EMS,ABC,en_86172_SH,1,N,NULL,NULL,NULL,28800,HIGH_EMS,Fall-InSvcSchedule,,NULL,All
EL SOBRANTE CAP 1_893,EMS,ABC,en_3282110_SH,1,N,NULL,NULL,NULL,6000,33.0KV_6000,Fall-InSvcSchedule,,NULL,All
MORAGA CAP 2A_896,EMS,ABC,en_3500112_SH,1,N,NULL,NULL,NULL,4500,33.0KV_4500,Fall-InSvcSchedule,,NULL,All
MORAGA CAP 2B_897,EMS,ABC,en_3500113_SH,1,N,NULL,NULL,NULL,4500,33.0KV_4500,Fall-InSvcSchedule,,NULL,All
EARLIMART CAP 1_910,EMS,ABC,en_2020216_SH,1,N,NULL,NULL,NULL,1500,12.0KV_1500,Fall-InSvcSchedule,,NULL,All
SAUGUS CAP 7_PSS_913,EMS,ABC,en_754192_SH,1,N,NULL,NULL,NULL,28800,HIGH_EMS,Fall-InSvcSchedule,,NULL,All
VIEJO CAP 1_915,EMS,ABC,en_658007_SH,1,N,NULL,NULL,NULL,28800,HIGH_EMS,Fall-InSvcSchedule,,NULL,All
VIEJO CAP 2_916,EMS,ABC,en_658056_SH,1,N,NULL,NULL,NULL,28800,HIGH_EMS,Fall-InSvcSchedule,,NULL,All
VIEJO CAP 5_917,EMS,ABC,en_658122_SH,1,N,NULL,NULL,NULL,28800,HIGH_EMS,Fall-InSvcSchedule,,NULL,All
WINDHUB CAP 3_918,EMS,ABC,en_2393306_SH,1,N,NULL,NULL,NULL,28800,HIGH_EMS,Fall-InSvcSchedule,,NULL,All
WINDHUB CAP 4_919,EMS,ABC,en_2393406_SH,1,N,NULL,NULL,NULL,28800,HIGH_EMS,Fall-InSvcSchedule,,NULL,All
WINDHUB CAP 5_920,EMS,ABC,en_2393506_SH,1,N,NULL,NULL,NULL,28800,HIGH_EMS,Fall-InSvcSchedule,,NULL,All
SAUGUS CAP 1_PSS_926,EMS,ABC,en_754171_SH,1,N,NULL,NULL,NULL,28800,HIGH_EMS,Fall-InSvcSchedule,,NULL,All
VESTAL CAP 2_PSS_927,EMS,ABC,en_1009302_SH,1,N,NULL,NULL,NULL,14400,HIGH_EMS,Fall-InSvcSchedule,,NULL,All
VESTAL CAP 3_PSS_928,EMS,ABC,en_1009301_SH,1,N,NULL,NULL,NULL,14400,HIGH_EMS,Fall-InSvcSchedule,,NULL,All
VILLA PARK CAP 8_PSS_929,EMS,ABC,en_86172_SH,1,N,NULL,NULL,NULL,28800,HIGH_EMS,Fall-InSvcSchedule,,NULL,All
WHEATLAND CAP 3_PSS_930,EMS,ABC,en_1049110_SH,1,N,NULL,NULL,NULL,14400,HIGH_EMS,Fall-InSvcSchedule,,NULL,All
HASKELL NO. 1 CAP_938,EMS,ABC,en_3507603_SH,1,N,NULL,NULL,NULL,4800,16.0KV_4800,Fall-InSvcSchedule,,NULL,All
HASKELL NO. 2 CAP_939,EMS,ABC,en_3507606_SH,1,N,NULL,NULL,NULL,3000,16.0KV_3000,Fall-InSvcSchedule,,NULL,All
HASKELL NO. 3 CAP_940,EMS,ABC,en_3507609_SH,1,N,NULL,NULL,NULL,3000,16.0KV_3000,Fall-InSvcSchedule,,NULL,All
HASKELL NO. 4 CAP_941,EMS,ABC,en_3507612_SH,1,N,NULL,NULL,NULL,4800,16.0KV_4800,Fall-InSvcSchedule,,NULL,All
PROCTOR CAP 2_PSS_946,EMS,ABC,en_3422120_SH,1,N,NULL,NULL,NULL,4800,12.0KV_4800,Fall-InSvcSchedule,,NULL,All
PROCTOR CAP 2_947,EMS,ABC,en_3422120_SH,1,N,NULL,NULL,NULL,4800,12.0KV_4800,Fall-InSvcSchedule,,NULL,All
PORTERVILLE  CAP 5_951,EMS,ABC,en_998162_SH,1,N,NULL,NULL,NULL,4800,12.0KV_4800,Fall-InSvcSchedule,,NULL,All
CORTEZ CAP 2_1007,EMS,ABC,en_1505101_SH,1,N,NULL,NULL,NULL,4800,12.0KV_4800,Fall-InSvcSchedule,,NULL,All
CORTEZ CAP 3_1008,EMS,ABC,en_1505159_SH,1,N,NULL,NULL,NULL,6000,12.0KV_6000,Fall-InSvcSchedule,,NULL,All
CORTEZ CAP 4_1009,EMS,ABC,en_1505161_SH,1,N,NULL,NULL,NULL,4800,12.0KV_4800,Fall-InSvcSchedule,,NULL,All
AULD NO. 1 CAP_1019,EMS,ABC,en_1521110_SH,1,N,NULL,NULL,NULL,10800,33.0KV_10800,Fall-InSvcSchedule,,NULL,All
AULD CAP 4_1020,EMS,ABC,en_1522115_SH,1,N,NULL,NULL,NULL,4800,12.0KV_4800,Fall-InSvcSchedule,,NULL,All
AULD CAP 3_1021,EMS,ABC,en_1522215_SH,1,N,NULL,NULL,NULL,4800,12.0KV_4800,Fall-InSvcSchedule,,NULL,All
AULD CAP 5_1022,EMS,ABC,en_1522217_SH,1,N,NULL,NULL,NULL,4800,12.0KV_4800,Fall-InSvcSchedule,,NULL,All
ELSINORE NO. 1 CAP_1023,EMS,ABC,en_1523125_SH,1,N,NULL,NULL,NULL,10800,33.0KV_10800,Fall-InSvcSchedule,,NULL,All
ELSINORE CAP 3_1024,EMS,ABC,en_1524124_SH,1,N,NULL,NULL,NULL,4800,12.0KV_4800,Fall-InSvcSchedule,,NULL,All
ELSINORE CAP 4_1025,EMS,ABC,en_1524126_SH,1,N,NULL,NULL,NULL,4800,12.0KV_4800,Fall-InSvcSchedule,,NULL,All
NEWCOMB CAP 1_1026,EMS,ABC,en_1526120_SH,1,N,NULL,NULL,NULL,4800,12.0KV_4800,Fall-InSvcSchedule,,NULL,All
NEWCOMB CAP 2_1027,EMS,ABC,en_1526122_SH,1,N,NULL,NULL,NULL,4800,12.0KV_4800,Fall-InSvcSchedule,,NULL,All
NEWCOMB CAP 4_1028,EMS,ABC,en_1526221_SH,1,N,NULL,NULL,NULL,4800,12.0KV_4800,Fall-InSvcSchedule,,NULL,All
NEWCOMB CAP 5_1029,EMS,ABC,en_1526223_SH,1,N,NULL,NULL,NULL,4800,12.0KV_4800,Fall-InSvcSchedule,,NULL,All
PECHANGA CAP 1_1030,EMS,ABC,en_1528125_SH,1,N,NULL,NULL,NULL,4800,12.0KV_4800,Fall-InSvcSchedule,,NULL,All
PECHANGA CAP 2_1031,EMS,ABC,en_1528127_SH,1,N,NULL,NULL,NULL,4800,12.0KV_4800,Fall-InSvcSchedule,,NULL,All
PECHANGA CAP 3_1032,EMS,ABC,en_1528207_SH,1,N,NULL,NULL,NULL,4800,12.0KV_4800,Fall-InSvcSchedule,,NULL,All
SAN FERNANDO CAP 1_1056,EMS,ABC,en_1546115_SH,1,N,NULL,NULL,NULL,5400,16.0KV_5400,Fall-InSvcSchedule,,NULL,All
CUMMNGS CAP 1_1057,EMS,ABC,en_1547107_SH,1,N,NULL,NULL,NULL,3000,12.0KV_3000,Fall-InSvcSchedule,,NULL,All
VESTAL CAP 1_1060,EMS,ABC,en_1549113_SH,1,N,NULL,NULL,NULL,4800,12.0KV_4800,Fall-InSvcSchedule,,NULL,All
MORAGA CAP 4_1100,EMS,ABC,en_551117_SH,1,N,NULL,NULL,NULL,46800,HIGH_EMS,Fall-InSvcSchedule,,NULL,All
WALNUT CAP 1_1504,EMS,ABC,en_4012611_SH,1,N,NULL,NULL,NULL,6000,12.0KV_6000,Fall-InSvcSchedule,,NULL,All
WALNUT CAP 2_1505,EMS,ABC,en_4012622_SH,1,N,NULL,NULL,NULL,4800,12.0KV_4800,Fall-InSvcSchedule,,NULL,All
WALNUT CAP 9_1506,EMS,ABC,en_4012631_SH,1,N,NULL,NULL,NULL,4800,12.0KV_4800,Fall-InSvcSchedule,,NULL,All
BROWNING CAP 1_1514,EMS,ABC,en_1506612_SH,1,N,NULL,NULL,NULL,1440,12.0KV_1440,Fall-InSvcSchedule,,NULL,All
DELANO CAP 3_1516,EMS,ABC,en_4022611_SH,1,N,NULL,NULL,NULL,4500,12.0KV_4500,Fall-InSvcSchedule,,NULL,All
DELANO CAP 2_1517,EMS,ABC,en_4022621_SH,1,N,NULL,NULL,NULL,4800,12.0KV_4800,Fall-InSvcSchedule,,NULL,All
DELANO CAP 1_1518,EMS,ABC,en_4022631_SH,1,N,NULL,NULL,NULL,4800,12.0KV_4800,Fall-InSvcSchedule,,NULL,All
SOLEMINT CAP 1_1523,EMS,ABC,en_4029611_SH,1,N,NULL,NULL,NULL,4800,16.0KV_4800,Fall-InSvcSchedule,,NULL,All
NOGALES CAP 3_1614,EMS,ABC,en_3240631_SH,1,N,NULL,NULL,NULL,4800,12.0KV_4800,Fall-InSvcSchedule,,NULL,All
LINDSAY CAP 1A_1638,EMS,ABC,en_4120610_SH,1,N,NULL,NULL,NULL,3000,12.0KV_3000,Fall-InSvcSchedule,,NULL,All
LINDSAY CAP 1B_1639,EMS,ABC,en_4120621_SH,1,N,NULL,NULL,NULL,3000,12.0KV_3000,Fall-InSvcSchedule,,NULL,All
WOODVILLE CAP 1_1641,EMS,ABC,en_4125611_SH,1,N,NULL,NULL,NULL,2250,12.0KV_2250,Fall-InSvcSchedule,,NULL,All
ELIZABETH LAKE NO. 1 CAP_1653,EMS,ABC,en_4136612_SH,1,N,NULL,NULL,NULL,4800,16.0KV_4800,Fall-InSvcSchedule,,NULL,All
ELIZABETH LAKE NO. 2 CAP_1654,EMS,ABC,en_4136622_SH,1,N,NULL,NULL,NULL,4800,16.0KV_4800,Fall-InSvcSchedule,,NULL,All
ELIZABETH LAKE NO. 3 CAP_1655,EMS,ABC,en_4136632_SH,1,N,NULL,NULL,NULL,4800,16.0KV_4800,Fall-InSvcSchedule,,NULL,All
NORTH OAKS CAP 1_1656,EMS,ABC,en_4138612_SH,1,N,NULL,NULL,NULL,3150,16.0KV_3150,Fall-InSvcSchedule,,NULL,All
NORTH OAKS CAP 1A_1657,EMS,ABC,en_4138614_SH,1,N,NULL,NULL,NULL,3150,16.0KV_3150,Fall-InSvcSchedule,,NULL,All
NORTH OAKS CAP 3_1658,EMS,ABC,en_4138632_SH,1,N,NULL,NULL,NULL,3000,16.0KV_3000,Fall-InSvcSchedule,,NULL,All
NORTH OAKS CAP 3A_1659,EMS,ABC,en_4138634_SH,1,N,NULL,NULL,NULL,3000,16.0KV_3000,Fall-InSvcSchedule,,NULL,All
GOLDTOWN CAP 1_1660,EMS,ABC,en_4139612_SH,1,N,NULL,NULL,NULL,3000,12.0KV_3000,Fall-InSvcSchedule,,NULL,All
MONOLITH CAP 1_1671,EMS,ABC,en_4157612_SH,1,N,NULL,NULL,NULL,4800,12.0KV_4800,Fall-InSvcSchedule,,NULL,All
RAILROAD CAP 3_1716,EMS,ABC,en_3242631_SH,1,N,NULL,NULL,NULL,4800,12.0KV_4800,Fall-InSvcSchedule,,NULL,All
MARIPOSA CAP 1_1731,EMS,ABC,en_4220103_SH,1,N,NULL,NULL,NULL,1500,12.0KV_1500,Fall-InSvcSchedule,,NULL,All
STRATHMORE CAP 1_1738,EMS,ABC,en_4226611_SH,1,N,NULL,NULL,NULL,4800,12.0KV_4800,Fall-InSvcSchedule,,NULL,All
QUINN CAP 1_1739,EMS,ABC,en_4227611_SH,1,N,NULL,NULL,NULL,3000,12.0KV_3000,Fall-InSvcSchedule,,NULL,All
TERRA BELLA CAP 1_1740,EMS,ABC,en_4228611_SH,1,N,NULL,NULL,NULL,2400,12.0KV_2400,Fall-InSvcSchedule,,NULL,All
TERRA BELLA CAP 2_1741,EMS,ABC,en_4228620_SH,1,N,NULL,NULL,NULL,2400,12.0KV_2400,Fall-InSvcSchedule,,NULL,All
WELDON CAP 1_1742,EMS,ABC,en_4229611_SH,1,N,NULL,NULL,NULL,4800,12.0KV_4800,Fall-InSvcSchedule,,NULL,All
WHEATLAND CAP 1_1743,EMS,ABC,en_4230611_SH,1,N,NULL,NULL,NULL,4800,12.0KV_4800,Fall-InSvcSchedule,,NULL,All
NEWHALL NO. 1A CAP_1754,EMS,ABC,en_4240612_SH,1,N,NULL,NULL,NULL,3000,16.0KV_3000,Fall-InSvcSchedule,,NULL,All
NEWHALL NO. 1B CAP_1755,EMS,ABC,en_4240613_SH,1,N,NULL,NULL,NULL,3000,16.0KV_3000,Fall-InSvcSchedule,,NULL,All
NEWHALL NO. 2 CAP_1756,EMS,ABC,en_4240622_SH,1,N,NULL,NULL,NULL,6000,16.0KV_6000,Fall-InSvcSchedule,,NULL,All
LOCKHEED NO. 1 CAP_1759,EMS,ABC,en_4245612_SH,1,N,NULL,NULL,NULL,4800,16.0KV_4800,Fall-InSvcSchedule,,NULL,All
LOCKHEED NO. 2 CAP_1760,EMS,ABC,en_4245621_SH,1,N,NULL,NULL,NULL,4800,16.0KV_4800,Fall-InSvcSchedule,,NULL,All
TRITON CAP 1_2032,EMS,ABC,en_1293601_SH,1,N,NULL,NULL,NULL,4800,12.0KV_4800,Fall-InSvcSchedule,,NULL,All
TRITON CAP 4_2033,EMS,ABC,en_1293603_SH,1,N,NULL,NULL,NULL,4800,12.0KV_4800,Fall-InSvcSchedule,,NULL,All
MERCED CAP 1_2041,EMS,ABC,en_3027601_SH,1,N,NULL,NULL,NULL,7200,12.0KV_7200,Fall-InSvcSchedule,,NULL,All
MERCED CAP 2_2042,EMS,ABC,en_3027603_SH,1,N,NULL,NULL,NULL,7200,12.0KV_7200,Fall-InSvcSchedule,,NULL,All
PUENTE CAP 1_2043,EMS,ABC,en_3028611_SH,1,N,NULL,NULL,NULL,4800,12.0KV_4800,Fall-InSvcSchedule,,NULL,All
PUENTE CAP 2_2044,EMS,ABC,en_3028602_SH,1,N,NULL,NULL,NULL,4800,12.0KV_4800,Fall-InSvcSchedule,,NULL,All
CANYON CAP 2_2047,EMS,ABC,en_3292600_SH,1,N,NULL,NULL,NULL,6000,12.0KV_6000,Fall-InSvcSchedule,,NULL,All
PIXLEY CAP 1_2056,EMS,ABC,en_3036612_SH,1,N,NULL,NULL,NULL,4800,12.0KV_4800,Fall-InSvcSchedule,,NULL,All
PIXLEY CAP 2_2057,EMS,ABC,en_3036622_SH,1,N,NULL,NULL,NULL,4800,12.0KV_4800,Fall-InSvcSchedule,,NULL,All
VILLA PARK CAP 3_2078,EMS,ABC,en_3043631_SH,1,N,NULL,NULL,NULL,4800,12.0KV_4800,Fall-InSvcSchedule,,NULL,All
VILLA PARK CAP 4_2079,EMS,ABC,en_3043642_SH,1,N,NULL,NULL,NULL,4800,12.0KV_4800,Fall-InSvcSchedule,,NULL,All
ORANGE CAP 3_2156,EMS,ABC,en_3479606_SH,1,N,NULL,NULL,NULL,4800,12.0KV_4800,Fall-InSvcSchedule,,NULL,All
ORANGE CAP 4_2157,EMS,ABC,en_3479607_SH,1,N,NULL,NULL,NULL,4800,12.0KV_4800,Fall-InSvcSchedule,,NULL,All
VIEJO CAP 3_2160,EMS,ABC,en_3528601_SH,1,N,NULL,NULL,NULL,4800,12.0KV_4800,Fall-InSvcSchedule,,NULL,All
VIEJO CAP 4_2161,EMS,ABC,en_3528605_SH,1,N,NULL,NULL,NULL,4800,12.0KV_4800,Fall-InSvcSchedule,,NULL,All
INDUSTRY CAP 1_2511,EMS,ABC,en_3215603_SH,1,N,NULL,NULL,NULL,6000,12.0KV_6000,Fall-InSvcSchedule,,NULL,All
INDUSTRY CAP 2_2512,EMS,ABC,en_3215601_SH,1,N,NULL,NULL,NULL,6150,12.0KV_6150,Fall-InSvcSchedule,,NULL,All
NOGALES CAP 2_2517,EMS,ABC,en_3240622_SH,1,N,NULL,NULL,NULL,4800,12.0KV_4800,Fall-InSvcSchedule,,NULL,All
NOGALES CAP 1_2518,EMS,ABC,en_3240611_SH,1,N,NULL,NULL,NULL,5712,12.0KV_5712,Fall-InSvcSchedule,,NULL,All
RAILROAD CAP 2_2522,EMS,ABC,en_3242622_SH,1,N,NULL,NULL,NULL,6300,12.0KV_6300,Fall-InSvcSchedule,,NULL,All
RAILROAD CAP 1_2523,EMS,ABC,en_3242611_SH,1,N,NULL,NULL,NULL,6300,12.0KV_6300,Fall-InSvcSchedule,,NULL,All
ALESSANDRO CAP 4_2556,EMS,ABC,en_3275600_SH,1,N,NULL,NULL,NULL,4800,12.0KV_4800,Fall-InSvcSchedule,,NULL,All
ALESSANDRO CAP 2_2557,EMS,ABC,en_3275601_SH,1,N,NULL,NULL,NULL,6000,12.0KV_6000,Fall-InSvcSchedule,,NULL,All
ALESSANDRO CAP 5_2558,EMS,ABC,en_3275602_SH,1,N,NULL,NULL,NULL,4800,12.0KV_4800,Fall-InSvcSchedule,,NULL,All
ALESSANDRO CAP 1_2559,EMS,ABC,en_3277601_SH,1,N,NULL,NULL,NULL,10200,33.0KV_10200,Fall-InSvcSchedule,,NULL,All
GAVILAN CAP 2_PSS_2560,EMS,ABC,en_3280601_SH,1,N,NULL,NULL,NULL,3600,33.0KV_3600,Fall-InSvcSchedule,,NULL,All
GAVILAN CAP 1_2561,EMS,ABC,en_3281600_SH,1,N,NULL,NULL,NULL,3600,12.0KV_3600,Fall-InSvcSchedule,,NULL,All
EL SOBRANTE CAP 1_PSS_2562,EMS,ABC,en_3282110_SH,1,N,NULL,NULL,NULL,6000,33.0KV_6000,Fall-InSvcSchedule,,NULL,All
BUNKER CAP 1_2569,EMS,ABC,en_3291600_SH,1,N,NULL,NULL,NULL,4800,12.0KV_4800,Fall-InSvcSchedule,,NULL,All
BUNKER CAP 2_2570,EMS,ABC,en_3291601_SH,1,N,NULL,NULL,NULL,4800,12.0KV_4800,Fall-InSvcSchedule,,NULL,All
BUNKER CAP 3_2571,EMS,ABC,en_3291602_SH,1,N,NULL,NULL,NULL,4800,12.0KV_4800,Fall-InSvcSchedule,,NULL,All
CANYON CAP 1_2572,EMS,ABC,en_3292601_SH,1,N,NULL,NULL,NULL,6000,12.0KV_6000,Fall-InSvcSchedule,,NULL,All
CHIQUITA CAP 1_2573,EMS,ABC,en_3293600_SH,1,N,NULL,NULL,NULL,6000,12.0KV_6000,Fall-InSvcSchedule,,NULL,All
CHIQUITA CAP 2_2574,EMS,ABC,en_3293601_SH,1,N,NULL,NULL,NULL,6000,12.0KV_6000,Fall-InSvcSchedule,,NULL,All
CHIQUITA CAP 3_2575,EMS,ABC,en_3293602_SH,1,N,NULL,NULL,NULL,4800,12.0KV_4800,Fall-InSvcSchedule,,NULL,All
CHIQUITA CAP 4_2576,EMS,ABC,en_3293603_SH,1,N,NULL,NULL,NULL,4800,12.0KV_4800,Fall-InSvcSchedule,,NULL,All
MAYBERRY CAP 1_2583,EMS,ABC,en_3299600_SH,1,N,NULL,NULL,NULL,6000,12.0KV_6000,Fall-InSvcSchedule,,NULL,All
MAYBERRY CAP 2_2584,EMS,ABC,en_3299601_SH,1,N,NULL,NULL,NULL,3000,12.0KV_3000,Fall-InSvcSchedule,,NULL,All
ONEILL CAP 1_2587,EMS,ABC,en_3301612_SH,1,N,NULL,NULL,NULL,6000,12.0KV_6000,Fall-InSvcSchedule,,NULL,All
ONEILL CAP 2_2588,EMS,ABC,en_3301622_SH,1,N,NULL,NULL,NULL,4500,12.0KV_4500,Fall-InSvcSchedule,,NULL,All
PAUBA CAP 1_2589,EMS,ABC,en_3302600_SH,1,N,NULL,NULL,NULL,4800,12.0KV_4800,Fall-InSvcSchedule,,NULL,All
PAUBA CAP 2_2590,EMS,ABC,en_3302601_SH,1,N,NULL,NULL,NULL,4800,12.0KV_4800,Fall-InSvcSchedule,,NULL,All
SKYLARK CAP 1_2591,EMS,ABC,en_3303600_SH,1,N,NULL,NULL,NULL,6000,12.0KV_6000,Fall-InSvcSchedule,,NULL,All
SKYLARK CAP 2_2592,EMS,ABC,en_3303601_SH,1,N,NULL,NULL,NULL,4800,12.0KV_4800,Fall-InSvcSchedule,,NULL,All
STETSON CAP 1_2593,EMS,ABC,en_3304600_SH,1,N,NULL,NULL,NULL,6000,12.0KV_6000,Fall-InSvcSchedule,,NULL,All
STETSON CAP 2_2594,EMS,ABC,en_3304601_SH,1,N,NULL,NULL,NULL,4800,12.0KV_4800,Fall-InSvcSchedule,,NULL,All
STETSON CAP 3_2595,EMS,ABC,en_3304602_SH,1,N,NULL,NULL,NULL,4800,12.0KV_4800,Fall-InSvcSchedule,,NULL,All
TENAJA CAP 1_2597,EMS,ABC,en_3306600_SH,1,N,NULL,NULL,NULL,4800,12.0KV_4800,Fall-InSvcSchedule,,NULL,All
TENAJA CAP 2_2598,EMS,ABC,en_3306601_SH,1,N,NULL,NULL,NULL,4800,12.0KV_4800,Fall-InSvcSchedule,,NULL,All
YORBA LINDA CAP 2_2600,EMS,ABC,en_3308600_SH,1,N,NULL,NULL,NULL,4800,12.0KV_4800,Fall-InSvcSchedule,,NULL,All
YORBA LINDA CAP 3_2601,EMS,ABC,en_3308601_SH,1,N,NULL,NULL,NULL,4800,12.0KV_4800,Fall-InSvcSchedule,,NULL,All
YORBA LINDA CAP 4_2602,EMS,ABC,en_3308602_SH,1,N,NULL,NULL,NULL,4800,12.0KV_4800,Fall-InSvcSchedule,,NULL,All
FOGARTY CAP 1_2608,EMS,ABC,en_3317600_SH,1,N,NULL,NULL,NULL,4800,12.0KV_4800,Fall-InSvcSchedule,,NULL,All
FOGARTY CAP 4_2609,EMS,ABC,en_3317601_SH,1,N,NULL,NULL,NULL,4800,12.0KV_4800,Fall-InSvcSchedule,,NULL,All
SUN CITY CAP 1_2622,EMS,ABC,en_3316600_SH,1,N,NULL,NULL,NULL,4800,12.0KV_4800,Fall-InSvcSchedule,,NULL,All
SUN CITY CAP 4_2623,EMS,ABC,en_3316601_SH,1,N,NULL,NULL,NULL,4800,12.0KV_4800,Fall-InSvcSchedule,,NULL,All
STADLER CAP 1_2631,EMS,ABC,en_3493600_SH,1,N,NULL,NULL,NULL,4800,12.0KV_4800,Fall-InSvcSchedule,,NULL,All
STADLER CAP 2_2632,EMS,ABC,en_3493601_SH,1,N,NULL,NULL,NULL,4800,12.0KV_4800,Fall-InSvcSchedule,,NULL,All
STADLER CAP 3_2633,EMS,ABC,en_3493602_SH,1,N,NULL,NULL,NULL,4800,12.0KV_4800,Fall-InSvcSchedule,,NULL,All
STADLER CAP 4_2634,EMS,ABC,en_3493603_SH,1,N,NULL,NULL,NULL,4800,12.0KV_4800,Fall-InSvcSchedule,,NULL,All
MORAGA CAP 2A_PSS_2658,EMS,ABC,en_3500112_SH,1,N,NULL,NULL,NULL,4500,33.0KV_4500,Fall-InSvcSchedule,,NULL,All
MORAGA CAP 2B_PSS_2659,EMS,ABC,en_3500113_SH,1,N,NULL,NULL,NULL,4500,33.0KV_4500,Fall-InSvcSchedule,,NULL,All
BASSETT CAP 3_3001,EMS,ABC,en_3402601_SH,1,N,NULL,NULL,NULL,4800,12.0KV_4800,Fall-InSvcSchedule,,NULL,All
BASSETT CAP 1_3002,EMS,ABC,en_3402602_SH,1,N,NULL,NULL,NULL,4800,12.0KV_4800,Fall-InSvcSchedule,,NULL,All
BASSETT CAP 2_3003,EMS,ABC,en_3402603_SH,1,N,NULL,NULL,NULL,4500,12.0KV_4500,Fall-InSvcSchedule,,NULL,All
PROCTOR CAP 1_3070,EMS,ABC,en_3422601_SH,1,N,NULL,NULL,NULL,6000,12.0KV_6000,Fall-InSvcSchedule,,NULL,All
NELSON CAP 1_3090,EMS,ABC,en_3439601_SH,1,N,NULL,NULL,NULL,4800,12.0KV_4800,Fall-InSvcSchedule,,NULL,All
NELSON CAP 3_3091,EMS,ABC,en_3439603_SH,1,N,NULL,NULL,NULL,4950,12.0KV_4950,Fall-InSvcSchedule,,NULL,All
HEMET CAP 3_3094,EMS,ABC,en_3441132_SH,1,N,NULL,NULL,NULL,3150,12.0KV_3150,Fall-InSvcSchedule,,NULL,All
ATWOOD CAP 1_3110,EMS,ABC,en_3463601_SH,1,N,NULL,NULL,NULL,5100,12.0KV_5100,Fall-InSvcSchedule,,NULL,All
CAJALCO CAP 3_3118,EMS,ABC,en_3465601_SH,1,N,NULL,NULL,NULL,4800,12.0KV_4800,Fall-InSvcSchedule,,NULL,All
CAJALCO CAP 1_3119,EMS,ABC,en_3465603_SH,1,N,NULL,NULL,NULL,6000,12.0KV_6000,Fall-InSvcSchedule,,NULL,All
LA VETA CAP 1_3133,EMS,ABC,en_3475611_SH,1,N,NULL,NULL,NULL,6000,12.0KV_6000,Fall-InSvcSchedule,,NULL,All
LA VETA CAP 2_3134,EMS,ABC,en_3475621_SH,1,N,NULL,NULL,NULL,6000,12.0KV_6000,Fall-InSvcSchedule,,NULL,All
ORANGE CAP 1_3135,EMS,ABC,en_3479604_SH,1,N,NULL,NULL,NULL,4800,12.0KV_4800,Fall-InSvcSchedule,,NULL,All
ORANGE CAP 2_3136,EMS,ABC,en_3479605_SH,1,N,NULL,NULL,NULL,4800,12.0KV_4800,Fall-InSvcSchedule,,NULL,All
IVYGLEN CAP 1_3141,EMS,ABC,en_3474601_SH,1,N,NULL,NULL,NULL,4800,12.0KV_4800,Fall-InSvcSchedule,,NULL,All
IVYGLEN CAP 2_3142,EMS,ABC,en_3474603_SH,1,N,NULL,NULL,NULL,4800,12.0KV_4800,Fall-InSvcSchedule,,NULL,All
PLACENTIA CAP 1_3143,EMS,ABC,en_3480600_SH,1,N,NULL,NULL,NULL,3000,12.0KV_3000,Fall-InSvcSchedule,,NULL,All
PLACENTIA CAP 2_3144,EMS,ABC,en_3480602_SH,1,N,NULL,NULL,NULL,6000,12.0KV_6000,Fall-InSvcSchedule,,NULL,All
WASHINGTON CAP 1_3151,EMS,ABC,en_3487600_SH,1,N,NULL,NULL,NULL,6000,12.0KV_6000,Fall-InSvcSchedule,,NULL,All
MORAGA CAP 3_3165,EMS,ABC,en_3497609_SH,1,N,NULL,NULL,NULL,4800,12.0KV_4800,Fall-InSvcSchedule,,NULL,All
MORAGA CAP 1_3166,EMS,ABC,en_3497608_SH,1,N,NULL,NULL,NULL,4800,12.0KV_4800,Fall-InSvcSchedule,,NULL,All
MORAGA CAP 6_3167,EMS,ABC,en_3497611_SH,1,N,NULL,NULL,NULL,4800,12.0KV_4800,Fall-InSvcSchedule,,NULL,All
MORAGA CAP 5_3168,EMS,ABC,en_3497610_SH,1,N,NULL,NULL,NULL,4800,12.0KV_4800,Fall-InSvcSchedule,,NULL,All
SAUGUS CAP 4_3281,EMS,ABC,en_3559611_SH,1,N,NULL,NULL,NULL,4800,16.0KV_4800,Fall-InSvcSchedule,,NULL,All
SAUGUS CAP 4A_3282,EMS,ABC,en_3559610_SH,1,N,NULL,NULL,NULL,4800,16.0KV_4800,Fall-InSvcSchedule,,NULL,All
SAUGUS CAP 2_3283,EMS,ABC,en_3559621_SH,1,N,NULL,NULL,NULL,4800,16.0KV_4800,Fall-InSvcSchedule,,NULL,All
SAUGUS CAP 2A_3284,EMS,ABC,en_3559620_SH,1,N,NULL,NULL,NULL,4800,16.0KV_4800,Fall-InSvcSchedule,,NULL,All
SAN BERNARDINO CAP 5_3286,EMS,ABC,en_3562652_SH,1,N,NULL,NULL,NULL,4800,12.0KV_4800,Fall-InSvcSchedule,,NULL,All
SAN MIGUEL CAP 1AB_3304,EMS,ABC,en_3574612_SH,1,N,NULL,NULL,NULL,2900,16.0KV_2900,Fall-InSvcSchedule,,NULL,All
SAN MIGUEL CAP 2_3305,EMS,ABC,en_3574622_SH,1,N,NULL,NULL,NULL,3600,16.0KV_3600,Fall-InSvcSchedule,,NULL,All
BELVEDERE CAP 1_3644,EMS,ABC,en_3326612_SH,1,N,NULL,NULL,NULL,1440,4.0KV_1440,Fall-InSvcSchedule,,NULL,All
MICHILLINDA CAP 1_3648,EMS,ABC,en_3333611_SH,1,N,NULL,NULL,NULL,1500,4.0KV_1500,Fall-InSvcSchedule,,NULL,All
MICHILLINDA CAP 2_3649,EMS,ABC,en_3333622_SH,1,N,NULL,NULL,NULL,1800,4.0KV_1800,Fall-InSvcSchedule,,NULL,All
