StateGroupSet,StateNumber,LockableState,StateName,
1!1,1!2,NULL!NULL,Open!Closed,
2!2!2!2,1!2!3!4,NULL!NULL!NULL!NULL,Open!Closed!Travel!Invalid,
3!3!3,1!2!3,NULL!NULL!NULL,Off!Unilateral!Bilateral,
4!4!4,1!2!3,NULL!NULL!NULL,Valid!Invalid!Default,
5!5,1!2,NULL!NULL,Online!Offline,
6!6!6!6!6!6!6!6!6!6!6!6,1!2!3!4!5!6!7!8!9!10!11!12,NULL!NULL!NULL!NULL!NULL!NULL!NULL!NULL!NULL!NULL!NULL!NULL,Online!Offline!Spared!Disabled!Exercise!Assigned!DTS!Available!Failed!Failback!Simulated!Not Config,
7!7!7!7!7!7!7,1!2!3!4!5!6!7,NULL!NULL!NULL!NULL!NULL!NULL!NULL,< 1 msec!1-5 msec!5-50 msec!50-500 msec!> 500 msec!Undefined!Init Pwr Up,
8!8!8!8,1!2!3!4,NULL!NULL!NULL!NULL,Offline!AvailableOn!AvailableOff!Deactivated,
9!9!9!9!9!9!9!9!9!9!9!9,1!2!3!4!5!6!7!8!9!10!11!12,NULL!NULL!NULL!NULL!NULL!NULL!NULL!NULL!NULL!NULL!NULL!NULL,Enable!Disable!Selftest!Reset!Update Stats!Exercise!Update Scan!Status Scan!Analog Scan!Accum Scan!Accum Freeze!Simulate,
10!10!10!10!10!10!10!10!10!10!10!10!10,1!2!3!4!5!6!7!8!9!10!11!12!13,NULL!NULL!NULL!NULL!NULL!NULL!NULL!NULL!NULL!NULL!NULL!NULL!NULL,Enable!Disable!Selftest!Reset!Update Stats!Switch Dev!Exercise!Update Scan!Status Scan!Analog Scan!Accum Scan!Accum Freeze!Simulate,
11!11!11!11!11!11!11!11!11!11!11!11!11,1!2!3!4!5!6!7!8!9!10!11!12!13,NULL!NULL!NULL!NULL!NULL!NULL!NULL!NULL!NULL!NULL!NULL!NULL!NULL,Enable!Disable!Selftest!Reset!Update Stats!Switch Chan!Exercise!Update Scan!Status Scan!Analog Scan!Accum Scan!Accum Freeze!Simulate,
12!12!12!12!12!12!12!12!12!12!12!12!12!12,1!2!3!4!5!6!7!8!9!10!11!12!13!14,NULL!NULL!NULL!NULL!NULL!NULL!NULL!NULL!NULL!NULL!NULL!NULL!NULL!NULL,Enable!Disable!Selftest!Reset!Update Stats!Switch Dev!Switch Chan!Exercise!Update Scan!Status Scan!Analog Scan!Accum Scan!Accum Freeze!Simulate,
13!13!13!13!13!13,1!2!3!4!5!6,NULL!NULL!NULL!NULL!NULL!NULL,Enable!Disable!Selftest!Reset!Update Stats!Exercise,
14!14!14!14!14!14!14,1!2!3!4!5!6!7,NULL!NULL!NULL!NULL!NULL!NULL!NULL,Enable!Disable!Selftest!Reset!Update Stats!Switch Dev!Exercise,
15!15!15!15!15!15!15,1!2!3!4!5!6!7,NULL!NULL!NULL!NULL!NULL!NULL!NULL,Enable!Disable!Selftest!Reset!Update Stats!Switch Chan!Exercise,
16!16!16!16!16!16!16!16,1!2!3!4!5!6!7!8,NULL!NULL!NULL!NULL!NULL!NULL!NULL!NULL,Enable!Disable!Selftest!Reset!Update Stats!Switch Dev!Switch Chan!Exercise,
17!17!17!17!17!17!17!17!17,1!2!3!4!5!6!7!8!9,NULL!NULL!NULL!NULL!NULL!NULL!NULL!NULL!NULL,Enable!Enable All!Disable!Disable All!Selftest!Reset!Update Stats!Switch Dev!Exercise,
18!18!18!18!18!18!18!18!18!18!18!18!18,1!2!3!4!5!6!7!8!9!10!11!12!13,NULL!NULL!NULL!NULL!NULL!NULL!NULL!NULL!NULL!NULL!NULL!NULL!NULL,Enable!Enable All!Disable!Disable All!Selftest!Reset!Update Stats!Exercise!Update Scan!Status Scan!Analog Scan!Accum Scan!Accum Freeze,
19!19!19!19!19!19!19!19!19!19!19!19,1!2!3!4!5!6!7!8!9!10!11!12,NULL!NULL!NULL!NULL!NULL!NULL!NULL!NULL!NULL!NULL!NULL!NULL,Enable!Enable All!Disable!Disable All!Reset!Update Stats!Exercise!Update Scan!Status Scan!Analog Scan!Accum Scan!Accum Freeze,
20!20,1!2,NULL!NULL,Trip!Close,
21!21,1!2,NULL!NULL,Trip!Close,
22!22,1!2,NULL!NULL,Trip!Close,
23!23,1!2,NULL!NULL,Open!Close,
24!24,1!2,NULL!NULL,Raise!Lower,
25!25,1!2,NULL!NULL,Raise!Lower,
26!26,1!2,NULL!NULL,Raise!Lower,
27!27,1!2,NULL!NULL,Raise!Lower,
28!28,1!2,NULL!NULL,Raise!Lower,
29!29,1!2,NULL!NULL,Raise!Lower,
30!30!30!30!30!30,1!2!3!4!5!6,NULL!NULL!NULL!NULL!NULL!NULL,Online!Failed!Shutdown!Over!Under!Not Config,
31!31,1!2,NULL!NULL,Off!On,
32!32,1!2,NULL!NULL,Tag Removed!Tag Placed,
33!33!33!33,1!2!3!4,NULL!NULL!NULL!NULL,Normal!Alarm!Abnormal!Abnl & Alrm,
34!34!34!34,1!2!3!4,NULL!NULL!NULL!NULL,Normal!Alarm!Limit Viol!LimV & Alrm,
35!35!35!35!35!35!35,1!2!3!4!5!6!7,NULL!NULL!NULL!NULL!NULL!NULL!NULL,Spare!Open!Closed!Travel!Open & Alrm!Close & Alrm!Travl & Alrm,
36!36!36!36!36!36!36,1!2!3!4!5!6!7,NULL!NULL!NULL!NULL!NULL!NULL!NULL,On!Off!Slow Flash!Fast Flash!Dim!Modulate!Terminate,
37!37!37,2!1!3,NULL!NULL!NULL,Offline!Online!Unknown,
38!38!38!38,1!2!3!4,NULL!NULL!NULL!NULL,Enable!Disable!Assign!Reset,
39!39!39,1!2!3,NULL!NULL!NULL,Enable!Disable!Assign,
40!40,1!2,NULL!NULL,Normal!Emergency,
41!41!41!41,1!2!3!4,NULL!NULL!NULL!NULL,Enable!Disable!Exercise!Selftest,
42!42!42!42!42!42!42!42!42!42!42!42!42!42!42!42,1!2!3!4!5!6!7!8!9!10!11!12!13!14!15!16,NULL!NULL!NULL!NULL!NULL!NULL!NULL!NULL!NULL!NULL!NULL!NULL!NULL!NULL!NULL!NULL,State Num 01!State Num 02!State Num 03!State Num 04!State Num 05!State Num 06!State Num 07!State Num 08!State Num 09!State Num 10!State Num 11!State Num 12!State Num 13!State Num 14!State Num 15!State Num 16,
43!43!43!43!43!43!43!43,1!2!3!4!5!6!7!8,NULL!NULL!NULL!NULL!NULL!NULL!NULL!NULL,Normal!Active!Normal!Normal!Normal!Normal!Normal!Normal,
44!44!44!44!44!44!44,1!2!3!4!5!6!7,NULL!NULL!NULL!NULL!NULL!NULL!NULL,Disabled!Enabled!Resynch!Full Build!NSP_VAL_OFF!VAL_OFF!_BLANK,
45!45!45!45!45!45!45!45!45!45,1!2!3!4!5!6!7!8!9!10,NULL!NULL!NULL!NULL!NULL!NULL!NULL!NULL!NULL!NULL,Disabled!Enabled!Resynch!Full Build!Trigger!PNA Update!_BLANK!Re-solve!Prtl Build!Restart,
46!46,1!2,NULL!NULL,Online!Shutdown,
47!47!47!47,1!2!3!4,NULL!NULL!NULL!NULL,NI!A Position!B Position!Open,
48!48,1!2,NULL!NULL,Trip!Close,
49!49,1!2,NULL!NULL,Enable!Disable,
50!50,1!2,NULL!NULL,Conforming!Non-conformi,
51!51!51!51,1!2!3!4,NULL!NULL!NULL!NULL,Fixed!MVAr Reg!Volt Reg!Sys Ref,
52!52,1!2,NULL!NULL,Local!Remote,
53!53,1!2,NULL!NULL,Manl!Auto,
54!54!54!54!54!54!54!54!54,1!2!3!4!5!6!7!8!9,NULL!NULL!NULL!NULL!NULL!NULL!NULL!NULL!NULL,Other!Thermal!Nuclear!Hydro!Pumped!Gas!Sync Cond!WindFarm!Other,
55!55!55!55,1!2!3!4,NULL!NULL!NULL!NULL,Off!Manl!Base!Auto,
56!56,1!2,NULL!NULL,Line!Xfmr,
57!57,1!2,NULL!NULL,MVA!Amp,
58!58!58,1!2!3,NULL!NULL!NULL,-!+/-!+,
59!59,1!2,NULL!NULL,UV!OV,
60!60,1!2,NULL!NULL,Normal!Emergency,
61!61,1!2,NULL!NULL,Enable!Disable,
62!62!62!62,1!2!3!4,NULL!NULL!NULL!NULL,Enable!Restart!Selftest!Disable,
63!63!63,1!2!3,NULL!NULL!NULL,Off!Manl!Auto,
64!64!64!64!64,1!2!3!4!5,NULL!NULL!NULL!NULL!NULL,Equitable!Int Swing!Ext Swing!Whole!Ratio,
65!65!65,1!2!3,NULL!NULL!NULL,Remote!IS!Manual,
66!66,1!2,NULL!NULL,Track!Not Track,
67!67!67,1!2!3,NULL!NULL!NULL,Unav!Aval!Manl,
68!68,1!2,NULL!NULL,ED!SCD,
69,1,NULL,RESET,
70!70!70,1!2!3,NULL!NULL!NULL,Raise!Lower!Stop,
71!71,1!2,NULL!NULL,Auto!Manl,
72!72!72!72,1!2!3!4,NULL!NULL!NULL!NULL,TLB!CNI!CF!ATE,
73!73!73!73!73!73!73,1!2!3!4!5!6!7,NULL!NULL!NULL!NULL!NULL!NULL!NULL,RL_BLANK!RS_SHORT!LW_SHORT!RS_LONG!LW_LONG!SPNT_UP!SPNT_DOWN,
74!74,1!2,NULL!NULL,Off!On,
75!75!75!75!75,1!2!3!4!5,NULL!NULL!NULL!NULL!NULL,T&F!SCADA1!SCADA2!SCADA3!SCADA4,
76!76!76,1!2!3,NULL!NULL!NULL,Mon!Auto!Manl,
77!77!77!77,1!2!3!4,NULL!NULL!NULL!NULL,On!Monitor!Entry!Suspend,
78!78,1!2,NULL!NULL,Norm!Asst,
79!79!79,1!2!3,NULL!NULL!NULL,ED!RMD!COPS,
80!80!80!80,1!2!3!4,NULL!NULL!NULL!NULL,Inc Ld!BMatrx!RTime!PfGrid,
81!81,1!2,NULL!NULL,%!MW,
82!82,1!2,NULL!NULL,1!2,
83!83!83!83!83,1!2!3!4!5,NULL!NULL!NULL!NULL!NULL,1!2!3!4!5,
84!84!84!84!84!84,1!2!3!4!5!6,NULL!NULL!NULL!NULL!NULL!NULL,Econ!Ramp!Base!Manl!Aval!Unav,
85!85!85!85,1!2!3!4,NULL!NULL!NULL!NULL,Full!Reg!Asst!None,
86!86!86!86!86!86,1!2!3!4!5!6,NULL!NULL!NULL!NULL!NULL!NULL,None!In Progress!Oper Cancel!Terminated!Completed!Prog Cancel,
87!87!87!87,1!2!3!4,NULL!NULL!NULL!NULL,Raise!Lower!Stop!Completed,
88!88,1!2,NULL!NULL,No!Yes,
89!89!89,3!1!2,NULL!NULL!NULL,BaseCaseOnly!Off!On,
90!90!90!90!90!90!90,1!2!3!4!5!6!7,NULL!NULL!NULL!NULL!NULL!NULL!NULL,Thermal!Nuclear!Hydro!Pumped!Gas!Diesel!Other,
91!91!91!91,4!1!2!3,NULL!NULL!NULL!NULL,Deactivated!Offline!Online!Deactivated,
92!92!92!92!92,1!2!3!4!5,NULL!NULL!NULL!NULL!NULL,_BLANK!Fixed!LTC Volt Ctl!LTC MVAr Ctl!Phase MW Ctl,
93!93!93!93,1!2!3!4,NULL!NULL!NULL!NULL,Offline!Online!Open Ended!Deactivated,
94!94!94!94,1!2!3!4,NULL!NULL!NULL!NULL,Load!VAr-Reg!Volt-Reg!Reference,
95!95,1!2,NULL!NULL,Fixed!Variable,
96!96!96!96!96!96!96!96!96!96!96!96!96!96!96,1!2!3!4!5!6!7!8!9!10!11!12!13!14!15,NULL!NULL!NULL!NULL!NULL!NULL!NULL!NULL!NULL!NULL!NULL!NULL!NULL!NULL!NULL,Xfmr Flow!Line Flow!MW Corridr!MW Net Int!MW Reserve!Volt Ang Dif!MVAr Corridr!MVAr Net Int!MVAr Reserve!Volt Mag Dif!Bus Voltage!MVAr Gen Lim!Volt Change!MW Mkt Grp!SRD Flow,
97!97!97!97!97!97!97!97!97,1!2!3!4!5!6!7!8!9,NULL!NULL!NULL!NULL!NULL!NULL!NULL!NULL!NULL,Phase Shift!MW Genr!Shed MW Load!DC Link Flow!MW Purchase!Block Genr!Genr Bus V!Xfmr Tap!Shunt MVAR,
98!98,1!2,NULL!NULL,Open!Closed,
99!99,1!2,NULL!NULL,Capacitor!Reactor,
100!100!100,1!2!3,NULL!NULL!NULL,Amps!MVA!MW,
101!101!101,1!2!3,NULL!NULL!NULL,PQ!PV!SystemRef,
102!102!102,1!2!3,NULL!NULL!NULL,Not Mon!Mon/Not Enf!Mon/Enf,
103!103!103,1!2!3,NULL!NULL!NULL,Used!N/Used!Suppr,
104!104!104!104,1!2!3!4,NULL!NULL!NULL!NULL,Off!Timer!Immediate!Ramping,
105!105,1!2,NULL!NULL,Rate!Time,
106!106!106!106,1!2!3!4,NULL!NULL!NULL!NULL,De-energized!Energized!Conflict!Unknown,
107!107,1!2,NULL!NULL,IHR!I/O,
108!108!108,1!2!3,NULL!NULL!NULL,On!Monitor!Entry,
109!109!109,1!2!3,NULL!NULL!NULL,Off!Timer!Immediate,
110!110,1!2,NULL!NULL,Economic!Operating,
111!111,1!2,No!Yes,Closed!Open,
112!112,1!2,Yes!No,On!Off,
113!113,1!2,NULL!NULL,Auto!Manual,
114!114,1!2,NULL!NULL,Normal!Alarm,
115!115,1!2,NULL!NULL,No!Yes,
116!116,1!2,NULL!NULL,Alarm!Normal,
117!117,1!2,NULL!NULL,Start!Stop,
118!118,1!2,NULL!NULL,On!Off,
119!119,1!2,NULL!NULL,Start!Stop,
120!120,1!2,NULL!NULL,Raise!Lower,
121!121,1!2,NULL!NULL,Raise!Lower,
122!122,1!2,NULL!NULL,Normal!Load Shed,
123!123,1!2,NULL!NULL,Shed!Restore,
124!124!124!124!124!124!124!124!124,1!2!3!4!5!6!7!8!9,NULL!NULL!NULL!NULL!NULL!NULL!NULL!NULL!NULL,PS_NOT_EXEC!PS_PNDG_EXEC!PS_IN_EXEC!PS_CMPX_SUCC!PS_CMPX_NSOL!PS_CMPX_VIOL!PS_CMPX_WARN!PS_CMPX_FERR!PS_CMPX_DIVI,
125!125,1!2,NULL!NULL,Inactive!Active,
126!126,1!2,NULL!NULL,Enable!Disable,
127!127!127!127,1!2!3!4,NULL!NULL!NULL!NULL,Available!Unavail-Que!Unavail-Trun!Unknown,
128!128!128,1!2!3,NULL!NULL!NULL,Enable!View Only!Disable,
129!129!129,1!2!3,NULL!NULL!NULL,Enabled!View Only!Disabled,
130!130,1!2,NULL!NULL,Export!Import,
131!131!131!131!131!131!131!131!131!131!131!131!131,2!3!4!5!6!7!8!9!1!10!11!12!13,NULL!NULL!NULL!NULL!NULL!NULL!NULL!NULL!NULL!NULL!NULL!NULL!NULL,MW Genr!MW Load!MW DC Link!MW Disp Tran!MW Block Gen!MW Blk Load!MW Mkt Xfer!Volt Genr!MW Phase Sh!MVAr Xf Tap!MVAr Shunt!MVAr SVC!MVAr Genr,
132!132!132!132!132!132!132!132!132!132!132!132!132!132!132!132,1!2!3!4!5!6!7!8!9!10!11!12!13!14!15!16,NULL!NULL!NULL!NULL!NULL!NULL!NULL!NULL!NULL!NULL!NULL!NULL!NULL!NULL!NULL!NULL,Xfmr Flow!Line Flow!SRD Flow!MW Corridr!MW Net Int!MW Reserve!Volt Ang Dif!MVAr Corridr!MVAr Net Int!MVAr Reserve!Volt Mag Dif!Bus Voltage!MVAr Gen Lim!Volt Change!Switch Dev!MW Gen Lim,
133!133!133!133,1!2!3!4,NULL!NULL!NULL!NULL,None!Active!Reactive!Actv & React,
134!134!134!134!134,1!2!3!4!5,NULL!NULL!NULL!NULL!NULL,None!From End!To End!Equal Pi!Series,
135!135,1!2,NULL!NULL,Outage!Inage,
136!136,1!2,NULL!NULL,Disable!Enable,
137!137!137!137!137,1!2!3!4!5,NULL!NULL!NULL!NULL!NULL,Over-current!Under-volt!Over-MVA!Over-MW!Over-volt,
138!138,1!2,NULL!NULL,KV!PU,
139!139!139!139!139,1!2!3!4!5,NULL!NULL!NULL!NULL!NULL,FixReactive!VtRegulation!SystemRef!PumpingMode!SyncComp,
140!140,1!2,NULL!NULL,Offline!Online,
141!141,1!2,NULL!NULL,MW!MVAr,
142!142,1!2,NULL!NULL,Upper Margin!Lower Margin,
143!143,1!2,NULL!NULL,Angle!Magnitude,
144!144,1!2,NULL!NULL,Deg!PU,
145!145!145,1!2!3,NULL!NULL!NULL,Off!Curtailable!Dispatchable,
146!146!146,1!2!3,NULL!NULL!NULL,Off!ViolBranches!ACL,
147!147!147,3!2!1,NULL!NULL!NULL,FullSolution!Screened!Disabled,
148!148,1!2,NULL!NULL,AUTO!MANUAL,
149!149,2!1,No!No,Covered!Not Covered,
150!150!150!150,1!2!3!4,NULL!NULL!NULL!NULL,Outage!Inage!GnMWchng!XfTapChng,
151!151!151,1!2!3,NULL!NULL!NULL,Disable!Enable!ReactiveOnly,
152!152,1!2,No!Yes,Closed!Open,
153!153!153!153!153,1!2!3!4!5,NULL!NULL!NULL!NULL!NULL,100F!80F!60F!40F!20F,
154!154,1!2,No!Yes,Closed!Open,
155!155!155!155!155!155!155,1!2!3!4!5!6!7,NULL!NULL!NULL!NULL!NULL!NULL!NULL,1 Phase!2 Phase!3 Phase!1&3 Phase!1&2 Phase!2&3 Phase!All Phase,
156!156!156,1!2!3,NULL!NULL!NULL,Inc Ld!RTime!PfGrid,
157!157,1!2,No!No,Cold!Hot,
158!158,1!2,NULL!NULL,FromEndOpen!Normal,
159!159,1!2,NULL!NULL,LBFB!_BLANK,
160!160,1!2,NULL!NULL,DIFF!_BLANK,
161!161,1!2,NULL!NULL,S.P.!_BLANK,
162!162,1!2,NULL!NULL,OFF!ON,
163!163,2!1,NULL!NULL,SDGE!_BLANK,
164!164,1!2,NULL!NULL,CLOSED!OPEN,
165!165,1!2,NULL!NULL,MANUAL!AUTO,
166!166,1!2,NULL!NULL,OIL!GAS,
167!167,1!2,NULL!NULL,COAL!GAS,
168!168,1!2,NULL!NULL,FAILED!NORMAL,
169!169,1!2,NULL!NULL,BACKUP!NORMAL,
170!170!170!170!170,3!4!1!2!5,NULL!NULL!NULL!NULL!NULL,No Change!Error Detect!OIU Active!FB Active!Inactive,
171!171,2!1,NULL!NULL,SCE!_BLANK,
172!172,2!1,NULL!NULL,_BLANK!_BLANK,
173!173,1!2,NULL!NULL,ANALOG!DIGIT,
174!174,1!2,NULL!NULL,LOWER!_BLANK,
175!175,1!2,NULL!NULL,RAISE!_BLANK,
176!176,1!2,NULL!NULL,HIGH!_BLANK,
177!177,1!2,NULL!NULL,LOW!_BLANK,
178!178,1!2,NULL!NULL,ALT!MAIN,
179!179,1!2,NULL!NULL,CO!CO,
180!180,1!2,NULL!NULL,SFF!SFF,
181!181,1!2,NULL!NULL,JBCG!JBCG,
182!182,1!2,NULL!NULL,IBC!IBC,
183!183,1!2,NULL!NULL,IBCG!IBCG,
184!184,1!2,NULL!NULL,KD!KD,
185!185,1!2,NULL!NULL,TT!TT,
186!186,1!2,NULL!NULL,TD!TD,
187!187,1!2,NULL!NULL,GCX!GCX,
188!188,2!1,NULL!NULL,JY!JY,
189!189,1!2,NULL!NULL,FD!FD,
190!190,1!2,NULL!NULL,FDM!FDM,
191!191,1!2,NULL!NULL,HZM!HZM,
192!192,1!2,NULL!NULL,KS!KS,
193!193,1!2,NULL!NULL,IT!IT,
194!194,1!2,NULL!NULL,ICC!ICC,
195!195,1!2,NULL!NULL,CA!CA,
196!196,1!2,NULL!NULL,IAC!IAC,
197!197,1!2,NULL!NULL,TSO!TSO,
198!198,1!2,NULL!NULL,SP!SP,
199!199,1!2,NULL!NULL,NORMAL!ALARM,
200!200,2!1,NULL!NULL,CUT!_BLANK,
201,1,NULL,NO_NSP_TSA,
202!202,1!2,No!Yes,Closed!Open,
203!203,1!2,NULL!NULL,POTT!POTT,
204!204,1!2,NULL!NULL,RESET!SELECT,
205!205!205!205!205!205!205!205!205!205!205!205,1!2!3!4!5!6!7!8!9!10!11!12,NULL!NULL!NULL!NULL!NULL!NULL!NULL!NULL!NULL!NULL!NULL!NULL,De-energized!Energized!Conflict!Unknown!Backfed!Backfeed!Rem_Backfeed!Isolated!Part_Ground!Full_Ground!Conn_Ground!Rem_Conn_Gr,
206!206,1!2,NULL!NULL,SC!SC,
207!207,1!2,NULL!NULL,PLC!PLC,
208!208,1!2,NULL!NULL,AUTO!SOLID,
209!209,2!1,NULL!NULL,PC!_BLANK,
210!210,1!2,NULL!NULL,INC!INC,
211!211,1!2,NULL!NULL,CEB!CEB,
212!212,1!2,NULL!NULL,EDD!EDD,
213!213,1!2,NULL!NULL,HKB!HKB,
214!214,1!2,NULL!NULL,HD!HD,
215!215,1!2,NULL!NULL,CMP!CMP,
216!216,1!2,NULL!NULL,CR!CR,
217!217,1!2,NULL!NULL,GCY!GCY,
218!218,1!2,NULL!NULL,CJCG!CJCG,
219!219,1!2,NULL!NULL,BDD!BDD,
220!220,1!2,NULL!NULL,HU!HU,
221!221,1!2,NULL!NULL,PVD!PVD,
222!222,1!2,Yes!No,Closed!Open,
223!223,1!2,NULL!NULL,SLD!SLD,
224!224,1!2,NULL!NULL,SLY!SLY,
225!225,1!2,NULL!NULL,IRD!IRD,
226!226,1!2,NULL!NULL,KRD!KRD,
227!227,1!2,NULL!NULL,SBC!SBC,
228!228,1!2,NULL!NULL,SKBU!SKBU,
229!229,1!2,NULL!NULL,SKDU!SKDU,
230!230,1!2,NULL!NULL,SDGU!SDGU,
231!231,1!2,NULL!NULL,SLL!SLL,
232!232,1!2,NULL!NULL,JCC!JCC,
233!233,1!2,NULL!NULL,NAM!NAM,
234!234,1!2,NULL!NULL,MW!MW,
235!235,1!2,NULL!NULL,CFF!_BLANK,
236!236,1!2,NULL!NULL,OK!_BLANK,
237!237,1!2,NULL!NULL,PFR!_BLANK,
238!238,1!2,NULL!NULL,PFR!PFR,
239!239,1!2,NULL!NULL,LOAD!LOAD,
240!240,1!2,NULL!NULL,SHED!SHED,
241!241,2!1,NULL!NULL,ON!_BLANK,
242!242,1!2,NULL!NULL,ON!OFF,
243!243,1!2,NULL!NULL,GAS!OIL,
244!244,1!2,NULL!NULL,GAS!COAL,
245!245,1!2,NULL!NULL,AIR!_BLANK,
246!246,1!2,NULL!NULL,TRIPED!NORMAL,
247!247,1!2,NULL!NULL,TRIPED!_BLANK,
248!248,1!2,NULL!NULL,RDT!_BLANK,
249!249,1!2,NULL!NULL,CHC!CHC,
250!250,1!2,NULL!NULL,SAM!SAM,
251!251,1!2,NULL!NULL,REMOTE!LOCAL,
252!252,1!2,NULL!NULL,_BLANK!TOU8I,
253!253,1!2,NULL!NULL,MAJOR!_BLANK,
254!254,1!2,NULL!NULL,OPEN!CLOSED,
255!255,1!2,NULL!NULL,DSE!DSE,
256!256,1!2,NULL!NULL,STD!STD,
257!257,2!1,NULL!NULL,RAISE!_BLANK,
258!258,2!1,NULL!NULL,LOWER!_BLANK,
259!259,1!2,NULL!NULL,NON-!_BLANK,
260!260,1!2,NULL!NULL,PRI!SEC,
261!261,1!2,NULL!NULL,_BLANK!_BLANK,
262!262,2!1,NULL!NULL,LOAD!_BLANK,
263!263,2!1,NULL!NULL,SHED!_BLANK,
264!264,1!2,NULL!NULL,SFR!SFR,
265!265,1!2,NULL!NULL,CPU!CPU,
266!266,1!2,NULL!NULL,NOVA!NOVA,
267!267,1!2,NULL!NULL,CEY!CEY,
268!268,1!2,NULL!NULL,YES!YES,
269!269,1!2,NULL!NULL,KW!MW,
270!270,1!2,NULL!NULL,SDF!SDF,
271!271,1!2,NULL!NULL,SRG!SRG,
272!272,1!2,NULL!NULL,DISK!DISK,
273!273,1!2,NULL!NULL,CRT!CRT,
274!274,1!2,NULL!NULL,PTR!PTR,
275!275,2!1,NULL!NULL,ARMED!_BLANK,
276!276,1!2,NULL!NULL,OUT!IN,
277!277,2!1,NULL!NULL,YES!_BLANK,
278!278,1!2,NULL!NULL,YES!NO,
279!279,1!2,NULL!NULL,STOP!MOVING,
280!280,1!2,NULL!NULL,ALARM!NORMAL,
281!281,1!2,NULL!NULL,NOTCLO!CLOSED,
282!282,1!2,NULL!NULL,CLOSED!NOTCLO,
283!283,1!2,NULL!NULL,NOTOPN!OPEN,
284!284,1!2,NULL!NULL,OPEN!NOTOPN,
285!285,1!2,Yes!No,Closed!Open,
286!286,1!2,NULL!NULL,HCB!HCB,
287!287,1!2,NULL!NULL,1!1,
288!288,1!2,NULL!NULL,2!2,
289!289,1!2,NULL!NULL,3!3,
290!290,1!2,NULL!NULL,4!4,
291!291,1!2,NULL!NULL,5!5,
292!292,1!2,NULL!NULL,6!6,
293!293,1!2,NULL!NULL,7!7,
294!294,1!2,NULL!NULL,8!8,
295!295,1!2,NULL!NULL,9!9,
296!296,1!2,NULL!NULL,0!0,
297!297,1!2,NULL!NULL,A!A,
298!298,1!2,NULL!NULL,B!B,
299!299,1!2,NULL!NULL,C!C,
300!300,1!2,NULL!NULL,d!D,
301!301,1!2,NULL!NULL,E!E,
302!302,1!2,NULL!NULL,F!F,
303!303,1!2,NULL!NULL,G!G,
304!304,1!2,NULL!NULL,h!H,
305!305,1!2,NULL!NULL,I!I,
306!306,1!2,NULL!NULL,J!J,
307!307,1!2,NULL!NULL,K!K,
308!308,1!2,NULL!NULL,L!L,
309!309,1!2,NULL!NULL,M!M,
310!310,1!2,NULL!NULL,N!N,
311!311,1!2,NULL!NULL,O!O,
312!312,1!2,NULL!NULL,P!P,
313!313,1!2,NULL!NULL,Q!Q,
314!314,1!2,NULL!NULL,r!R,
315!315,1!2,NULL!NULL,S!S,
316!316,1!2,NULL!NULL,T!T,
317!317,1!2,NULL!NULL,U!U,
318!318,1!2,NULL!NULL,V!V,
319!319,1!2,NULL!NULL,W!W,
320!320,1!2,NULL!NULL,X!X,
321!321,1!2,NULL!NULL,Y!Y,
322!322,1!2,NULL!NULL,Z!Z,
323!323,1!2,NULL!NULL,O!G,
324!324,1!2,NULL!NULL,C!_BLANK,
325!325,1!2,NULL!NULL,C!G,
326!326,1!2,NULL!NULL,S!_BLANK,
327!327,1!2,NULL!NULL,X!_BLANK,
328!328,1!2,NULL!NULL,R!_BLANK,
329!329,1!2,NULL!NULL,C!_BLANK,
330!330,1!2,NULL!NULL,T!_BLANK,
331!331,1!2,NULL!NULL,1!0,
332!332,1!2,NULL!NULL,0!1,
333!333,1!2,NULL!NULL,3!2,
334!334,1!2,NULL!NULL,2!3,
335!335,1!2,NULL!NULL,5!4,
336!336,1!2,NULL!NULL,4!5,
337!337,1!2,NULL!NULL,7!6,
338!338,1!2,NULL!NULL,6!7,
339!339,1!2,NULL!NULL,9!8,
340!340,1!2,NULL!NULL,8!9,
341!341,1!2,NULL!NULL,_BLANK!_BLANK,
342!342,1!2,NULL!NULL,RAISE!LOWER,
343!343,1!2,NULL!NULL,ALARM!NORML,
344!344,1!2,NULL!NULL,OPEN!CLOSE,
345!345,1!2,NULL!NULL,OFF!ON,
346!346,1!2,NULL!NULL,NORML!ALARM,
347!347,1!2,NULL!NULL,ON!OFF,
348!348,1!2,NULL!NULL,STOP!START,
349!349,1!2,NULL!NULL,OPEN!CLOSE,
350!350,1!2,NULL!NULL,ALARM!NORML,
351!351,1!2,NULL!NULL,OFF!ON,
352!352,1!2,NULL!NULL,NO!YES,
353!353,1!2,NULL!NULL,NORML!ALARM,
354!354,2!1,NULL!NULL,_BLANK!_BLANK,
355!355,1!2,NULL!NULL,STOP!START,
356!356,1!2,NULL!NULL,YES!NO,
357!357,1!2,NULL!NULL,DISARMED!ARMED,
358!358,1!2,NULL!NULL,OPEN!CLOSE,
359!359,1!2,NULL!NULL,ALARM!NORML,
360!360,1!2,NULL!NULL,LOCAL!REMOT,
361!361,1!2,NULL!NULL,MAN!AUTO,
362!362,1!2,NULL!NULL,CLOSE!OPEN,
363!363,1!2,NULL!NULL,DSAB!ENAB,
364!364,1!2,NULL!NULL,LOWER!RAISE,
365!365,1!2,NULL!NULL,UP!DOWN,
366!366,1!2,NULL!NULL,SEC!PRI,
367!367,1!2,NULL!NULL,ENAB!DSAB,
368!368!368!368!368!368!368!368,1!2!3!4!5!6!7!8,NULL!NULL!NULL!NULL!NULL!NULL!NULL!NULL,PS_NOT_EXEC!PS_PNDG_EXEC!PS_IN_EXEC!PS_CMPX_SUCC!PS_CMPX_NSOL!PS_CMPX_VIOL!PS_CMPX_WARN!PS_CMPX_FERR,
369!369,1!2,NULL!NULL,1X!2X,
370!370,1!2,NULL!NULL,RESET!TRIP,
371!371,1!2,NULL!NULL,LINE!BANK,
372!372,1!2,NULL!NULL,SBUS!NBUS,
373!373,1!2,NULL!NULL,NORMAL!WIDE,
374!374,1!2,NULL!NULL,TIE!EBUS,
375!375,1!2,NULL!NULL,TIE!WBUS,
376!376,1!2,NULL!NULL,NORMAL!ARMED,
377!377,1!2,NULL!NULL,DEAD!HOT,
378!378,1!2,NULL!NULL,RAISE!NOP,
379!379,1!2,NULL!NULL,LOWER!NOP,
380!380,1!2,NULL!NULL,NORMAL!LO,
381!381,1!2,NULL!NULL,N!S,
382!382,1!2,NULL!NULL,E!W,
383!383,1!2,NULL!NULL,I!O,
384!384,1!2,NULL!NULL,3A!4A,
385!385,1!2,NULL!NULL,3A!2A,
386!386!386!386,1!2!3!4,NULL!NULL!NULL!NULL,Init!Online!Sync Cond!Offline,
387!387,1!2,NULL!NULL,_BLANK!T,
388!388,1!2,NULL!NULL,TIE!NBUS,
389!389,1!2,NULL!NULL,TIE!SBUS,
390!390,1!2,NULL!NULL,TRIP!NORMAL,
391!391,1!2,NULL!NULL,NORMAL!FAIL,
392!392,1!2,NULL!NULL,SHORTED!NORMAL,
393!393,1!2,NULL!NULL,4A BK!3A BK,
394!394,1!2,NULL!NULL,ARMED!NORMAL,
395!395,1!2,NULL!NULL,NORMAL!RESET,
396!396,2!1,NULL!NULL,DISARMED!ARMED,
397!397,1!2,NULL!NULL,ARMED!_BLANK,
398!398,1!2,NULL!NULL,SEL!SEL,
399!399,1!2,NULL!NULL,BE1!BE1,
400!400,1!2,NULL!NULL,RACKED OUT!RACKED IN,
401!401!401!401,2!3!4!1,NULL!NULL!NULL!NULL,Normal Cold!Normal Hot!Very Hot!Very Cold,
402!402,1!2,NULL!NULL,WBUS!EBUS,
403,1,NULL,CLEAR,
404,1,NULL,RAISE,
405,1,NULL,LOWER,
406!406,1!2,NULL!NULL,WEST!EAST,
407!407,1!2,NULL!NULL,3A_4A BK!3A BK,
408!408,1!2,NULL!NULL,NOP!STOP,
409!409,1!2,NULL!NULL,NOP!START,
410!410,1!2,NULL!NULL,TRIP!CLOSE,
411!411,1!2,NULL!NULL,6!5,
412!412,1!2,NULL!NULL,3A_4A BK!2A BK,
413!413,1!2,NULL!NULL,MANUAL!PLC,
414!414,1!2,NULL!NULL,CHILAO!VIDEO,
415!415,1!2,NULL!NULL,LOCKOUT!NORMAL,
416!416!416,1!2!3,NULL!NULL!NULL,Fixed!Reg!S,
417!417,1!2,NULL!NULL,RESET!LOCKOUT,
418,1,NULL,Update Sched,
419!419,1!2,NULL!NULL,SOUTH!NORTH,
420!420,1!2,NULL!NULL,Load Shed!Restore,
421!421!421,1!2!3,NULL!NULL!NULL,Normal!Load Shed!Restore,
422!422,1!2,NULL!NULL,Normal!Abnormal,
423!423!423,1!2!3,NULL!NULL!NULL,N!E!L,
424!424,1!2,NULL!NULL,1 BK!2 BK,
425!425,1!2,NULL!NULL,NORMAL!SNGLTERM,
426!426!426!426!426!426,1!2!3!4!5!6,NULL!NULL!NULL!NULL!NULL!NULL,Open!Closed!Travel!Open & Alrm!Close & Alrm!Travl & Alrm,
427!427,1!2,NULL!NULL,Suspend!Auto,
428!428!428!428!428,1!2!3!4!5,NULL!NULL!NULL!NULL!NULL,E!L!O!M!N,
429!429!429,1!2!3,NULL!NULL!NULL,TELEM!ANALOG!CALC,
430!430!430!430!430!430!430!430!430!430!430!430!430!430!430,1!2!3!4!5!6!7!8!9!10!11!12!13!14!15,NULL!NULL!NULL!NULL!NULL!NULL!NULL!NULL!NULL!NULL!NULL!NULL!NULL!NULL!NULL,Rng 01 Viol.!Rng 02 Viol.!Rng 03 Viol.!Rng 04 Viol.!Rng 05 Viol.!Rng 06 Viol.!Rng 07 Viol.!Rng 08 Viol.!Rng 09 Viol.!Rng 10 Viol.!Rng 11 Viol.!Rng 12 Viol.!Rng 13 Viol.!Rng 14 Viol.!Rng 15 Viol.,
431!431!431!431!431!431!431!431!431!431!431!431!431!431!431!431,1!2!3!4!5!6!7!8!9!10!11!12!13!14!15!16,NULL!NULL!NULL!NULL!NULL!NULL!NULL!NULL!NULL!NULL!NULL!NULL!NULL!NULL!NULL!NULL,Normal!Rng 01 Viol.!Rng 02 Viol.!Rng 03 Viol.!Rng 04 Viol.!Rng 05 Viol.!Rng 06 Viol.!Rng 07 Viol.!Rng 08 Viol.!Rng 09 Viol.!Rng 10 Viol.!Rng 11 Viol.!Rng 12 Viol.!Rng 13 Viol.!Rng 14 Viol.!Rng 15 Viol.,
432!432,1!2,NULL!NULL,_BLANK!SELECTED,
433!433,1!2,NULL!NULL,4 BK!3 BK,
434!434,1!2,NULL!NULL,INNER BUS!OUTER BUS,
435!435,1!2,NULL!NULL,2A BK!3A BK,
436,1,NULL,SELECTED,
437!437!437!437!437!437!437!437!437!437!437,1!2!3!4!5!6!7!8!9!10!11,NULL!NULL!NULL!NULL!NULL!NULL!NULL!NULL!NULL!NULL!NULL,Normal!Normal Lev 1!Normal Lev 2!Normal Lev 3!Normal Lev 4!N-1 Level 1!N-1 Level 2!N-1 Level 3!N-1 Level 4!N-1 Level 5!N-1 Level 6,
438!438!438!438!438!438!438!438!438!438!438!438!438!438!438!438,1!2!3!4!5!6!7!8!9!10!11!12!13!14!15!16,NULL!NULL!NULL!NULL!NULL!NULL!NULL!NULL!NULL!NULL!NULL!NULL!NULL!NULL!NULL!NULL,PC_Initalize!PC_Pre Verfy!PC_Pre Query!PC_Test!PC_Tst Query!PC_Change!PC_Cng Query!PC_Delay!PC_Go To!PC_Message!PC_Msg Prmpt!PC_Nop!PC_End!PC_Cmd Stop!PC_Cmd Term!PC_Complete,
439!439,1!2,NULL!NULL,TELEM!ISORIGS,
440!440,1!2,NULL!NULL,ON!AUTO,
441!441,1!2,NULL!NULL,TRIP!RESET,
442,1,NULL,CLEAR,
443!443!443!443!443!443!443!443!443!443!443,1!2!3!4!5!6!7!8!9!10!11,NULL!NULL!NULL!NULL!NULL!NULL!NULL!NULL!NULL!NULL!NULL,0!1!2!3!4!5!6!7!8!9!10,
444,1,NULL,ARM NOW,
445!445,1!2,NULL!NULL,NORMAL!LOCKOUT,
446!446,1!2,NULL!NULL,EBUS!WBUS,
447!447,1!2,NULL!NULL,NBUS!SBUS,
448!448,1!2,NULL!NULL,2 BK!1 BK,
449!449,1!2,NULL!NULL,OUTER BUS!INNER BUS,
450!450,1!2,NULL!NULL,EMERG!PREF,
451!451,1!2,NULL!NULL,NOP!OPEN,
452!452,1!2,NULL!NULL,NOP!CLOSE,
453!453,1!2,NULL!NULL,BYPASS!READY,
454!454,1!2,NULL!NULL,SNGLTERM!NORMAL,
455,1,NULL,PREDICT,
456!456,2!1,NULL!NULL,ARM!DISARM,
457,1,NULL,PERMISSIVE,
458,1,NULL,AUTO,
459!459,1!2,NULL!NULL,LOCKOUT!RESET,
460!460,1!2,NULL!NULL,POS 6!POS 4,
461!461,1!2,NULL!NULL,C SEC!A SEC,
462!462,1!2,NULL!NULL,2!1,
463,1,NULL,SELECT,
464,1,NULL,ACK,
465!465,1!2,NULL!NULL,Disable!Enable,
466,1,NULL,BK_TST_SLCT,
467,1,NULL,RLY_SET_SLCT,
468!468,1!2,NULL!NULL,DTT ONLY!NORMAL,
469!469,1!2,NULL!NULL,MAIN!ALT,
470!470!470,1!2!3,NULL!NULL!NULL,Open!Close!Poll,
471!471,1!2,NULL!NULL,Remote!Local,
472!472!472,1!2!3,NULL!NULL!NULL,Disabled!Enabled!Ctrl Inhib,
473!473,1!2,NULL!NULL,Lost!Restored,
474!474!474,1!2!3,NULL!NULL!NULL,Low!Restored!No Go,
475!475,1!2,NULL!NULL,Pending!Not Pending,
476!476!476!476,1!2!3!4,NULL!NULL!NULL!NULL,Disabled!Enabled!Ctrl Inhib!Maintenance,
477!477,1!2,NULL!NULL,Not Pending!Pending,
478!478!478,1!2!3,NULL!NULL!NULL,Open!Close!Poll,
479!479,1!2,NULL!NULL,NOP!RESET,
480!480,1!2,NULL!NULL,RTU!RTEM,
481!481,1!2,NULL!NULL,WIDE!NARROW,
482!482!482!482!482!482!482!482!482!482!482!482!482,1!2!3!4!5!6!7!8!9!10!11!12!13,NULL!NULL!NULL!NULL!NULL!NULL!NULL!NULL!NULL!NULL!NULL!NULL!NULL,0!1!2!3!4!5!6!7!8!9!10!11!12,
483!483,1!2,NULL!NULL,EAST!WEST,
484!484,1!2,NULL!NULL,CALC!TELEM,
485!485,1!2,NULL!NULL,TELEM!CALC,
486!486,1!2,NULL!NULL,POS 1!POS 3,
487!487,1!2,NULL!NULL,Auto!Solid,
488!488,1!2,NULL!NULL,Normal!Alternate,
489!489,1!2,NULL!NULL,RTU!CALC,
490!490!490!490!490!490!490!490!490!490!490!490!490!490!490!490,1!2!3!4!5!6!7!8!9!10!11!12!13!14!15!16,NULL!NULL!NULL!NULL!NULL!NULL!NULL!NULL!NULL!NULL!NULL!NULL!NULL!NULL!NULL!NULL,-!G!1!1,G!2!2,G!1,2!1,2,G!3!3,G!1,3!1,3,G!2,3!2,3,G!1,2,3!1,2,3,G,
491!491!491,1!2!3,NULL!NULL!NULL,RTU!RTEM!CALC,
492!492,1!2,NULL!NULL,NORMAL!DTT ONLY,
493!493,1!2,NULL!NULL,A SEC!C SEC,
494!494,1!2,NULL!NULL,NOP!RAISE,
495!495,1!2,NULL!NULL,NOP!LOWER,
496!496,1!2,NULL!NULL,POS 6!POS 7,
497!497,1!2,NULL!NULL,ToEndOpen!Normal,
498!498!498!498!498!498!498,4!5!6!1!2!3!7,NULL!NULL!NULL!NULL!NULL!NULL!NULL,Active!Abort!Listening!Enabled!Disabled!Calling!Conclude,
499!499,1!2,NULL!NULL,FAIL!NORMAL,
500!500!500!500!500,1!2!3!4!5,NULL!NULL!NULL!NULL!NULL,< 1 msec!1-5 msec!5-50 msec!50-500 msec!> 500 msec,
501!501!501!501!501!501!501!501,1!2!3!4!5!6!7!8,NULL!NULL!NULL!NULL!NULL!NULL!NULL!NULL,Online!Offline!Disabled!Assigned!Available!Failed!Failback!Not Configur,
502!502!502!502!502!502,1!2!3!4!5!6,NULL!NULL!NULL!NULL!NULL!NULL,Online!Offline!Failed!Disabled!DTS!Spared,
503!503!503!503!503!503,1!2!3!4!5!6,NULL!NULL!NULL!NULL!NULL!NULL,Not Configur!A-Bus!B-Bus!No Select!Isolated!Failed,
504!504!504!504,1!2!3!4,NULL!NULL!NULL!NULL,Disabled!Enabled!Resynch!Full Build,
505!505!505!505!505!505,1!2!3!4!5!6,NULL!NULL!NULL!NULL!NULL!NULL,Enable!Disable!Selftest!Reset Stats!Reset Device!Control Exer,
506!506,1!2,NULL!NULL,SOLID!AUTO,
507!507,1!2,NULL!NULL,XFER!NORML,
508!508,1!2,NULL!NULL,RESET!NOP,
509!509,1!2,NULL!NULL,CLEAR!NOP,
510!510,1!2,NULL!NULL,Mon!On,
511!511,1!2,NULL!NULL,ED!RMD,
512!512!512!512!512!512!512!512!512!512!512!512,1!2!3!4!5!6!7!8!9!10!11!12,NULL!NULL!NULL!NULL!NULL!NULL!NULL!NULL!NULL!NULL!NULL!NULL,Xfmr Flow!Line Flow!MW Corridr!MW Net Int!MW Reserve!Volt Ang Dif!MVAr Corridr!MVAr Net Int!MVAr Reserve!Volt Mag Dif!Bus Voltage!MVAr Gen Lim,
513!513!513!513!513!513!513!513!513,1!2!3!4!5!6!7!8!9,NULL!NULL!NULL!NULL!NULL!NULL!NULL!NULL!NULL,Phase Shift!MW Genr!Shed MW Load!DC Link Flow!MW Purchase!Block Genr!Genr Bus V!Xfmr Tap!Shunt MVAR,
514!514,2!1,NULL!NULL,_BLANK!_BLANK,
515!515,1!2,NULL!NULL,ALARM!NORML,
516!516,1!2,NULL!NULL,OPEN!CLOSE,
517!517,1!2,NULL!NULL,LOWER!RAISE,
518!518,1!2,NULL!NULL,TRBL!NORML,
519!519,1!2,NULL!NULL,RMOT!AUTO,
520!520,1!2,NULL!NULL,MAN!AUTO,
521!521,1!2,NULL!NULL,LOCAL!REMOT,
522!522,1!2,NULL!NULL,PEAK!BASE,
523!523,1!2,NULL!NULL,LOW!HIGH,
524!524,1!2,NULL!NULL,YES!NO,
525!525,1!2,NULL!NULL,LCKT!NORML,
526!526,1!2,NULL!NULL,LOW!NORML,
527!527,1!2,NULL!NULL,HIGH!NORML,
528!528,1!2,NULL!NULL,UV!NORML,
529!529,1!2,NULL!NULL,OFF!NORML,
530!530,1!2,NULL!NULL,TRIP!NORML,
531!531,1!2,NULL!NULL,START!NORML,
532!532,1!2,NULL!NULL,STOP!NORML,
533!533,1!2,NULL!NULL,NORML!ALARM,
534!534,1!2,NULL!NULL,START!STOP,
535!535,1!2,NULL!NULL,DSAB!ENAB,
536!536,1!2,NULL!NULL,EXEC!NORML,
537!537,1!2,NULL!NULL,SEC!PRI,
538!538,1!2,NULL!NULL,DOWN!UP,
539!539,1!2,NULL!NULL,OUT!IN,
540!540,1!2,NULL!NULL,UP!DOWN,
541!541,1!2,NULL!NULL,FLOVR!NORML,
542!542,1!2,NULL!NULL,ABORT!_BLANK,
543!543,1!2,NULL!NULL,NABRT!_BLANK,
544!544,1!2,NULL!NULL,SYSFL!_BLANK,
545!545,1!2,NULL!NULL,EXCED!NORML,
546!546,1!2,NULL!NULL,FAIL!NORML,
547!547,1!2,NULL!NULL,OVFLW!NORML,
548!548,1!2,NULL!NULL,CLOSE!OPEN,
549!549,1!2,NULL!NULL,RAISE!LOWER,
550!550,1!2,NULL!NULL,NORML!TRIP,
551!551,1!2,NULL!NULL,SELECT!RESET,
552!552,1!2,NULL!NULL,CLOSED!NOTCLO,
553!553,1!2,NULL!NULL,OPEN!NOTOPN,
554!554,1!2,NULL!NULL,NOTCLO!CLOSED,
555!555,1!2,NULL!NULL,NOTOPN!OPEN,
556!556,1!2,NULL!NULL,MOVING!STOP,
557!557,1!2,NULL!NULL,AUTO!SOLID,
558!558,1!2,NULL!NULL,COND!GEN,
559!559,1!2,NULL!NULL,GEN!COND,
560!560,1!2,NULL!NULL,DISARMED!ARMED,
561!561,1!2,NULL!NULL,FAILED!_BLANK,
562!562,1!2,NULL!NULL,IN!OUT,
563!563,1!2,NULL!NULL,CLPG!CLPG,
564!564,1!2,NULL!NULL,AGA!AGA,
565!565,1!2,NULL!NULL,SLS!SLS,
566!566,1!2,NULL!NULL,STOP!START,
567!567,1!2,NULL!NULL,SINGLE!NORMAL,
568!568!568,1!2!3,NULL!NULL!NULL,NORMAL!SOLID!AUTO,
569!569,1!2,NULL!NULL,N-2!N-1,
570!570,1!2,NULL!NULL,PRI!ALT,
571!571,1!2,NULL!NULL,NORMAL!TRIP,
572,1,NULL,ON,
573!573!573!573!573,1!2!3!4!5,No!No!No!No!No,Planned!Test!Enabled!Disabled!Failed,
574!574!574!574,1!2!3!4,No!No!No!No,Enable!Disable!ClrPnd!Poll,
575!575,1!2,No!No,Restored!Lost,
576!576,1!2,No!No,Restored!Low,
577!577!577!577,1!2!3!4,NULL!NULL!NULL!NULL,None!GPS!Local!Local& GPS,
578,1,NULL,EXEC,
579!579,1!2,NULL!NULL,NO TEST!AUTO,
580!580,1!2,NULL!NULL,NORMAL!FAILED,
581!581,1!2,NULL!NULL,SYS1!SYS2,
582!582,1!2,NULL!NULL,3 BK!4 BK,
583!583,1!2,NULL!NULL,N-1!N-2,
584!584,1!2,NULL!NULL,N-1!N-1-1,
585!585,1!2,NULL!NULL,LOCAL!REMOTE,
586!586,1!2,NULL!NULL,WIDE!NORMAL,
587!587,1!2,NULL!NULL,Not In Effct!In Effect,
588!588,1!2,NULL!NULL,In Effect!Not In Effct,
589!589!589!589!589!589!589,1!2!3!4!5!6!7,NULL!NULL!NULL!NULL!NULL!NULL!NULL,_BLANK!START ABORT!START INIT!STOP INIT!STOP READY!START READY!START BLOCKD,
590!590,1!2,NULL!NULL,RESET!NORMAL,
591!591,1!2,NULL!NULL,12 KV!4 KV,
592!592,1!2,NULL!NULL,ALT!PREF,
593!593,1!2,NULL!NULL,PREF!ALT,
594!594!594,1!2!3,NULL!NULL!NULL,NORMAL!ENABLED!AUTO,
595!595,1!2,NULL!NULL,5 BK!6 BK,
596!596,1!2,NULL!NULL,NORMAL!ENABLED,
597!597,1!2,NULL!NULL,N-1-1!N-1,
598!598!598,1!2!3,NULL!NULL!NULL,NORMAL!ENABLED!DISABLED,
600!600!600,1!2!3,NULL!NULL!NULL,Normal!Enable!Disable,
601,1,NULL,Change Mode,
602!602!602!602,1!2!3!4,NULL!NULL!NULL!NULL,Normal!Active!Standby!Unknown,
603!603!603!603,1!2!3!4,NULL!NULL!NULL!NULL,Disabled!Enabled!Initial!Active,
604!604,1!2,NULL!NULL,Disable!Enable,
605!605!605!605!605!605!605!605!605!605!605!605!605!605!605!605,2!3!4!5!6!7!8!9!10!11!12!13!14!15!16!1,Yes!Yes!Yes!Yes!Yes!Yes!Yes!Yes!Yes!Yes!Yes!Yes!Yes!Yes!Yes!Yes,ResetEVI!ResetALI!ResetCON!ResetINF!ResetXM!ResetCSI!ResetLOC!SetSCI!SetEVI!SetALI!SetCON!SetINF!SetXM!SetCSI!SetLOC!ResetSCI,
606!606,1!2,NULL!NULL,UNAVAILABLE!AVAILABLE,
607!607,1!2,NULL!NULL,EMS!SVC,
608!608,1!2,NULL!NULL,A SEC!D SEC,
609!609,1!2,NULL!NULL,BK_TST_SLCT!_BLANK,
610!610,1!2,NULL!NULL,RLY_SET_SLCT!_BLANK,
611!611,1!2,NULL!NULL,12KV!4KV,
612!612,1!2,NULL!NULL,RELEASE!BLOCK,
613,1,NULL,ARM,
666!666!666!666!666,1!2!3!4!5,NULL!NULL!NULL!NULL!NULL,100F!80F!60F!40F!20F,
700!700!700!700!700!700!700!700!700!700!700!700!700!700!700!700,1!2!3!4!5!6!7!8!9!10!11!12!13!14!15!16,NULL!NULL!NULL!NULL!NULL!NULL!NULL!NULL!NULL!NULL!NULL!NULL!NULL!NULL!NULL!NULL,Region1!Region2!Region3!Region4!Region5!Region6!Region7!Region8!Region9!Region10!Region11!Region12!De-energized!Full_Ground!Conflict!Unknown,
701!701,1!2,NULL!NULL,Normal!Bus Split,
702!702,1!2,NULL!NULL,3A BK!4A BK,
707!707,1!2,NULL!NULL,Ft Decoupled!Newton Raphs,
1002!1002!1002,1!2!3,No!No!No,Not_Monitor!Monitoring!Mitigating,
1003!1003!1003,1!2!3,No!No!No,Disabled!Enabled!Testing,
1004!1004,1!2,No!No,Not_Armed!Armed,
1005!1005!1005,1!2!3,No!No!No,Not_Monitor!Monitoring!Mitigating,
1006!1006,1!2,No!No,Disabled!Enabled,
1007!1007,1!2,No!No,Disable!Enable,
1008!1008!1008,1!2!3,No!No!No,Not_Monitor!Monitoring!Detected,
1009!1009!1009,1!2!3,No!No!No,Not_Selected!Selected!Implemented,
1010!1010,1!2,No!No,False!True,
1011!1011!1011!1011,1!2!3!4,No!No!No!No,Disabled!Enabled!Degraded!Failed,
1012!1012!1012!1012,1!2!3!4,No!No!No!No,Active!Standby!Disabled!Failed,
1013!1013,1!2,No!No,Stepped!Curved,
1014!1014,1!2,No!No,Generation!Load,
1015!1015!1015!1015,1!2!3!4,No!No!No!No,Disabled!Enabled!Failed!Testing,
1016!1016,1!2,NULL!NULL,Normal!Abnormal,
1032!1032,1!2,NULL!NULL,Normal!Over,
1033!1033,1!2,NULL!NULL,Normal!Offline,
1401!1401,1!2,No!No,Set2!Default,
1402!1402,1!2,No!No,Set2!Default,
1403!1403,1!2,No!No,Default!Set2,
1501!1501,1!2,No!No,false!true,
1502!1502,1!2,No!No,a!b,
1503!1503!1503!1503!1503!1503!1503!1503!1503!1503!1503,1!2!3!4!5!6!7!8!9!10!11,No!No!No!No!No!No!No!No!No!No!No,inputsOutOfB!inputsQualit!inputsStale!reserved!inputsFailed!inputsQualit!outputsFaile!processedInp!testDataEnco!inputsOutOfR!inputsDisagr,
1504!1504!1504!1504!1504,1!2!3!4!5,No!No!No!No!No,enableComman!sDEItemCreat!rASSDEModeIt!configuratio!sDEItemSubsc,
1505!1505!1505!1505!1505!1505!1505!1505!1505!1505!1505,1!2!3!4!5!6!7!8!9!10!11,No!No!No!No!No!No!No!No!No!No!No,none!c!d!G!M!k!n!m!p!T!micro,
1506,1,No,reset,
1507!1507,1!2,No!No,enable!disable,
1508,1,No,execute,
1509!1509!1509!1509,1!2!3!4,No!No!No!No,success!internalErro!externalErro!dataAccessEr,
1510!1510!1510!1510!1510!1510!1510!1510!1510!1510!1510!1510,1!2!3!4!5!6!7!8!9!10!11!12,No!No!No!No!No!No!No!No!No!No!No!No,a1Primary!a1Secondary!a2Primary!a2Secondary!a3Primary!a3Secondary!b1Primary!b1Secondary!b2Primary!b2Secondary!b3Primary!b3Secondary,
1511!1511,1!2,No!No,noTag!tag,
1512!1512!1512!1512!1512!1512!1512!1512!1512!1512!1512!1512,1!2!3!4!5!6!7!8!9!10!11!12,No!No!No!No!No!No!No!No!No!No!No!No,run!safe!test!fault!terminated!starting!started!enteringRun!enteringSafe!enteringTest!enteringFaul!terminating,
1513!1513!1513!1513!1513!1513,1!2!3!4!5!6,No!No!No!No!No!No,redundancy!CC!operational!QA!developement!other,
1514!1514,1!2,No!No,enabled!disabled,
1515!1515!1515!1515!1515!1515!1515,1!2!3!4!5!6!7,No!No!No!No!No!No!No,on!onBlocked!test!testBlocked!off!needsCommiss!needsAttenti,
1516!1516!1516,1!2!3,No!No!No,standalone!primary!secondary,
1517!1517!1517!1517!1517,1!2!3!4!5,No!No!No!No!No,success!internalErro!externalErro!dataAccessEr!uapOutOfSync,
1518!1518!1518!1518,1!2!3!4,No!No!No!No,enable!disable!enterTestMod!enableAutoSo,
1519!1519!1519!1519!1519!1519,1!2!3!4!5!6,No!No!No!No!No!No,enabled!disabled!testModeEnte!autoSolidEna!terminating!terminated,
1520!1520!1520!1520,1!2!3!4,No!No!No!No,unknown!ok!offline!partiallyOpe,
1522!1522!1522!1522!1522!1522!1522!1522,1!2!3!4!5!6!7!8,No!No!No!No!No!No!No!No,success!controlExecu!failure!serviceError!blockedByMod!blockedByPro!commandAlrea!timeLimitOve,
1523!1523!1523,1!2!3,No!No!No,run!safe!test,
1524!1524,1!2,No!No,resetUAPSyst!reinitialize,
1525!1525!1525,1!2!3,No!No!No,no!singleTag!yes,
1526!1526!1526!1526!1526!1526!1526!1526,1!2!3!4!5!6!7!8,No!No!No!No!No!No!No!No,inTest!pass!failAnnualTe!failSafeMode!failOperatio!failExitSafe!failExitAnnu!notExecutabl,
1527!1527!1527!1527,1!2!3!4,No!No!No!No,nMinus1!nMinus2!tMinus1!tMinus2,
1528!1528!1528,1!2!3,No!No!No,standalone!active!standby,
1529!1529!1529!1529!1529,1!2!3!4!5,No!No!No!No!No,standalone!enteringActi!active!enteringStan!standby,
1530!1530!1530!1530!1530,1!2!3!4!5,No!No!No!No!No,restartUAP!resetUAPStat!resyncUAPSta!refreshSourc!checkUAPStat,
1531!1531!1531!1531!1531!1531!1531!1531!1531,1!2!3!4!5!6!7!8!9,No!No!No!No!No!No!No!No!No,none!partiallyOpe!fullyOperati!configuratio!environmentE!externalErro!internalErro!executionFau!criticalComp,
1533!1533,1!2,No!No,false!true,
1535!1535!1535!1535!1535!1535!1535!1535!1535!1535!1535!1535,1!2!3!4!5!6!7!8!9!10!11!12,No!No!No!No!No!No!No!No!No!No!No!No,success!controlExecu!failure!unknownContr!blockedByMod!blockedByPro!controlPendi!controlTimeo!unknownUUID!unknownAttri!accessContro!valueOutOfRa,
2001!2001,1!2,NULL!NULL,RESTORED!LOST,
2003!2003,1!2,NULL!NULL,FALSE!TRUE,
2007!2007,1!2,NULL!NULL,OPEN!CLOSED,
2008!2008!2008!2008!2008,1!2!3!4!5,NULL!NULL!NULL!NULL!NULL,REMOTE!LOCAL!MANUAL!ST ALONE!LOCKOUT,
2010!2010,1!2,NULL!NULL,F!C,
2012!2012,1!2,NULL!NULL,NORMAL!FAULT,
2021!2021,1!2,NULL!NULL,Open!Close,
2022!2022,1!2,NULL!NULL,Remote!Standalone,
2029!2029,1!2,NULL!NULL,TEST!Poll Config,
2033!2033!2033,1!2!3,NULL!NULL!NULL,TEST!Reboot!Poll Config,
2039!2039!2039!2039!2039!2039!2039,1!2!3!4!5!6!7,No!No!No!No!No!No!No,Enabled!Enabled!Disabled!Failed!Resynch!Available!Unavailable,
2040!2040!2040!2040!2040!2040,1!2!3!4!5!6,NULL!NULL!NULL!NULL!NULL!NULL,Undefined!Online!Available!Failed!Disabled!Degraded,
2057!2057!2057!2057!2057,1!2!3!4!5,NULL!NULL!NULL!NULL!NULL,PLANNED!TEST!ENABLED!DISABLED!FAILED,
2059!2059!2059!2059,1!2!3!4,NULL!NULL!NULL!NULL,Enable!Disable!ClearPending!Poll,
2072!2072!2072!2072!2072,1!2!3!4!5,NULL!NULL!NULL!NULL!NULL,TEST!Poll DCW!Install DCW!Delete DCW!Poll Config,
2073!2073!2073!2073!2073!2073!2073,1!2!3!4!5!6!7,NULL!NULL!NULL!NULL!NULL!NULL!NULL,TEST!Poll DCW!Install DCW!Delete DCW!Reboot!Reset Dy Ops!Poll Config,
2075!2075,1!2,NULL!NULL,TRUE!FALSE,
2077!2077,1!2,NULL!NULL,Suspend!Active,
2078!2078,1!2,NULL!NULL,NERC!WECC,
2079!2079,1!2,NULL!NULL,Telemetered!Entered,
2085!2085!2085,1!2!3,NULL!NULL!NULL,Normal!Warning!Violated,
2129!2129,1!2,NULL!NULL,NORMAL!RESTART,
2137!2137!2137,1!2!3,NULL!NULL!NULL,Online!Failed!Not Config,
2500!2500!2500!2500!2500!2500!2500!2500!2500!2500!2500!2500!2500!2500!2500!2500,1!2!3!4!5!6!7!8!9!10!11!12!13!14!15!16,No!No!No!No!No!No!No!No!No!No!No!No!No!No!No!No,default!CRAS_N/A_1!CRAS_N/A_2!CRAS_N/A_3!CRAS_N/A_4!CRAS_N/A_5!CRAS_N/A_6!CRAS_N/A_7!CRAS_N/A_8!CRAS_N/A_9!CRAS_N/A_10!CRAS_N/A_11!CRAS_N/A_12!CRAS_N/A_13!CRAS_N/A_14!CRAS_N/A_15,
2501!2501,1!2,No!No,enable!disable,
2502!2502,1!2,No!No,true!false,
2503!2503!2503,1!2!3,No!No!No,no!singleTag!yes,
2504!2504,1!2,No!No,systemA!systemB,
2505!2505,1!2,No!No,tag!noTag,
2506!2506!2506!2506!2506!2506!2506!2506!2506!2506!2506!2506!2506!2506!2506!2506,1!2!3!4!5!6!7!8!9!10!11!12!13!14!15!16,No!No!No!No!No!No!No!No!No!No!No!No!No!No!No!No,measurement6!equipment16L!equipment5Li!equipment10L!measurement1!equipment15L!equipment11L!measurement1!equipment12L!equipment6Li!measurement9!equipment8Li!measurement5!measurement1!equipment3Li!equipment2Li,
2507!2507!2507!2507,1!2!3!4,No!No!No!No,run!safe!illegalMode!test,
2508!2508!2508!2508,1!2!3!4,No!No!No!No,standalone!active!illlegalMode!standby,
2509!2509!2509!2509,1!2!3!4,No!No!No!No,unknown!offline!partiallyOpe!ok,
2510!2510!2510!2510,1!2!3!4,No!No!No!No,nMinus2!nMinus1!tMinus2!tMinus1,
2511!2511!2511!2511!2511!2511,1!2!3!4!5!6,No!No!No!No!No!No,testBlocked!test!on!onBlocked!off!needsCommiss,
2512!2512!2512!2512!2512!2512!2512!2512!2512!2512!2512!2512,1!2!3!4!5!6!7!8!9!10!11!12,No!No!No!No!No!No!No!No!No!No!No!No,started!safe!fault!enteringTest!starting!enteringFaul!enteringRun!run!terminating!enteringSafe!terminated!test,
2513!2513,1!2,No!No,disabled!enabled,
2514!2514!2514!2514!2514!2514!2514!2514,1!2!3!4!5!6!7!8,No!No!No!No!No!No!No!No,blockedByPro!timeLimitOve!controlExecu!serviceError!blockedByMod!success!failure!commandAlrea,
2515!2515!2515!2515!2515!2515!2515!2515!2515!2515!2515!2515,1!2!3!4!5!6!7!8!9!10!11!12,No!No!No!No!No!No!No!No!No!No!No!No,blockedByPro!unknownUUID!unknownContr!controlTimeo!controlExecu!controlPendi!blockedByMod!accessContro!failure!unknownAttri!success!valueOutOfRa,
2516!2516!2516!2516,1!2!3!4,No!No!No!No,disable!enable!enterTestMod!terminate,
2517!2517!2517!2517!2517,1!2!3!4!5,No!No!No!No!No,enabled!disabled!terminated!testModeEnte!terminating,
2518!2518!2518!2518!2518,1!2!3!4!5,No!No!No!No!No,sDEItemSubsc!sDEItemCreat!rASSDEModeIt!enableComman!configuratio,
2519!2519,1!2,No!No,a!b,
2520!2520!2520!2520!2520,1!2!3!4!5,No!No!No!No!No,enable!test!tagOut!disable!automaticTes,
2521!2521!2521,1!2!3,No!No!No,secondary!standalone!primary,
2522!2522!2522!2522!2522!2522!2522!2522!2522,1!2!3!4!5!6!7!8!9,No!No!No!No!No!No!No!No!No,none!internalErro!environmentE!externalErro!configuratio!fullyOperati!partiallyOpe!criticalComp!executionFau,
2523!2523!2523!2523!2523,1!2!3!4!5,No!No!No!No!No,enteringStan!standalone!standby!enteringActi!active,
2524!2524!2524!2524!2524!2524!2524!2524,1!2!3!4!5!6!7!8,No!No!No!No!No!No!No!No,testDataEnco!inputsFailed!inputsStale!inputsQualit!inputsQualit!inputsOutOfR!inputsDisagr!reserved,
2600!2600!2600!2600!2600,1!2!3!5!4,NULL!NULL!NULL!NULL!NULL,WAIT_FILE!WAIT_ACK!WAIT_PROC!DISABLED!PROC_FILE,
2601!2601!2601!2601!2601,1!2!3!4!5,NULL!NULL!NULL!NULL!NULL,ENABLED!DISABLED!IN_PROGRESS!CTRL_COMP!FAILED,
2602!2602!2602!2602,1!2!4!3,NULL!NULL!NULL!NULL,Accept!Reject!Disable!Enable,
2610!2610!2610!2610,1!2!3!4,NULL!NULL!NULL!NULL,NORMAL!CKTS_RECVD!CKTRCV_W_ERR!BAD_FILE,
3001!3001,1!2,NULL!NULL,NO Control!Controlled,
3532!3532!3532,1!2!3,NULL!NULL!NULL,Enabled!Disabled!Failed,
3533!3533!3533,1!2!3,NULL!NULL!NULL,Enable!Disable!Optimize,
3534!3534,1!2,NULL!NULL,Enable!Disable,
3535!3535!3535!3535!3535,1!2!3!4!5,NULL!NULL!NULL!NULL!NULL,Enabled!Disabled!Optimizing!VRT Building!Canceling,
3536!3536,1!2,NULL!NULL,ENABLED!DISABLED,
3537!3537!3537!3537,2!1!3!4,NULL!NULL!NULL!NULL,OPEN!SHUT!Transit!Unknown,
3539!3539,1!2,No!No,Open!Close,
3540!3540!3540!3540!3540,1!2!3!4!5,NULL!NULL!NULL!NULL!NULL,Enabled!Disabled!Optimizing!VRT Building!Canceling,
3541!3541!3541!3541!3541,1!2!3!4!5,NULL!NULL!NULL!NULL!NULL,Enable!Disable!Optimize!VRT Build!Cancel,
3564!3564,1!2,NULL!NULL,NORMAL!REVERSE,
3565!3565,1!2,NULL!NULL,NORMAL!DISABLED,
3568!3568!3568!3568!3568!3568,1!2!3!4!5!6,NULL!NULL!NULL!NULL!NULL!NULL,TEST!Poll DCW!Install DCW!Delete DCW!Reboot!Reboot Radio,
3574!3574,1!2,NULL!NULL,Enable!Disable,
3611!3611,2!1,NULL!NULL,Alarm!Clear,
3612!3612,2!1,NULL!NULL,Set!Reset,
3613!3613,1!2,NULL!NULL,Passed!Failed,
3614!3614!3614,1!2!3,NULL!NULL!NULL,Enable!Disable!Demand,
3615!3615!3615!3615!3615,1!2!3!4!5,NULL!NULL!NULL!NULL!NULL,Enabled!Disabled!Importing!Exporting!Failed,
3685!3685!3685!3685!3685!3685!3685!3685!3685!3685!3685,1!2!3!4!5!6!7!8!9!10!11,NULL!NULL!NULL!NULL!NULL!NULL!NULL!NULL!NULL!NULL!NULL,Enabled!Disabled!Trip!Test1 Closed!Test1 Open!Test2 Closed!Test2 Open!In Progress!Completed!Failed!Ready,
3695!3695!3695!3695!3695!3695!3695!3695!3695,1!2!3!4!5!6!7!8!9,NULL!NULL!NULL!NULL!NULL!NULL!NULL!NULL!NULL,TL!TM!TR!BL!BM!BR!CL!CM!CR,
3697!3697!3697!3697!3697!3697!3697!3697!3697!3697!3697!3697!3697!3697,1!2!3!4!5!6!7!8!9!10!11!12!13!14,NULL!NULL!NULL!NULL!NULL!NULL!NULL!NULL!NULL!NULL!NULL!NULL!NULL!NULL,0!1!2!3!4!5!6!7!8!9!10!11!12!13,
3700!3700!3700!3700,1!2!3!4,NULL!NULL!NULL!NULL,NORMAL!ABNORMAL!DISABLED!COMM FAIL,
4069!4069!4069!4069!4069!4069!4069!4069!4069!4069!4069!4069!4069!4069!4069!4069,1!2!3!4!5!6!7!8!9!10!11!12!13!14!15!16,Yes!Yes!Yes!Yes!Yes!Yes!Yes!Yes!Yes!Yes!Yes!Yes!Yes!Yes!Yes!Yes,ResetSCI!ResetEVI!ResetALI!ResetCON!ResetINF!ResetXM!ResetCSI!ResetLOC!SetSCI!SetEVI!SetALI!SetCON!SetINF!SetXM!SetCSI!SetLOC,
4148!4148,1!2,NULL!NULL,Enable!Disable,
4158!4158,1!2,NULL!NULL,Active!Failed,
4168,1,NULL,Change Mode,
4169!4169,1!2,NULL!NULL,BACKUP!NORMAL,
4171!4171!4171!4171,1!2!3!4,NULL!NULL!NULL!NULL,Disabled!Enabled!Initial!Active,
4172!4172,1!2,NULL!NULL,Disable!Enable,
4173!4173!4173!4173!4173!4173!4173,1!2!3!4!5!6!7,NULL!NULL!NULL!NULL!NULL!NULL!NULL,Enabled!Disabled!Calling!Active!Abort!Listening!Conclude,
4176!4176!4176,1!2!3,NULL!NULL!NULL,Unknown!Hotline!Deadline,
4199!4199!4199!4199,1!2!3!4,No!No!No!No,Running!Stopped!Completed!Aborted,
4230!4230!4230!4230!4230!4230!4230!4230,1!2!3!4!5!6!7!8,NULL!NULL!NULL!NULL!NULL!NULL!NULL!NULL,Econ!Ramp!Base!Manl!Aval!Unav!Schd!Mrkt,
4231!4231!4231,1!2!3,NULL!NULL!NULL,Auto!Manl!External,
4232!4232,1!2,NULL!NULL,DLNK!FILE,
4233!4233!4233!4233,1!2!3!4,NULL!NULL!NULL!NULL,Offline!Online/NoReg!Online/Reg!Off Control,
4234!4234!4234,1!2!3,NULL!NULL!NULL,Inactive!Active!Test,
4235!4235!4235,1!2!3,NULL!NULL!NULL,Inactive!Active!Load SDC,
4273!4273!4273!4273,1!2!3!4,NULL!NULL!NULL!NULL,Monitor!Mvar Control!Volt Control!PF Control,
4274!4274!4274!4274,1!2!3!4,NULL!NULL!NULL!NULL,Manl!Remote_Rt!Local_Schd!Remote_Schd,
4276!4276!4276,1!2!3,NULL!NULL!NULL,Mon!On!Suspend,
4277!4277,1!2,NULL!NULL,Curves!Equation,
4278!4278!4278!4278!4278,1!2!3!4!5,NULL!NULL!NULL!NULL!NULL,Offline!Manual!Automatic!Base w/o Reg!BaseWithReg,
4280!4280!4280!4280,1!2!3!4,NULL!NULL!NULL!NULL,Monitor!Mvar Control!Volt Control!Power Factor,
4281!4281!4281,1!2!3,NULL!NULL!NULL,On!Monitor!Off,
4282!4282!4282,1!2!3,NULL!NULL!NULL,On!Monitor!Suspend,
4283!4283,1!2,NULL!NULL,On!Monitor,
4284!4284!4284,1!2!3,NULL!NULL!NULL,Percent!Telemetered!No Losses,
4287!4287!4287,1!2!3,NULL!NULL!NULL,JOU_SS_OFF!JOU_SS_ALOC!JOU_SS_PERCT,
4410!4410!4410!4410!4410!4410!4410!4410!4410!4410!4410!4410!4410!4410!4410!4410,1!2!3!4!5!6!7!8!9!10!11!12!13!14!15!16,NULL!NULL!NULL!NULL!NULL!NULL!NULL!NULL!NULL!NULL!NULL!NULL!NULL!NULL!NULL!NULL,Day 95!Night 95!Day 86!Night 86!Day 77!Night 77!Day 68!Night 68!Day 59!Night 59!Day 50!Night 50!Day 41!Night 41!Day 32!Night 32,
4499!4499!4499!4499,1!2!3!4,NULL!NULL!NULL!NULL,Switching!Restoring!Isolated!RESTORED,
4500!4500,1!2,NULL!NULL,Isolate!Restore,
4511!4511!4511!4511!4511!4511!4511!4511!4511,1!2!3!4!5!6!7!8!9,NULL!NULL!NULL!NULL!NULL!NULL!NULL!NULL!NULL,Other!Thermal!Nuclear!Hydro!Pumped!Gas!Sync Cond!WindFarm!Other,
4527!4527!4527,1!2!3,Yes!Yes!Yes,TopBusbar!BottomBusbar!Withdrawn,
4530!4530,1!2,NULL!NULL,TRUE!FALSE,
4531!4531!4531,1!2!3,NULL!NULL!NULL,Vincent 220!Vincent 500!MiraLoma 500,
4533!4533!4533,1!2!3,NULL!NULL!NULL,Volt_Reg!Var_Reg!Fixed,
5054!5054!5054!5054!5054!5054!5054!5054!5054,1!2!3!4!5!6!7!8!9,NULL!NULL!NULL!NULL!NULL!NULL!NULL!NULL!NULL,Other!Thermal!Nuclear!Hydro!Pumped!Gas!Sync Cond!WindFarm!Other,
5080!5080!5080,1!2!3,No!No!No,Enabled!Disabled!Failed,
5159!5159,1!2,NULL!NULL,Remote!Local,
5160!5160!5160,1!2!3,No!Yes!No,Closed!Open!Tie,
5161!5161!5161!5161,1!2!3!4,NULL!NULL!NULL!NULL,Undefined!Online!Available!Failed,
5162!5162,1!2,NULL!NULL,DISABLED!ENABLED,
