DeviceNumber,DeviceName,ControlType,PnaSrd,PssSrd,NspSrd,CircuitID,FromSectionNumber,ToSectionNumber,LossMinimization,FlowLimitType,FlowLimitMonitorBaseCase,FlowLimitEnforceBaseCase,FlowLimitHardnessBaseCase,FlowLimitMonitorCaCase,FlowLimitEnforceCaCase,FlowLimitHardnessCaCase,FlowLimitViolSevWt,FromEndLimit1,FromEndLimit2,FromEndLimit3,ToEndLimit1,ToEndLimit2,ToEndLimit3,FixedSeriesResistance,FixedSeriesReactance,FlaDeviceZeroSeqFixResis,FlaDeviceZeroSeqFixReac,AssetLabel,ExModelRetentionFlag,DmsTransformFlag,CommentText1,CommentText2,CommentText3,ConnectionStatusIndicatorRef,OwnerBusNumberRef,FromBusNumberRef,ToBusNumberRef,FromCtBreakerRef,ToCtBreakerRef,FromMwStandardDeviation,FromMwInversionFlag,FromMwCmeUsage,FromMwOverrideStatus,FromMwReplacementValue,SetOrder2,FromMwAnalogPointRef,FromMwCtBreakerRef,FromMvStandardDeviation,FromMvInversionFlag,FromMvCmeUsage,FromMvOverrideStatus,FromMvReplacementValue,SetOrder3,FromMvAnalogPointRef,FromMvCtBreakerRef,FromAmpStandardDeviation,FromAmpInversionFlag,FromAmpCmeUsage,FromAmpOverrideStatus,FromAmpReplacementValue,SetOrder9,FromAmpAnalogPointRef,FromAmpCtBreakerRef,ToMwStandardDeviation,ToMwInversionFlag,ToMwCmeUsage,ToMwOverrideStatus,ToMwReplacementValue,SetOrder4,ToMwAnalogPointRef,ToMwCtBreakerRef,ToMvStandardDeviation,ToMvInversionFlag,ToMvCmeUsage,ToMvOverrideStatus,ToMvReplacementValue,SetOrder5,ToMvAnalogPointRef,ToMvCtBreakerRef,ToAmpStandardDeviation,ToAmpInversionFlag,ToAmpCmeUsage,ToAmpOverrideStatus,ToAmpReplacementValue,SetOrder8,ToAmpAnalogPointRef,ToAmpCtBreakerRef,FromEndLimitTelemetryRef,FromAmpereLimitTelemetryRef,ToEndLimitTelemetryRef,ToAmpereLimitTelemetryRef,FromMvaCmeOutputRef,ToMvaCmeOutputRef,LimitNumber,FromEndDynLimit1,FromEndDynLimit2,FromEndDynLimit3,ToEndDynLimit1,ToEndDynLimit2,ToEndDynLimit3,SinglePhTransCurRef,SinglePhSubtransCurRef,ThreePhTransCurRef,ThreePhSubtransCurRef,FromEndOpenIndicatorRef,ToEndOpenIndicatorRef,
11,CABRI 12KV A PAR,Fixed,No,Yes,Yes,1,115,166,IncludedIfOwner,Mva,On,On,1,On,On,1,1,74,82,100,74,82,100,.0001,.0002,NULL,NULL,NULL,NULL,Yes,NULL,NULL,NULL,323912,157,157,157,NULL,NULL,NULL,NULL,NULL,NULL,NULL,NULL,NULL,NULL,NULL,NULL,NULL,NULL,NULL,NULL,NULL,NULL,NULL,NULL,NULL,NULL,NULL,NULL,NULL,NULL,NULL,NULL,NULL,NULL,NULL,NULL,NULL,NULL,NULL,NULL,NULL,NULL,NULL,NULL,NULL,NULL,10,+,Out,Block,NULL,1,214967,NULL,NULL,NULL,NULL,NULL,NULL,NULL,NULL,NULL,NULL,NULL,NULL,NULL,NULL,NULL,NULL,NULL,NULL,323913,323914,
12,CABRI 4KV C PAR,Fixed,No,Yes,Yes,3,147,167,IncludedIfOwner,Mva,On,On,1,On,On,1,1,74,82,100,74,82,100,.0001,.0002,NULL,NULL,NULL,NULL,Yes,NULL,NULL,NULL,323915,157,157,157,NULL,NULL,NULL,NULL,NULL,NULL,NULL,NULL,NULL,NULL,NULL,NULL,NULL,NULL,NULL,NULL,NULL,NULL,NULL,NULL,NULL,NULL,NULL,NULL,NULL,NULL,NULL,NULL,NULL,NULL,NULL,NULL,NULL,NULL,NULL,NULL,NULL,NULL,NULL,NULL,NULL,NULL,10,+,Out,Block,NULL,1,214970,NULL,NULL,NULL,NULL,NULL,NULL,NULL,NULL,NULL,NULL,NULL,NULL,NULL,NULL,NULL,NULL,NULL,NULL,323916,323917,
13,CABRI 4KV B BT,Fixed,No,Yes,Yes,2,131,168,IncludedIfOwner,Mva,On,On,1,On,On,1,1,74,82,100,74,82,100,.0001,.0002,NULL,NULL,NULL,NULL,Yes,NULL,NULL,NULL,323918,157,157,157,NULL,NULL,NULL,NULL,NULL,NULL,NULL,NULL,NULL,NULL,NULL,NULL,NULL,NULL,NULL,NULL,NULL,NULL,NULL,NULL,NULL,NULL,NULL,NULL,NULL,NULL,NULL,NULL,NULL,NULL,NULL,NULL,NULL,NULL,NULL,NULL,NULL,NULL,NULL,NULL,NULL,NULL,10,+,Out,Block,NULL,1,215089,NULL,NULL,NULL,NULL,NULL,NULL,NULL,NULL,NULL,NULL,NULL,NULL,NULL,NULL,NULL,NULL,NULL,NULL,323919,323920,
17,CABRI 4KV D BT,Fixed,No,Yes,Yes,4,170,171,IncludedIfOwner,Mva,On,On,1,On,On,1,1,74,82,100,74,82,100,.0001,.0002,NULL,NULL,NULL,NULL,Yes,NULL,NULL,NULL,323921,157,157,157,NULL,NULL,NULL,NULL,NULL,NULL,NULL,NULL,NULL,NULL,NULL,NULL,NULL,NULL,NULL,NULL,NULL,NULL,NULL,NULL,NULL,NULL,NULL,NULL,NULL,NULL,NULL,NULL,NULL,NULL,NULL,NULL,NULL,NULL,NULL,NULL,NULL,NULL,NULL,NULL,NULL,NULL,10,+,Out,Block,NULL,1,215095,NULL,NULL,NULL,NULL,NULL,NULL,NULL,NULL,NULL,NULL,NULL,NULL,NULL,NULL,NULL,NULL,NULL,NULL,323922,323923,
55,GISLER BK 1,Fixed,Yes,Yes,Yes,0,155,3,IncludedIfOwner,Mva,On,On,1,On,On,1,1,62.17,115,135,62.17,65.22,65.22,.0001,.0002,NULL,NULL,NULL,NULL,Yes,NULL,NULL,NULL,321250,1504,1504,1504,NULL,NULL,3,+,In/Out,Normal,NULL,10,122349,NULL,3,+,In/Out,Normal,NULL,11,122350,NULL,10,+,Out,Block,NULL,13,122345,NULL,NULL,NULL,NULL,NULL,NULL,NULL,NULL,NULL,NULL,NULL,NULL,NULL,NULL,NULL,NULL,NULL,NULL,NULL,NULL,NULL,NULL,NULL,NULL,NULL,NULL,NULL,NULL,NULL,NULL,NULL,NULL,NULL,NULL,NULL,NULL,NULL,NULL,NULL,NULL,NULL,NULL,321251,321252,
56,GISLER BK 3,Fixed,Yes,Yes,Yes,1,156,13,IncludedIfOwner,Mva,On,On,1,On,On,1,1,63.46,65.22,65.22,63.46,65.22,65.22,.0001,.0002,NULL,NULL,NULL,NULL,Yes,NULL,NULL,NULL,321253,1504,1504,1504,NULL,NULL,3,+,In/Out,Normal,NULL,10,122361,NULL,3,+,In/Out,Normal,NULL,11,122362,NULL,10,+,Out,Block,NULL,13,122357,NULL,NULL,NULL,NULL,NULL,NULL,NULL,NULL,NULL,NULL,NULL,NULL,NULL,NULL,NULL,NULL,NULL,NULL,NULL,NULL,NULL,NULL,NULL,NULL,NULL,NULL,NULL,NULL,NULL,NULL,NULL,NULL,NULL,NULL,NULL,NULL,NULL,NULL,NULL,NULL,NULL,NULL,321254,321255,
71,ROLL HIIL 4 TIE,Fixed,No,Yes,Yes,0,2,202,IncludedIfOwner,Mva,On,On,1,On,On,1,1,100,115,135,100,115,135,.0001,.0002,NULL,NULL,NULL,NULL,Yes,NULL,NULL,NULL,326797,227,227,227,NULL,NULL,NULL,NULL,NULL,NULL,NULL,NULL,NULL,NULL,NULL,NULL,NULL,NULL,NULL,NULL,NULL,NULL,NULL,NULL,NULL,NULL,NULL,NULL,NULL,NULL,NULL,NULL,NULL,NULL,NULL,NULL,NULL,NULL,NULL,NULL,NULL,NULL,NULL,NULL,NULL,NULL,NULL,NULL,NULL,NULL,NULL,NULL,NULL,NULL,NULL,NULL,NULL,NULL,NULL,NULL,NULL,NULL,NULL,NULL,NULL,NULL,NULL,NULL,NULL,NULL,NULL,326798,326799,
78,LIGHTH SLP TIE,Fixed,No,Yes,Yes,0,108,800,IncludedIfOwner,Mva,On,On,1,On,On,1,1,100,115,135,100,115,135,.0001,.0002,NULL,NULL,NULL,NULL,Yes,NULL,NULL,NULL,326684,243,243,243,NULL,NULL,NULL,NULL,NULL,NULL,NULL,NULL,NULL,NULL,NULL,NULL,NULL,NULL,NULL,NULL,NULL,NULL,NULL,NULL,NULL,NULL,NULL,NULL,NULL,NULL,NULL,NULL,NULL,NULL,NULL,NULL,NULL,NULL,NULL,NULL,NULL,NULL,NULL,NULL,NULL,NULL,NULL,NULL,NULL,NULL,NULL,NULL,NULL,NULL,NULL,NULL,NULL,NULL,NULL,NULL,NULL,NULL,NULL,NULL,NULL,NULL,NULL,NULL,NULL,NULL,NULL,326685,326686,
123,STATE ST 12 TIE,Fixed,No,Yes,Yes,0,19,500,IncludedIfOwner,Mva,On,On,1,On,On,1,1,100,115,135,100,115,135,.0001,.0002,NULL,NULL,NULL,NULL,Yes,NULL,NULL,NULL,326666,382,382,382,NULL,NULL,NULL,NULL,NULL,NULL,NULL,NULL,NULL,NULL,3,+,In/Out,Normal,NULL,3245,107220,NULL,10,+,Out,Block,NULL,3244,107217,NULL,NULL,NULL,NULL,NULL,NULL,NULL,NULL,NULL,NULL,NULL,NULL,NULL,NULL,NULL,NULL,NULL,NULL,NULL,NULL,NULL,NULL,NULL,NULL,NULL,NULL,NULL,NULL,NULL,NULL,NULL,NULL,NULL,NULL,NULL,NULL,NULL,NULL,NULL,NULL,NULL,NULL,326667,326668,
125,LOOP SECTION 1,Fixed,No,Yes,Yes,2,292,216,IncludedIfOwner,Mva,On,On,1,On,On,1,1,504,600,600,504,600,600,.003,.003,NULL,NULL,NULL,NULL,Yes,NULL,NULL,NULL,326672,382,382,382,NULL,NULL,NULL,NULL,NULL,NULL,NULL,NULL,NULL,NULL,3,-,In/Out,Normal,NULL,1,107205,NULL,10,+,Out,Block,NULL,2,107202,NULL,NULL,NULL,NULL,NULL,NULL,NULL,NULL,NULL,NULL,NULL,NULL,NULL,NULL,NULL,NULL,NULL,NULL,NULL,NULL,NULL,NULL,NULL,NULL,NULL,NULL,NULL,NULL,NULL,NULL,NULL,NULL,NULL,NULL,NULL,NULL,NULL,NULL,NULL,NULL,NULL,NULL,326673,326674,
133,CROWN BK 2,Fixed,Yes,Yes,Yes,0,703,13,IncludedIfOwner,Mva,On,On,1,On,On,1,1,100,115,115,100,115,115,.0001,.0002,NULL,NULL,NULL,NULL,Yes,NULL,NULL,NULL,324708,1537,1537,1537,NULL,NULL,3,+,In/Out,Normal,NULL,1,111365,NULL,3,+,In/Out,Normal,NULL,2,111366,NULL,10,+,Out,Block,NULL,13,111361,NULL,NULL,NULL,NULL,NULL,NULL,NULL,NULL,NULL,NULL,NULL,NULL,NULL,NULL,NULL,NULL,NULL,NULL,NULL,NULL,NULL,NULL,NULL,NULL,NULL,NULL,NULL,NULL,NULL,NULL,NULL,NULL,NULL,NULL,NULL,NULL,NULL,NULL,NULL,NULL,NULL,NULL,324709,324710,
264,MOULTON BK 1,Fixed,Yes,Yes,Yes,1,703,5,IncludedIfOwner,Mva,On,On,1,On,On,1,1,60,66,66,60,66,66,.0001,.0002,NULL,NULL,NULL,NULL,Yes,NULL,NULL,NULL,321657,4202,4202,4202,NULL,NULL,3,+,In/Out,Normal,NULL,10,106639,NULL,3,+,In/Out,Normal,NULL,11,106640,NULL,10,+,Out,Block,NULL,13,106637,NULL,NULL,NULL,NULL,NULL,NULL,NULL,NULL,NULL,NULL,NULL,NULL,NULL,NULL,NULL,NULL,NULL,NULL,NULL,NULL,NULL,NULL,NULL,NULL,NULL,NULL,NULL,NULL,NULL,NULL,NULL,NULL,NULL,NULL,NULL,NULL,NULL,NULL,NULL,NULL,NULL,NULL,321658,321659,
265,MOULTON BK 2,Fixed,Yes,Yes,Yes,2,706,11,IncludedIfOwner,Mva,On,On,1,On,On,1,1,60,66,66,60,66,66,.0001,.0002,NULL,NULL,NULL,NULL,Yes,NULL,NULL,NULL,321660,4202,4202,4202,NULL,NULL,3,+,In/Out,Normal,NULL,10,106644,NULL,3,+,In/Out,Normal,NULL,11,106645,NULL,10,+,Out,Block,NULL,13,106642,NULL,NULL,NULL,NULL,NULL,NULL,NULL,NULL,NULL,NULL,NULL,NULL,NULL,NULL,NULL,NULL,NULL,NULL,NULL,NULL,NULL,NULL,NULL,NULL,NULL,NULL,NULL,NULL,NULL,NULL,NULL,NULL,NULL,NULL,NULL,NULL,NULL,NULL,NULL,NULL,NULL,NULL,321661,321662,
360,LAS LOMAS BK 1,Fixed,Yes,Yes,Yes,1,128,3,IncludedIfOwner,Mva,On,On,1,On,On,1,1,100,115,135,100,115,135,.0001,.0002,NULL,NULL,NULL,NULL,Yes,NULL,NULL,NULL,329447,4301,4301,4301,NULL,NULL,3,+,In/Out,Normal,NULL,1,219085,NULL,3,+,In/Out,Normal,NULL,2,219086,NULL,10,+,Out,Block,NULL,13,219082,NULL,NULL,NULL,NULL,NULL,NULL,NULL,NULL,NULL,NULL,NULL,NULL,NULL,NULL,NULL,NULL,NULL,NULL,NULL,NULL,NULL,NULL,NULL,NULL,NULL,NULL,NULL,NULL,NULL,NULL,NULL,NULL,NULL,NULL,NULL,NULL,NULL,NULL,NULL,NULL,NULL,NULL,329445,329446,
521,INYO12 BK 3,Fixed,No,Yes,Yes,1,998,999,IncludedIfOwner,Mva,Off,Off,1,Off,Off,1,1,200,220,270,200,230,270,.00015,.00025,NULL,NULL,NULL,NULL,Yes,NULL,NULL,NULL,330404,202,202,202,NULL,NULL,3,+,In/Out,Normal,NULL,1,191781,NULL,3,+,In/Out,Normal,NULL,3,191782,NULL,10,+,Out,Block,NULL,10,191778,NULL,NULL,NULL,NULL,NULL,NULL,NULL,NULL,NULL,NULL,NULL,NULL,NULL,NULL,NULL,NULL,NULL,NULL,NULL,NULL,NULL,NULL,NULL,NULL,NULL,NULL,NULL,NULL,NULL,NULL,NULL,NULL,NULL,NULL,NULL,NULL,NULL,NULL,NULL,NULL,NULL,NULL,330405,330406,
522,INYO 33 BT,Fixed,No,Yes,Yes,1,802,8,IncludedIfOwner,Mva,Off,Off,1,Off,Off,1,1,200,220,270,200,230,270,.00015,.00025,NULL,NULL,NULL,NULL,Yes,NULL,NULL,NULL,330407,201,201,201,NULL,NULL,NULL,NULL,NULL,NULL,NULL,NULL,NULL,NULL,NULL,NULL,NULL,NULL,NULL,NULL,NULL,NULL,10,+,Out,Block,NULL,10,191798,NULL,NULL,NULL,NULL,NULL,NULL,NULL,NULL,NULL,NULL,NULL,NULL,NULL,NULL,NULL,NULL,NULL,NULL,NULL,NULL,NULL,NULL,NULL,NULL,NULL,NULL,NULL,NULL,NULL,NULL,NULL,NULL,NULL,NULL,NULL,NULL,NULL,NULL,NULL,NULL,NULL,NULL,330408,330409,
525,CAS DIAB XFMR 1,Fixed,Yes,Yes,Yes,0,390,3,IncludedIfOwner,Mva,Off,Off,1,Off,Off,1,1,200,220,270,200,230,270,.00015,.00025,NULL,NULL,NULL,NULL,Yes,NULL,NULL,NULL,331132,506,506,506,NULL,NULL,NULL,NULL,NULL,NULL,NULL,NULL,NULL,NULL,NULL,NULL,NULL,NULL,NULL,NULL,NULL,NULL,NULL,NULL,NULL,NULL,NULL,NULL,NULL,NULL,3,-,In/Out,Normal,NULL,1,197958,NULL,3,-,In/Out,Normal,NULL,1,197959,NULL,NULL,NULL,NULL,NULL,NULL,NULL,NULL,NULL,NULL,NULL,NULL,NULL,NULL,NULL,NULL,NULL,NULL,NULL,NULL,NULL,NULL,NULL,NULL,NULL,NULL,331133,331134,
526,CAS DIAB XFMR 2,Fixed,Yes,Yes,Yes,1,790,7,IncludedIfOwner,Mva,Off,Off,1,Off,Off,1,1,200,220,270,200,230,270,.00015,.00025,NULL,NULL,NULL,NULL,Yes,NULL,NULL,NULL,331135,506,506,506,NULL,NULL,NULL,NULL,NULL,NULL,NULL,NULL,NULL,NULL,NULL,NULL,NULL,NULL,NULL,NULL,NULL,NULL,NULL,NULL,NULL,NULL,NULL,NULL,NULL,NULL,3,-,In/Out,Normal,NULL,1,197963,NULL,3,-,In/Out,Normal,NULL,1,197964,NULL,NULL,NULL,NULL,NULL,NULL,NULL,NULL,NULL,NULL,NULL,NULL,NULL,NULL,NULL,NULL,NULL,NULL,NULL,NULL,NULL,NULL,NULL,NULL,NULL,NULL,331136,331137,
592,HASKELL CAP 1 MTR,Fixed,No,Yes,Yes,11,602,613,IncludedIfOwner,Mva,On,On,1,On,On,1,1,100,115,135,100,115,135,.0001,.0002,NULL,NULL,NULL,NULL,Yes,NULL,NULL,NULL,NULL,3507,3507,3507,NULL,NULL,NULL,NULL,NULL,NULL,NULL,NULL,NULL,NULL,NULL,NULL,NULL,NULL,NULL,NULL,NULL,NULL,NULL,NULL,NULL,NULL,NULL,NULL,NULL,NULL,NULL,NULL,NULL,NULL,NULL,NULL,NULL,NULL,NULL,NULL,NULL,NULL,NULL,NULL,NULL,NULL,10!10!10,+!+!+,Out!Out!Out,Block!Block!Block,NULL!NULL!NULL,1!2!3,77247!77248!77249,NULL!NULL!NULL,NULL,NULL,NULL,NULL,NULL,NULL,NULL,NULL,NULL,NULL,NULL,NULL,NULL,NULL,NULL,NULL,NULL,NULL,NULL,
609,MIRA LOM 12 TIE,Fixed,No,Yes,Yes,0,114,50,IncludedIfOwner,Mva,On,On,1,On,On,1,1,100,115,135,100,115,135,.0001,.0002,NULL,NULL,NULL,NULL,Yes,NULL,NULL,NULL,325613,431,431,431,NULL,NULL,NULL,NULL,NULL,NULL,NULL,NULL,NULL,NULL,NULL,NULL,NULL,NULL,NULL,NULL,NULL,NULL,NULL,NULL,NULL,NULL,NULL,NULL,NULL,NULL,NULL,NULL,NULL,NULL,NULL,NULL,NULL,NULL,NULL,NULL,NULL,NULL,NULL,NULL,NULL,NULL,10,+,Out,Block,NULL,1,204620,NULL,NULL,NULL,NULL,NULL,NULL,NULL,NULL,NULL,NULL,NULL,NULL,NULL,NULL,NULL,NULL,NULL,NULL,325614,325615,
623,HANFORD BK 2,Fixed,Yes,Yes,Yes,0,703,55,IncludedIfOwner,Mva,On,On,1,On,On,1,1,85,85,100,85,100,100,.0001,.0002,NULL,NULL,NULL,NULL,Yes,NULL,NULL,NULL,327229,959,959,959,NULL,NULL,3,+,In/Out,Normal,NULL,10,211266,NULL,3,+,In/Out,Normal,NULL,11,211267,NULL,10,+,Out,Block,NULL,13,211263,NULL,NULL,NULL,NULL,NULL,NULL,NULL,NULL,NULL,NULL,NULL,NULL,NULL,NULL,NULL,NULL,NULL,NULL,NULL,NULL,NULL,NULL,NULL,NULL,NULL,NULL,NULL,NULL,NULL,NULL,NULL,NULL,NULL,NULL,NULL,NULL,NULL,NULL,NULL,NULL,NULL,NULL,327230,327231,
624,HANFORD BK 3,Fixed,Yes,Yes,Yes,1,706,63,IncludedIfOwner,Mva,On,On,1,On,On,1,1,85,85,100,85,100,100,.0001,.0002,NULL,NULL,NULL,NULL,Yes,NULL,NULL,NULL,327232,959,959,959,NULL,NULL,3,+,In/Out,Normal,NULL,10,211277,NULL,3,+,In/Out,Normal,NULL,11,211278,NULL,10,+,Out,Block,NULL,13,211274,NULL,NULL,NULL,NULL,NULL,NULL,NULL,NULL,NULL,NULL,NULL,NULL,NULL,NULL,NULL,NULL,NULL,NULL,NULL,NULL,NULL,NULL,NULL,NULL,NULL,NULL,NULL,NULL,NULL,NULL,NULL,NULL,NULL,NULL,NULL,NULL,NULL,NULL,NULL,NULL,NULL,NULL,327233,327234,
653,HOT SPR,Fixed,No,Yes,Yes,0,165,140,IncludedIfOwner,Mva,On,On,1,On,On,1,1,52.08,62,62,52.08,62,62,.0002,.0002,NULL,NULL,NULL,NULL,Yes,NULL,NULL,NULL,329297,823,823,823,NULL,NULL,NULL,NULL,NULL,NULL,NULL,NULL,NULL,NULL,NULL,NULL,NULL,NULL,NULL,NULL,NULL,NULL,NULL,NULL,NULL,NULL,NULL,NULL,NULL,NULL,NULL,NULL,NULL,NULL,NULL,NULL,NULL,NULL,10,+,In/Out,Normal,NULL,1,77595,NULL,10,+,Out,Block,NULL,1,77592,NULL,NULL,NULL,NULL,NULL,NULL,NULL,NULL,NULL,NULL,NULL,NULL,NULL,NULL,NULL,NULL,NULL,NULL,329298,329299,
654,MILPAS,Fixed,No,Yes,Yes,2,166,141,IncludedIfOwner,Mva,On,On,1,On,On,1,1,52.08,62,62,52.08,62,62,.0002,.0002,NULL,NULL,NULL,NULL,Yes,NULL,NULL,NULL,329300,823,823,823,NULL,NULL,NULL,NULL,NULL,NULL,NULL,NULL,NULL,NULL,NULL,NULL,NULL,NULL,NULL,NULL,NULL,NULL,NULL,NULL,NULL,NULL,NULL,NULL,NULL,NULL,NULL,NULL,NULL,NULL,NULL,NULL,NULL,NULL,10,+,In/Out,Normal,NULL,1,77570,NULL,10,+,Out,Block,NULL,1,77567,NULL,NULL,NULL,NULL,NULL,NULL,NULL,NULL,NULL,NULL,NULL,NULL,NULL,NULL,NULL,NULL,NULL,NULL,329301,329302,
655,STANWOO,Fixed,No,Yes,Yes,5,168,142,IncludedIfOwner,Mva,On,On,1,On,On,1,1,52.08,62,62,52.08,62,62,.0002,.0002,NULL,NULL,NULL,NULL,Yes,NULL,NULL,NULL,329303,823,823,823,NULL,NULL,NULL,NULL,NULL,NULL,NULL,NULL,NULL,NULL,NULL,NULL,NULL,NULL,NULL,NULL,NULL,NULL,NULL,NULL,NULL,NULL,NULL,NULL,NULL,NULL,NULL,NULL,NULL,NULL,NULL,NULL,NULL,NULL,10,+,In/Out,Normal,NULL,1,77590,NULL,10,+,Out,Block,NULL,1,77587,NULL,NULL,NULL,NULL,NULL,NULL,NULL,NULL,NULL,NULL,NULL,NULL,NULL,NULL,NULL,NULL,NULL,NULL,329304,329305,
656,TURNPIK,Fixed,No,Yes,Yes,4,167,143,IncludedIfOwner,Mva,On,On,1,On,On,1,1,52.08,62,62,52.08,62,62,.0002,.0002,NULL,NULL,NULL,NULL,Yes,NULL,NULL,NULL,329306,823,823,823,NULL,NULL,NULL,NULL,NULL,NULL,NULL,NULL,NULL,NULL,NULL,NULL,NULL,NULL,NULL,NULL,NULL,NULL,NULL,NULL,NULL,NULL,NULL,NULL,NULL,NULL,NULL,NULL,NULL,NULL,NULL,NULL,NULL,NULL,10,+,In/Out,Normal,NULL,1,77575,NULL,10,+,Out,Block,NULL,1,77572,NULL,NULL,NULL,NULL,NULL,NULL,NULL,NULL,NULL,NULL,NULL,NULL,NULL,NULL,NULL,NULL,NULL,NULL,329307,329308,
657,JAMESON,Fixed,No,Yes,Yes,1,164,144,IncludedIfOwner,Mva,On,On,1,On,On,1,1,52.08,62,62,52.08,62,62,.0002,.0002,NULL,NULL,NULL,NULL,Yes,NULL,NULL,NULL,329309,823,823,823,NULL,NULL,NULL,NULL,NULL,NULL,NULL,NULL,NULL,NULL,NULL,NULL,NULL,NULL,NULL,NULL,NULL,NULL,NULL,NULL,NULL,NULL,NULL,NULL,NULL,NULL,NULL,NULL,NULL,NULL,NULL,NULL,NULL,NULL,10,+,In/Out,Normal,NULL,1,77565,NULL,10,+,Out,Block,NULL,1,77562,NULL,NULL,NULL,NULL,NULL,NULL,NULL,NULL,NULL,NULL,NULL,NULL,NULL,NULL,NULL,NULL,NULL,NULL,329310,329311,
676,HI DESERT-PINTO,Fixed,No,Yes,Yes,1,4,204,IncludedIfOwner,Mva,Off,Off,1,Off,Off,1,1,37,48,48,37,48,48,.00001,.00011,NULL,NULL,NULL,NULL,Yes,NULL,NULL,NULL,329505,2043,2043,2043,NULL,NULL,NULL,NULL,NULL,NULL,NULL,NULL,NULL,NULL,NULL,NULL,NULL,NULL,NULL,NULL,NULL,NULL,NULL,NULL,NULL,NULL,NULL,NULL,NULL,NULL,NULL,NULL,NULL,NULL,NULL,NULL,NULL,NULL,3,+,Out,Block,NULL,1,208296,NULL,10,+,Out,Block,NULL,1,208293,NULL,NULL,NULL,NULL,NULL,NULL,NULL,NULL,NULL,NULL,NULL,NULL,NULL,NULL,NULL,NULL,NULL,NULL,329506,329507,
684,HANFORD B.T.,Fixed,No,Yes,Yes,2,129,130,IncludedIfOwner,Mva,On,On,1,On,On,1,1,110,122,122,110,122,122,.0001,.0002,NULL,NULL,NULL,NULL,Yes,NULL,NULL,NULL,327235,959,959,959,NULL,NULL,3,+,In/Out,Normal,NULL,10,211354,NULL,3,+,In/Out,Normal,NULL,11,211355,NULL,10,+,Out,Block,NULL,13,211351,NULL,NULL,NULL,NULL,NULL,NULL,NULL,NULL,NULL,NULL,NULL,NULL,NULL,NULL,NULL,NULL,NULL,NULL,NULL,NULL,NULL,NULL,NULL,NULL,NULL,NULL,NULL,NULL,NULL,NULL,NULL,NULL,NULL,NULL,NULL,NULL,NULL,NULL,NULL,NULL,NULL,NULL,327236,327237,
698,CABRILLO BK 4,Fixed,Yes,Yes,Yes,5,215,15,IncludedIfOwner,Mva,On,On,1,On,On,1,1,74,82,100,74,82,100,.0001,.0002,NULL,NULL,NULL,NULL,Yes,NULL,NULL,NULL,323924,157,157,157,NULL,NULL,3,+,In/Out,Normal,NULL,10,214958,NULL,3,+,In/Out,Normal,NULL,11,214959,NULL,10,+,Out,Block,NULL,13,214955,NULL,NULL,NULL,NULL,NULL,NULL,NULL,NULL,NULL,NULL,NULL,NULL,NULL,NULL,NULL,NULL,NULL,NULL,NULL,NULL,NULL,NULL,NULL,NULL,NULL,NULL,NULL,NULL,NULL,NULL,NULL,NULL,NULL,NULL,NULL,NULL,NULL,NULL,NULL,NULL,NULL,NULL,323925,323926,
712,HASKELL CAP 2 MTR,Fixed,No,Yes,Yes,12,605,614,IncludedIfOwner,Mva,On,On,1,On,On,1,1,100,115,135,100,115,135,.0001,.0002,NULL,NULL,NULL,NULL,Yes,NULL,NULL,NULL,NULL,3507,3507,3507,NULL,NULL,NULL,NULL,NULL,NULL,NULL,NULL,NULL,NULL,NULL,NULL,NULL,NULL,NULL,NULL,NULL,NULL,NULL,NULL,NULL,NULL,NULL,NULL,NULL,NULL,NULL,NULL,NULL,NULL,NULL,NULL,NULL,NULL,NULL,NULL,NULL,NULL,NULL,NULL,NULL,NULL,10!10!10,+!+!+,Out!Out!Out,Block!Block!Block,NULL!NULL!NULL,1!2!3,77250!77251!77252,NULL!NULL!NULL,NULL,NULL,NULL,NULL,NULL,NULL,NULL,NULL,NULL,NULL,NULL,NULL,NULL,NULL,NULL,NULL,NULL,NULL,NULL,
713,HASKELL CAP 3 MTR,Fixed,No,Yes,Yes,13,608,615,IncludedIfOwner,Mva,On,On,1,On,On,1,1,100,115,135,100,115,135,.0001,.0002,NULL,NULL,NULL,NULL,Yes,NULL,NULL,NULL,NULL,3507,3507,3507,NULL,NULL,NULL,NULL,NULL,NULL,NULL,NULL,NULL,NULL,NULL,NULL,NULL,NULL,NULL,NULL,NULL,NULL,NULL,NULL,NULL,NULL,NULL,NULL,NULL,NULL,NULL,NULL,NULL,NULL,NULL,NULL,NULL,NULL,NULL,NULL,NULL,NULL,NULL,NULL,NULL,NULL,10!10!10,+!+!+,Out!Out!Out,Block!Block!Block,NULL!NULL!NULL,1!2!3,77253!77254!77255,NULL!NULL!NULL,NULL,NULL,NULL,NULL,NULL,NULL,NULL,NULL,NULL,NULL,NULL,NULL,NULL,NULL,NULL,NULL,NULL,NULL,NULL,
714,HASKELL CAP 4 MTR,Fixed,No,Yes,Yes,14,611,616,IncludedIfOwner,Mva,On,On,1,On,On,1,1,100,115,135,100,115,135,.0001,.0002,NULL,NULL,NULL,NULL,Yes,NULL,NULL,NULL,NULL,3507,3507,3507,NULL,NULL,NULL,NULL,NULL,NULL,NULL,NULL,NULL,NULL,NULL,NULL,NULL,NULL,NULL,NULL,NULL,NULL,NULL,NULL,NULL,NULL,NULL,NULL,NULL,NULL,NULL,NULL,NULL,NULL,NULL,NULL,NULL,NULL,NULL,NULL,NULL,NULL,NULL,NULL,NULL,NULL,10!10!10,+!+!+,Out!Out!Out,Block!Block!Block,NULL!NULL!NULL,1!2!3,210923!210924!210925,NULL!NULL!NULL,NULL,NULL,NULL,NULL,NULL,NULL,NULL,NULL,NULL,NULL,NULL,NULL,NULL,NULL,NULL,NULL,NULL,NULL,NULL,
752,FAIRVIEW BK 1,Fixed,Yes,Yes,Yes,0,703,55,IncludedIfOwner,Mva,On,On,1,On,On,1,1,57.02,63.61,63.61,57.02,63.61,63.61,.0001,.0002,NULL,NULL,NULL,NULL,Yes,NULL,NULL,NULL,320448,161,161,161,NULL,NULL,3,+,In/Out,Normal,NULL,1,101704,NULL,3,+,In/Out,Normal,NULL,2,101705,NULL,10,+,Out,Block,NULL,13,101706,NULL,NULL,NULL,NULL,NULL,NULL,NULL,NULL,NULL,NULL,NULL,NULL,NULL,NULL,NULL,NULL,NULL,NULL,NULL,NULL,NULL,NULL,NULL,NULL,NULL,NULL,NULL,NULL,NULL,NULL,NULL,NULL,NULL,NULL,NULL,NULL,NULL,NULL,NULL,NULL,NULL,NULL,320449,320450,
753,FAIRVIEW BK 2,Fixed,Yes,Yes,Yes,1,706,63,IncludedIfOwner,Mva,On,On,1,On,On,1,1,66.35,74.01,74.01,66.35,74.01,74.01,.0001,.0002,NULL,NULL,NULL,NULL,Yes,NULL,NULL,NULL,320451,161,161,161,NULL,NULL,3,+,In/Out,Normal,NULL,1,101707,NULL,3,+,In/Out,Normal,NULL,2,101708,NULL,10,+,Out,Block,NULL,13,101709,NULL,NULL,NULL,NULL,NULL,NULL,NULL,NULL,NULL,NULL,NULL,NULL,NULL,NULL,NULL,NULL,NULL,NULL,NULL,NULL,NULL,NULL,NULL,NULL,NULL,NULL,NULL,NULL,NULL,NULL,NULL,NULL,NULL,NULL,NULL,NULL,NULL,NULL,NULL,NULL,NULL,NULL,320452,320453,
754,CABRILLO BK 1,Fixed,Yes,Yes,Yes,6,922,3,IncludedIfOwner,Mva,On,On,1,On,On,1,1,100,115,135,100,115,135,.0001,.0002,NULL,NULL,NULL,NULL,Yes,NULL,NULL,NULL,323927,157,157,157,NULL,NULL,3,+,In/Out,Normal,NULL,10,214936,NULL,3,+,In/Out,Normal,NULL,11,214937,NULL,10,+,Out,Block,NULL,13,214933,NULL,NULL,NULL,NULL,NULL,NULL,NULL,NULL,NULL,NULL,NULL,NULL,NULL,NULL,NULL,NULL,NULL,NULL,NULL,NULL,NULL,NULL,NULL,NULL,NULL,NULL,NULL,NULL,NULL,NULL,NULL,NULL,NULL,NULL,NULL,NULL,NULL,NULL,NULL,NULL,NULL,NULL,323928,323929,
755,CABRILLO BK 2,Fixed,Yes,Yes,Yes,0,912,5,IncludedIfOwner,Mva,On,On,1,On,On,1,1,100,115,135,100,115,135,.0001,.0002,NULL,NULL,NULL,NULL,Yes,NULL,NULL,NULL,323930,157,157,157,NULL,NULL,3,+,In/Out,Normal,NULL,10,214947,NULL,3,+,In/Out,Normal,NULL,11,214948,NULL,10,+,Out,Block,NULL,13,214944,NULL,NULL,NULL,NULL,NULL,NULL,NULL,NULL,NULL,NULL,NULL,NULL,NULL,NULL,NULL,NULL,NULL,NULL,NULL,NULL,NULL,NULL,NULL,NULL,NULL,NULL,NULL,NULL,NULL,NULL,NULL,NULL,NULL,NULL,NULL,NULL,NULL,NULL,NULL,NULL,NULL,NULL,323931,323932,
757,SANTA BARBARA BK 3,Fixed,Yes,Yes,Yes,3,157,7,IncludedIfOwner,Mva,On,On,1,On,On,1,1,100,115,135,100,115,135,.0001,.0002,NULL,NULL,NULL,NULL,Yes,NULL,NULL,NULL,329327,823,823,823,NULL,NULL,3,+,In/Out,Normal,NULL,10,77513,NULL,3,+,In/Out,Normal,NULL,11,77514,NULL,10,+,Out,Block,NULL,13,77510,NULL,NULL,NULL,NULL,NULL,NULL,NULL,NULL,NULL,NULL,NULL,NULL,NULL,NULL,NULL,NULL,NULL,NULL,NULL,NULL,NULL,NULL,NULL,NULL,NULL,NULL,NULL,NULL,NULL,NULL,NULL,NULL,NULL,NULL,NULL,NULL,NULL,NULL,NULL,NULL,NULL,NULL,329328,329329,
804,CASA DIAB 33 BT,Fixed,No,Yes,Yes,0,401,402,IncludedIfOwner,Mva,On,On,1,On,On,1,1,100,115,135,100,115,135,.0001,.0002,NULL,NULL,NULL,NULL,Yes,NULL,NULL,NULL,331138,506,506,506,NULL,NULL,NULL,NULL,NULL,NULL,NULL,NULL,NULL,NULL,NULL,NULL,NULL,NULL,NULL,NULL,NULL,NULL,NULL,NULL,NULL,NULL,NULL,NULL,NULL,NULL,NULL,NULL,NULL,NULL,NULL,NULL,NULL,NULL,3,-,In/Out,Normal,NULL,1,197977,NULL,10,+,Out,Block,NULL,1,197975,NULL,NULL,NULL,NULL,NULL,NULL,NULL,NULL,NULL,NULL,NULL,NULL,NULL,NULL,NULL,NULL,NULL,NULL,331139,331140,
805,CASA DIAB 12 BT,Fixed,No,Yes,Yes,0,202,203,IncludedIfOwner,Mva,On,On,1,On,On,1,1,100,115,135,100,115,135,.0001,.0002,NULL,NULL,NULL,NULL,Yes,NULL,NULL,NULL,331141,543,543,543,NULL,NULL,NULL,NULL,NULL,NULL,NULL,NULL,NULL,NULL,NULL,NULL,NULL,NULL,NULL,NULL,NULL,NULL,NULL,NULL,NULL,NULL,NULL,NULL,NULL,NULL,NULL,NULL,NULL,NULL,NULL,NULL,NULL,NULL,3,-,In/Out,Normal,NULL,1,198001,NULL,10,+,Out,Block,NULL,1,197998,NULL,NULL,NULL,NULL,NULL,NULL,NULL,NULL,NULL,NULL,NULL,NULL,NULL,NULL,NULL,NULL,NULL,NULL,331142,331143,
940,HANFOR CAP 1AB METER,Fixed,No,Yes,Yes,1,600,611,IncludedIfOwner,Mva,On,On,1,On,On,1,1,100,115,135,100,115,135,.0001,.000101,NULL,NULL,NULL,NULL,Yes,NULL,NULL,NULL,NULL,959,959,959,NULL,NULL,NULL,NULL,NULL,NULL,NULL,NULL,NULL,NULL,NULL,NULL,NULL,NULL,NULL,NULL,NULL,NULL,10,+,Out,Block,NULL,9,211315,NULL,NULL,NULL,NULL,NULL,NULL,NULL,NULL,NULL,NULL,NULL,NULL,NULL,NULL,NULL,NULL,NULL,NULL,NULL,NULL,NULL,NULL,NULL,NULL,NULL,NULL,NULL,NULL,NULL,NULL,NULL,NULL,NULL,NULL,NULL,NULL,NULL,NULL,NULL,NULL,NULL,NULL,NULL,NULL,
941,MOULTON BANK 3,Fixed,Yes,Yes,Yes,7,17,139,IncludedIfOwner,Mva,On,On,1,On,On,1,1,60,66,66,60,66,66,.0001,.0002,NULL,NULL,NULL,NULL,Yes,NULL,NULL,NULL,302480,4202,4202,4202,NULL,NULL,3,+,In/Out,Normal,NULL,10,192214,NULL,3,+,In/Out,Normal,NULL,11,192215,NULL,10,+,Out,Block,NULL,13,192211,NULL,NULL,NULL,NULL,NULL,NULL,NULL,NULL,NULL,NULL,NULL,NULL,NULL,NULL,NULL,NULL,NULL,NULL,NULL,NULL,NULL,NULL,NULL,NULL,NULL,NULL,NULL,NULL,NULL,NULL,NULL,NULL,NULL,NULL,NULL,NULL,NULL,NULL,NULL,NULL,NULL,NULL,302481,302482,
1001,MACARTHUR BK 1,Fixed,Yes,Yes,Yes,1,703,3,IncludedIfOwner,Mva,On,On,1,On,On,1,1,100,115,135,100,115,135,.0001,.0002,NULL,NULL,NULL,NULL,Yes,NULL,NULL,NULL,322482,1200,1200,1200,NULL,NULL,3,+,In/Out,Normal,NULL,480,223939,NULL,3,+,In/Out,Normal,NULL,4082,223940,NULL,10,+,Out,Block,NULL,13,223936,NULL,NULL,NULL,NULL,NULL,NULL,NULL,NULL,NULL,NULL,NULL,NULL,NULL,NULL,NULL,NULL,NULL,NULL,NULL,NULL,NULL,NULL,NULL,NULL,NULL,NULL,NULL,NULL,NULL,NULL,NULL,NULL,NULL,NULL,NULL,NULL,NULL,NULL,NULL,NULL,NULL,NULL,322483,322484,
1002,MACARTHUR BK 3,Fixed,Yes,Yes,Yes,3,706,13,IncludedIfOwner,Mva,On,On,1,On,On,1,1,100,115,135,100,115,135,.0001,.0002,NULL,NULL,NULL,NULL,Yes,NULL,NULL,NULL,322485,1200,1200,1200,NULL,NULL,3,+,In/Out,Normal,NULL,280,223950,NULL,3,+,In/Out,Normal,NULL,82,223951,NULL,10,+,Out,Block,NULL,13,223947,NULL,NULL,NULL,NULL,NULL,NULL,NULL,NULL,NULL,NULL,NULL,NULL,NULL,NULL,NULL,NULL,NULL,NULL,NULL,NULL,NULL,NULL,NULL,NULL,NULL,NULL,NULL,NULL,NULL,NULL,NULL,NULL,NULL,NULL,NULL,NULL,NULL,NULL,NULL,NULL,NULL,NULL,322486,322487,
1003,MACARTHUR TIE,Fixed,No,Yes,Yes,2,180,9,IncludedIfOwner,Mva,On,On,1,On,On,1,1,100,115,135,100,115,135,.0001,.0002,NULL,NULL,NULL,NULL,Yes,NULL,NULL,NULL,322488,1200,1200,1200,NULL,NULL,3,+,In/Out,Normal,NULL,1,224019,NULL,3,+,In/Out,Normal,NULL,2,224020,NULL,10,+,Out,Block,NULL,3,224016,NULL,NULL,NULL,NULL,NULL,NULL,NULL,NULL,NULL,NULL,NULL,NULL,NULL,NULL,NULL,NULL,NULL,NULL,NULL,NULL,NULL,NULL,NULL,NULL,NULL,NULL,NULL,NULL,NULL,NULL,NULL,NULL,NULL,NULL,NULL,NULL,NULL,NULL,NULL,NULL,NULL,NULL,322489,322490,
1004,MACARTHUR PAR,Fixed,No,Yes,Yes,4,181,105,IncludedIfOwner,Mva,On,On,1,On,On,1,1,100,115,135,100,115,135,.0001,.0002,NULL,NULL,NULL,NULL,Yes,NULL,NULL,NULL,322491,1200,1200,1200,NULL,NULL,NULL,NULL,NULL,NULL,NULL,NULL,NULL,NULL,NULL,NULL,NULL,NULL,NULL,NULL,NULL,NULL,10,+,Out,Block,NULL,1,223959,NULL,NULL,NULL,NULL,NULL,NULL,NULL,NULL,NULL,NULL,NULL,NULL,NULL,NULL,NULL,NULL,NULL,NULL,NULL,NULL,NULL,NULL,NULL,NULL,NULL,NULL,NULL,NULL,NULL,NULL,NULL,NULL,NULL,NULL,NULL,NULL,NULL,NULL,NULL,NULL,NULL,NULL,322492,322493,
1183,HIGHLAND BK 2,Fixed,Yes,Yes,Yes,0,703,55,IncludedIfOwner,Mva,On,On,1,On,On,1,1,100,115,135,100,115,135,.0001,.0002,NULL,NULL,NULL,NULL,Yes,NULL,NULL,NULL,323144,3212,3212,3212,NULL,NULL,3,+,In/Out,Normal,NULL,10,206456,NULL,3,+,In/Out,Normal,NULL,11,206457,NULL,10,+,Out,Block,NULL,13,206453,NULL,NULL,NULL,NULL,NULL,NULL,NULL,NULL,NULL,NULL,NULL,NULL,NULL,NULL,NULL,NULL,NULL,NULL,NULL,NULL,NULL,NULL,NULL,NULL,NULL,NULL,NULL,NULL,NULL,NULL,NULL,NULL,NULL,NULL,NULL,NULL,NULL,NULL,NULL,NULL,NULL,NULL,323145,323146,
1184,HIGHLAND BK 3,Fixed,Yes,Yes,Yes,1,706,63,IncludedIfOwner,Mva,On,On,1,On,On,1,1,100,115,135,100,115,135,.0001,.0002,NULL,NULL,NULL,NULL,Yes,NULL,NULL,NULL,323147,3212,3212,3212,NULL,NULL,3,+,In/Out,Normal,NULL,10,206445,NULL,3,+,In/Out,Normal,NULL,11,206446,NULL,10,+,Out,Block,NULL,13,206442,NULL,NULL,NULL,NULL,NULL,NULL,NULL,NULL,NULL,NULL,NULL,NULL,NULL,NULL,NULL,NULL,NULL,NULL,NULL,NULL,NULL,NULL,NULL,NULL,NULL,NULL,NULL,NULL,NULL,NULL,NULL,NULL,NULL,NULL,NULL,NULL,NULL,NULL,NULL,NULL,NULL,NULL,323148,323149,
1245,ALESSANDRO BK 4,Fixed,Yes,Yes,Yes,1,703,58,IncludedIfOwner,Mva,On,On,1,On,On,1,1,100,115,135,100,115,135,.0001,.0002,NULL,NULL,NULL,NULL,Yes,NULL,NULL,NULL,320679,3275,3275,3275,NULL,NULL,3,+,In/Out,Normal,NULL,10,206289,NULL,3,+,In/Out,Normal,NULL,11,206290,NULL,10,+,Out,Block,NULL,13,206285,NULL,NULL,NULL,NULL,NULL,NULL,NULL,NULL,NULL,NULL,NULL,NULL,NULL,NULL,NULL,NULL,NULL,NULL,NULL,NULL,NULL,NULL,NULL,NULL,NULL,NULL,NULL,NULL,NULL,NULL,NULL,NULL,NULL,NULL,NULL,NULL,NULL,NULL,NULL,NULL,NULL,NULL,320680,320681,
1246,ALESSANDRO BK 5,Fixed,Yes,Yes,Yes,0,706,64,IncludedIfOwner,Mva,On,On,1,On,On,1,1,100,115,135,100,115,135,.0001,.0002,NULL,NULL,NULL,NULL,Yes,NULL,NULL,NULL,320682,3275,3275,3275,NULL,NULL,3,+,In/Out,Normal,NULL,10,206275,NULL,3,+,In/Out,Normal,NULL,11,206276,NULL,10,+,Out,Block,NULL,13,206271,NULL,NULL,NULL,NULL,NULL,NULL,NULL,NULL,NULL,NULL,NULL,NULL,NULL,NULL,NULL,NULL,NULL,NULL,NULL,NULL,NULL,NULL,NULL,NULL,NULL,NULL,NULL,NULL,NULL,NULL,NULL,NULL,NULL,NULL,NULL,NULL,NULL,NULL,NULL,NULL,NULL,NULL,320683,320684,
1252,BORREGO BK 2,Fixed,Yes,Yes,Yes,0,703,53,IncludedIfOwner,Mva,On,On,1,On,On,1,1,100,115,135,100,115,135,.0001,.0002,NULL,NULL,NULL,NULL,Yes,NULL,NULL,NULL,320607,3286,3286,3286,NULL,NULL,3,+,In/Out,Normal,NULL,10,112641,NULL,3,+,In/Out,Normal,NULL,11,112642,NULL,10,+,Out,Block,NULL,13,112637,NULL,NULL,NULL,NULL,NULL,NULL,NULL,NULL,NULL,NULL,NULL,NULL,NULL,NULL,NULL,NULL,NULL,NULL,NULL,NULL,NULL,NULL,NULL,NULL,NULL,NULL,NULL,NULL,NULL,NULL,NULL,NULL,NULL,NULL,NULL,NULL,NULL,NULL,NULL,NULL,NULL,NULL,320608,320609,
1263,SAWTELLE BK 1,Fixed,Yes,Yes,Yes,1,703,52,IncludedIfOwner,Mva,On,On,1,On,On,1,1,100,115,135,100,115,135,.0001,.0002,NULL,NULL,NULL,NULL,Yes,NULL,NULL,NULL,323388,3290,3290,3290,NULL,NULL,3,+,In/Out,Normal,NULL,10,113227,NULL,3,+,In/Out,Normal,NULL,11,113228,NULL,10,+,Out,Block,NULL,13,113223,NULL,NULL,NULL,NULL,NULL,NULL,NULL,NULL,NULL,NULL,NULL,NULL,NULL,NULL,NULL,NULL,NULL,NULL,NULL,NULL,NULL,NULL,NULL,NULL,NULL,NULL,NULL,NULL,NULL,NULL,NULL,NULL,NULL,NULL,NULL,NULL,NULL,NULL,NULL,NULL,NULL,NULL,323389,323390,
1264,SAWTELLE BK 2,Fixed,Yes,Yes,Yes,0,706,56,IncludedIfOwner,Mva,On,On,1,On,On,1,1,100,115,135,100,115,135,.0001,.0002,NULL,NULL,NULL,NULL,Yes,NULL,NULL,NULL,323391,3290,3290,3290,NULL,NULL,3,+,In/Out,Normal,NULL,10,113238,NULL,3,+,In/Out,Normal,NULL,11,113239,NULL,10,+,Out,Block,NULL,13,113234,NULL,NULL,NULL,NULL,NULL,NULL,NULL,NULL,NULL,NULL,NULL,NULL,NULL,NULL,NULL,NULL,NULL,NULL,NULL,NULL,NULL,NULL,NULL,NULL,NULL,NULL,NULL,NULL,NULL,NULL,NULL,NULL,NULL,NULL,NULL,NULL,NULL,NULL,NULL,NULL,NULL,NULL,323392,323393,
1269,IRVINE BK 2,Fixed,Yes,Yes,Yes,1,703,5,IncludedIfOwner,Mva,On,On,1,On,On,1,1,100,115,115,100,115,115,.0001,.0002,NULL,NULL,NULL,NULL,Yes,NULL,NULL,NULL,322494,3297,3297,3297,NULL,NULL,3,+,In/Out,Normal,NULL,10,129995,NULL,3,+,In/Out,Normal,NULL,11,129996,NULL,10,+,Out,Block,NULL,13,129992,NULL,NULL,NULL,NULL,NULL,NULL,NULL,NULL,NULL,NULL,NULL,NULL,NULL,NULL,NULL,NULL,NULL,NULL,NULL,NULL,NULL,NULL,NULL,NULL,NULL,NULL,NULL,NULL,NULL,NULL,NULL,NULL,NULL,NULL,NULL,NULL,NULL,NULL,NULL,NULL,NULL,NULL,322495,322496,
1270,IRVINE BK 1,Fixed,Yes,Yes,Yes,0,706,11,IncludedIfOwner,Mva,On,On,1,On,On,1,1,100,115,115,100,115,115,.0001,.0002,NULL,NULL,NULL,NULL,Yes,NULL,NULL,NULL,322497,3297,3297,3297,NULL,NULL,3,+,In/Out,Normal,NULL,10,130006,NULL,3,+,In/Out,Normal,NULL,11,130007,NULL,10,+,Out,Block,NULL,13,130003,NULL,NULL,NULL,NULL,NULL,NULL,NULL,NULL,NULL,NULL,NULL,NULL,NULL,NULL,NULL,NULL,NULL,NULL,NULL,NULL,NULL,NULL,NULL,NULL,NULL,NULL,NULL,NULL,NULL,NULL,NULL,NULL,NULL,NULL,NULL,NULL,NULL,NULL,NULL,NULL,NULL,NULL,322498,322499,
1281,SKYLARK BK 2,Fixed,Yes,Yes,Yes,1,703,54,IncludedIfOwner,Mva,On,On,1,On,On,1,1,100,115,135,100,115,135,.0001,.0002,NULL,NULL,NULL,NULL,Yes,NULL,NULL,NULL,320565,3303,3303,3303,NULL,NULL,3,+,In/Out,Normal,NULL,10,204849,NULL,3,+,In/Out,Normal,NULL,11,204850,NULL,10,+,Out,Block,NULL,13,204845,NULL,NULL,NULL,NULL,NULL,NULL,NULL,NULL,NULL,NULL,NULL,NULL,NULL,NULL,NULL,NULL,NULL,NULL,NULL,NULL,NULL,NULL,NULL,NULL,NULL,NULL,NULL,NULL,NULL,NULL,NULL,NULL,NULL,NULL,NULL,NULL,NULL,NULL,NULL,NULL,NULL,NULL,320566,320567,
1282,SKYLARK BK 1,Fixed,Yes,Yes,Yes,0,706,64,IncludedIfOwner,Mva,On,On,1,On,On,1,1,100,115,135,100,115,135,.0001,.0002,NULL,NULL,NULL,NULL,Yes,NULL,NULL,NULL,320568,3303,3303,3303,NULL,NULL,3,+,In/Out,Normal,NULL,10,204863,NULL,3,+,In/Out,Normal,NULL,11,204864,NULL,10,+,Out,Block,NULL,13,204859,NULL,NULL,NULL,NULL,NULL,NULL,NULL,NULL,NULL,NULL,NULL,NULL,NULL,NULL,NULL,NULL,NULL,NULL,NULL,NULL,NULL,NULL,NULL,NULL,NULL,NULL,NULL,NULL,NULL,NULL,NULL,NULL,NULL,NULL,NULL,NULL,NULL,NULL,NULL,NULL,NULL,NULL,320569,320570,
1299,CAMDEN BK 2,Fixed,Yes,Yes,Yes,0,703,54,IncludedIfOwner,Mva,On,On,1,On,On,1,1,100,115,135,100,115,135,.0001,.0002,NULL,NULL,NULL,NULL,Yes,NULL,NULL,NULL,320397,3311,3311,3311,NULL,NULL,3,+,In/Out,Normal,NULL,10,125390,NULL,3,+,In/Out,Normal,NULL,11,125391,NULL,10,+,Out,Block,NULL,13,125387,NULL,NULL,NULL,NULL,NULL,NULL,NULL,NULL,NULL,NULL,NULL,NULL,NULL,NULL,NULL,NULL,NULL,NULL,NULL,NULL,NULL,NULL,NULL,NULL,NULL,NULL,NULL,NULL,NULL,NULL,NULL,NULL,NULL,NULL,NULL,NULL,NULL,NULL,NULL,NULL,NULL,NULL,320395,320396,
1443,CAJALCO BK 1,Fixed,Yes,Yes,Yes,70,703,55,IncludedIfOwner,Mva,On,On,1,On,On,1,1,100,115,135,100,115,135,.0001,.0002,NULL,NULL,NULL,NULL,Yes,NULL,NULL,NULL,320518,3465,3465,3465,NULL,NULL,3,+,In/Out,Normal,NULL,10,210702,NULL,3,+,In/Out,Normal,NULL,11,210703,NULL,10,+,Out,Block,NULL,13,210698,NULL,NULL,NULL,NULL,NULL,NULL,NULL,NULL,NULL,NULL,NULL,NULL,NULL,NULL,NULL,NULL,NULL,NULL,NULL,NULL,NULL,NULL,NULL,NULL,NULL,NULL,NULL,NULL,NULL,NULL,NULL,NULL,NULL,NULL,NULL,NULL,NULL,NULL,NULL,NULL,NULL,NULL,320519,320520,
1460,TELEGRAPH BK 1,Fixed,Yes,Yes,Yes,23,703,54,IncludedIfOwner,Mva,On,On,1,On,On,1,1,100,115,135,100,115,135,.0001,.0002,NULL,NULL,NULL,NULL,Yes,NULL,NULL,NULL,323863,3494,3494,3494,NULL,NULL,3,+,In/Out,Normal,NULL,10,138160,NULL,3,+,In/Out,Normal,NULL,11,138161,NULL,10,+,Out,Block,NULL,13,138156,NULL,NULL,NULL,NULL,NULL,NULL,NULL,NULL,NULL,NULL,NULL,NULL,NULL,NULL,NULL,NULL,NULL,NULL,NULL,NULL,NULL,NULL,NULL,NULL,NULL,NULL,NULL,NULL,NULL,NULL,NULL,NULL,NULL,NULL,NULL,NULL,NULL,NULL,NULL,NULL,NULL,NULL,323864,323865,
1461,TELEGRAPH BK 2,Fixed,Yes,Yes,Yes,33,706,62,IncludedIfOwner,Mva,On,On,1,On,On,1,1,100,115,135,100,115,135,.0001,.0002,NULL,NULL,NULL,NULL,Yes,NULL,NULL,NULL,323866,3494,3494,3494,NULL,NULL,3,+,In/Out,Normal,NULL,10,138172,NULL,3,+,In/Out,Normal,NULL,11,138173,NULL,10,+,Out,Block,NULL,13,138168,NULL,NULL,NULL,NULL,NULL,NULL,NULL,NULL,NULL,NULL,NULL,NULL,NULL,NULL,NULL,NULL,NULL,NULL,NULL,NULL,NULL,NULL,NULL,NULL,NULL,NULL,NULL,NULL,NULL,NULL,NULL,NULL,NULL,NULL,NULL,NULL,NULL,NULL,NULL,NULL,NULL,NULL,323867,323868,
1467,CHESTNUT BK 1,Fixed,Yes,Yes,Yes,10,703,55,IncludedIfOwner,Mva,On,On,1,On,On,1,1,100,115,135,100,115,135,.0001,.0002,NULL,NULL,NULL,NULL,Yes,NULL,NULL,NULL,320413,3489,3489,3489,NULL,NULL,3,+,In/Out,Normal,NULL,10,211688,NULL,3,+,In/Out,Normal,NULL,27,211689,NULL,10,+,Out,Block,NULL,13,211685,NULL,NULL,NULL,NULL,NULL,NULL,NULL,NULL,NULL,NULL,NULL,NULL,NULL,NULL,NULL,NULL,NULL,NULL,NULL,NULL,NULL,NULL,NULL,NULL,NULL,NULL,NULL,NULL,NULL,NULL,NULL,NULL,NULL,NULL,NULL,NULL,NULL,NULL,NULL,NULL,NULL,NULL,320414,320415,
1468,CHESTNUT BK 2,Fixed,Yes,Yes,Yes,11,706,61,IncludedIfOwner,Mva,On,On,1,On,On,1,1,100,115,135,100,115,135,.0001,.0002,NULL,NULL,NULL,NULL,Yes,NULL,NULL,NULL,320416,3489,3489,3489,NULL,NULL,3,+,In/Out,Normal,NULL,10,211699,NULL,3,+,In/Out,Normal,NULL,27,211700,NULL,10,+,Out,Block,NULL,13,211696,NULL,NULL,NULL,NULL,NULL,NULL,NULL,NULL,NULL,NULL,NULL,NULL,NULL,NULL,NULL,NULL,NULL,NULL,NULL,NULL,NULL,NULL,NULL,NULL,NULL,NULL,NULL,NULL,NULL,NULL,NULL,NULL,NULL,NULL,NULL,NULL,NULL,NULL,NULL,NULL,NULL,NULL,320417,320418,
1472,NELSON BK 2,Fixed,Yes,Yes,Yes,10,703,61,IncludedIfOwner,Mva,On,On,1,On,On,1,1,100,115,135,100,115,135,.0001,.0002,NULL,NULL,NULL,NULL,Yes,NULL,NULL,NULL,321188,3439,3439,3439,NULL,NULL,3,+,In/Out,Normal,NULL,18,205856,NULL,3,+,In/Out,Normal,NULL,29,205857,NULL,10,+,Out,Block,NULL,13,205853,NULL,NULL,NULL,NULL,NULL,NULL,NULL,NULL,NULL,NULL,NULL,NULL,NULL,NULL,NULL,NULL,NULL,NULL,NULL,NULL,NULL,NULL,NULL,NULL,NULL,NULL,NULL,NULL,NULL,NULL,NULL,NULL,NULL,NULL,NULL,NULL,NULL,NULL,NULL,NULL,NULL,NULL,321189,321190,
1479,HASKELL BK 1,Fixed,Yes,Yes,Yes,20,703,60,IncludedIfOwner,Mva,On,On,1,On,On,1,1,100,115,135,100,115,135,.0001,.0002,NULL,NULL,NULL,NULL,Yes,NULL,NULL,NULL,329101,3507,3507,3507,NULL,NULL,3,+,In/Out,Normal,NULL,10,77237,NULL,3,+,In/Out,Normal,NULL,11,77238,NULL,10,+,Out,Block,NULL,13,77234,NULL,NULL,NULL,NULL,NULL,NULL,NULL,NULL,NULL,NULL,NULL,NULL,NULL,NULL,NULL,NULL,NULL,NULL,NULL,NULL,NULL,NULL,NULL,NULL,NULL,NULL,NULL,NULL,NULL,NULL,NULL,NULL,NULL,NULL,NULL,NULL,NULL,NULL,NULL,NULL,NULL,NULL,329102,329103,
1480,HASKELL BK 2,Fixed,Yes,Yes,Yes,40,706,54,IncludedIfOwner,Mva,On,On,1,On,On,1,1,100,115,135,100,115,135,.0001,.0002,NULL,NULL,NULL,NULL,Yes,NULL,NULL,NULL,329104,3507,3507,3507,NULL,NULL,3,+,In/Out,Normal,NULL,10,77226,NULL,3,+,In/Out,Normal,NULL,11,77227,NULL,10,+,Out,Block,NULL,13,77223,NULL,NULL,NULL,NULL,NULL,NULL,NULL,NULL,NULL,NULL,NULL,NULL,NULL,NULL,NULL,NULL,NULL,NULL,NULL,NULL,NULL,NULL,NULL,NULL,NULL,NULL,NULL,NULL,NULL,NULL,NULL,NULL,NULL,NULL,NULL,NULL,NULL,NULL,NULL,NULL,NULL,NULL,329105,329106,
1481,VICTOR BK 8,Fixed,Yes,Yes,Yes,1,703,8,IncludedIfOwner,Mva,On,On,1,On,On,1,1,100,115,135,100,115,135,.0001,.0002,NULL,NULL,NULL,NULL,Yes,NULL,NULL,NULL,331050,3522,3522,3522,NULL,NULL,3,+,In/Out,Normal,NULL,10,203615,NULL,3,+,In/Out,Normal,NULL,11,203616,NULL,10,+,Out,Block,NULL,13,203612,NULL,NULL,NULL,NULL,NULL,NULL,NULL,NULL,NULL,NULL,NULL,NULL,NULL,NULL,NULL,NULL,NULL,NULL,NULL,NULL,NULL,NULL,NULL,NULL,NULL,NULL,NULL,NULL,NULL,NULL,NULL,NULL,NULL,NULL,NULL,NULL,NULL,NULL,NULL,NULL,NULL,NULL,331051,331052,
1482,VICTOR BK 7,Fixed,Yes,Yes,Yes,59,706,4,IncludedIfOwner,Mva,On,On,1,On,On,1,1,100,115,135,100,115,135,.0001,.0002,NULL,NULL,NULL,NULL,Yes,NULL,NULL,NULL,331053,3522,3522,3522,NULL,NULL,3,+,In/Out,Normal,NULL,10,203602,NULL,3,+,In/Out,Normal,NULL,11,203603,NULL,10,+,Out,Block,NULL,13,203599,NULL,NULL,NULL,NULL,NULL,NULL,NULL,NULL,NULL,NULL,NULL,NULL,NULL,NULL,NULL,NULL,NULL,NULL,NULL,NULL,NULL,NULL,NULL,NULL,NULL,NULL,NULL,NULL,NULL,NULL,NULL,NULL,NULL,NULL,NULL,NULL,NULL,NULL,NULL,NULL,NULL,NULL,331054,331055,
1486,JOHANNA BK 8,Fixed,Yes,Yes,Yes,58,706,64,IncludedIfOwner,Mva,On,On,1,On,On,1,1,100,115,135,100,115,135,.0001,.0002,NULL,NULL,NULL,NULL,Yes,NULL,NULL,NULL,311726,3527,3527,3527,NULL,NULL,3,+,In/Out,Normal,NULL,10,210181,NULL,3,+,In/Out,Normal,NULL,11,210182,NULL,10,+,Out,Block,NULL,13,210178,NULL,NULL,NULL,NULL,NULL,NULL,NULL,NULL,NULL,NULL,NULL,NULL,NULL,NULL,NULL,NULL,NULL,NULL,NULL,NULL,NULL,NULL,NULL,NULL,NULL,NULL,NULL,NULL,NULL,NULL,NULL,NULL,NULL,NULL,NULL,NULL,NULL,NULL,NULL,NULL,NULL,NULL,311727,311728,
