DeviceName,SwitchGroupName,PhaseCode,ConnectedNode1,ConnectedNode2,ConnectedNode3,AlarmEnabled,SuppressActAlm,SuppressHisAlm,OptCont,OptLoadTran,BreakpointSwitch,AutoProtectionSwitch,SwitchTypeName,Ganged,NormalState,OpenState,CloseState,OtherState,NormalStateA,NormalStateB,NormalStateC,SubstationName,FeederName,AORRefName,VoltageLimitName
COMPTON CAP 1_DISC_101,EMS,ABC,en_255611,en_255611_SH,NULL,N,Y,Y,N,Y,N,N,DISC_4.0_EMS,NULL,Closed,Open,Closed,NULL,NULL,NULL,NULL,,NULL,All,NULL
COMPTON CAP 2_DISC_102,EMS,ABC,en_255621,en_255621_SH,NULL,N,Y,Y,N,Y,N,N,DISC_4.0_EMS,NULL,Closed,Open,Closed,NULL,NULL,NULL,NULL,,NULL,All,NULL
NO.1 CAPS 16KV CB_103,EMS,ABC,en_257611,en_257611_SH,NULL,N,Y,Y,N,Y,N,N,CB_16.0_EMS,NULL,,Open,Closed,NULL,NULL,NULL,NULL,,NULL,All,NULL
NO.2 CAPS 16KV CB_104,EMS,ABC,en_257621,en_257621_SH,NULL,N,Y,Y,N,Y,N,N,CB_16.0_EMS,NULL,,Open,Closed,NULL,NULL,NULL,NULL,,NULL,All,NULL
NO.1 CAPS 16KV CB_105,EMS,ABC,en_262119,en_262119_SH,NULL,N,Y,Y,N,Y,N,N,CB_16.0_EMS,NULL,,Open,Closed,NULL,NULL,NULL,NULL,,NULL,All,NULL
NO.1 CAPS CB_106,EMS,ABC,en_264611,en_264611_SH,NULL,N,Y,Y,N,Y,N,N,CB_4.0_EMS,NULL,,Open,Closed,NULL,NULL,NULL,NULL,,NULL,All,NULL
NO.2 CAPS CB_107,EMS,ABC,en_264621,en_264621_SH,NULL,N,Y,Y,N,Y,N,N,CB_4.0_EMS,NULL,,Open,Closed,NULL,NULL,NULL,NULL,,NULL,All,NULL
SIGNAL HILL CAP 1_DISC_109,EMS,ABC,en_281612,en_281612_SH,NULL,N,Y,Y,N,Y,N,N,DISC_12.0_EMS,NULL,Closed,Open,Closed,NULL,NULL,NULL,NULL,,NULL,All,NULL
SUNNYSIDE CAP 1_DISC_110,EMS,ABC,en_284612,en_284612_SH,NULL,N,Y,Y,N,Y,N,N,DISC_12.0_EMS,NULL,Closed,Open,Closed,NULL,NULL,NULL,NULL,,NULL,All,NULL
SUNNYSIDE CAP 2_DISC_111,EMS,ABC,en_284622,en_284622_SH,NULL,N,Y,Y,N,Y,N,N,DISC_12.0_EMS,NULL,Closed,Open,Closed,NULL,NULL,NULL,NULL,,NULL,All,NULL
SUNNYSIDE CAP 4_DISC_112,EMS,ABC,en_285123,en_285123_SH,NULL,N,Y,Y,N,Y,N,N,DISC_4.0_EMS,NULL,Closed,Open,Closed,NULL,NULL,NULL,NULL,,NULL,All,NULL
SUNNYSIDE CAP 3_DISC_113,EMS,ABC,en_285125,en_285125_SH,NULL,N,Y,Y,N,Y,N,N,DISC_4.0_EMS,NULL,Closed,Open,Closed,NULL,NULL,NULL,NULL,,NULL,All,NULL
PEDLEY CAP 1_DISC_241,EMS,ABC,en_601611,en_601611_SH,NULL,N,Y,Y,N,Y,N,N,DISC_12.0_EMS,NULL,Closed,Open,Closed,NULL,NULL,NULL,NULL,,NULL,All,NULL
PEDLEY CAP 2_DISC_242,EMS,ABC,en_601621,en_601621_SH,NULL,N,Y,Y,N,Y,N,N,DISC_12.0_EMS,NULL,Closed,Open,Closed,NULL,NULL,NULL,NULL,,NULL,All,NULL
COTTONWOOD CAP 1_DISC_275,EMS,ABC,en_3505603,en_3505603_SH,NULL,N,Y,Y,N,Y,N,N,DISC_33.0_EMS,NULL,Closed,Open,Closed,NULL,NULL,NULL,NULL,,NULL,All,NULL
NO.1 CAP 16KV SW CB_320,EMS,ABC,en_790101,en_790101_SH,NULL,N,Y,Y,N,Y,N,N,CB_16.0_EMS,NULL,,Open,Closed,NULL,NULL,NULL,NULL,,NULL,All,NULL
NO.1 CAP 16KV CB_326,EMS,ABC,en_800601,en_800601_SH,NULL,N,Y,Y,N,Y,N,N,CB_16.0_EMS,NULL,,Open,Closed,NULL,NULL,NULL,NULL,,NULL,All,NULL
NO.8 CAPS SW_422,EMS,ABC,en_1536681,en_1536681_SH,NULL,N,Y,Y,N,Y,N,N,DISC_12.0_EMS,NULL,,Open,Closed,NULL,NULL,NULL,NULL,,NULL,All,NULL
NO.1 CAPS CB_445,EMS,ABC,en_1185601,en_1185601_SH,NULL,N,Y,Y,N,Y,N,N,CB_4.0_EMS,NULL,,Open,Closed,NULL,NULL,NULL,NULL,,NULL,All,NULL
NO.1 CAP BK CB_625,EMS,ABC,en_252612,en_252612_SH,NULL,N,Y,Y,N,Y,N,N,CB_16.0_EMS,NULL,,Open,Closed,NULL,NULL,NULL,NULL,,NULL,All,NULL
NO.2 CAP BK SW_626,EMS,ABC,en_252621,en_252621_SH,NULL,N,Y,Y,N,Y,N,N,DISC_16.0_EMS,NULL,,Open,Closed,NULL,NULL,NULL,NULL,,NULL,All,NULL
NO.3 CAPS CB_691,EMS,ABC,en_4301151,en_4301151_SH,NULL,N,Y,Y,N,Y,N,N,CB_12.0_EMS,NULL,,Open,Closed,NULL,NULL,NULL,NULL,,NULL,All,NULL
NO.1B CAP 16KV CB_715,EMS,ABC,en_2038797,en_2038797_SH,NULL,N,Y,Y,N,Y,N,N,CB_16.0_EMS,NULL,,Open,Closed,NULL,NULL,NULL,NULL,,NULL,All,NULL
NO.2B CAP 16KV CB_716,EMS,ABC,en_2038898,en_2038898_SH,NULL,N,Y,Y,N,Y,N,N,CB_16.0_EMS,NULL,,Open,Closed,NULL,NULL,NULL,NULL,,NULL,All,NULL
NO.3 CAPS CB_738,EMS,ABC,en_3571609,en_3571609_SH,NULL,N,Y,Y,N,Y,N,N,CB_12.0_EMS,NULL,,Open,Closed,NULL,NULL,NULL,NULL,,NULL,All,NULL
NO.4 CAPS CB_742,EMS,ABC,en_3039130,en_3039130_SH,NULL,N,Y,Y,N,Y,N,N,CB_16.0_EMS,NULL,,Open,Closed,NULL,NULL,NULL,NULL,,NULL,All,NULL
CALECTRIC CAP 1_DISC_784,EMS,ABC,en_1542603,en_1542603_SH,NULL,N,Y,Y,N,Y,N,N,DISC_33.0_EMS,NULL,Closed,Open,Closed,NULL,NULL,NULL,NULL,,NULL,All,NULL
CALECTRIC CAP 2_DISC_785,EMS,ABC,en_1542606,en_1542606_SH,NULL,N,Y,Y,N,Y,N,N,DISC_33.0_EMS,NULL,Closed,Open,Closed,NULL,NULL,NULL,NULL,,NULL,All,NULL
COTTONWOOD CAP 2_DISC_786,EMS,ABC,en_3505605,en_3505605_SH,NULL,N,Y,Y,N,Y,N,N,DISC_33.0_EMS,NULL,Closed,Open,Closed,NULL,NULL,NULL,NULL,,NULL,All,NULL
SANTIAGO CAP 10_DISC_791,EMS,ABC,en_1573614,en_1573614_SH,NULL,N,Y,Y,N,Y,N,N,DISC_33.0_EMS,NULL,Closed,Open,Closed,NULL,NULL,NULL,NULL,,NULL,All,NULL
SANTIAGO CAP 11_DISC_792,EMS,ABC,en_1573613,en_1573613_SH,NULL,N,Y,Y,N,Y,N,N,DISC_33.0_EMS,NULL,Closed,Open,Closed,NULL,NULL,NULL,NULL,,NULL,All,NULL
NO.1 CAPS 12KV CB_804,EMS,ABC,en_390115,en_390115_SH,NULL,N,Y,Y,N,Y,N,N,CB_12.0_EMS,NULL,,Open,Closed,NULL,NULL,NULL,NULL,,NULL,All,NULL
NO.2 CAPS 12KV CB_805,EMS,ABC,en_390113,en_390113_SH,NULL,N,Y,Y,N,Y,N,N,CB_12.0_EMS,NULL,,Open,Closed,NULL,NULL,NULL,NULL,,NULL,All,NULL
EISENHOWER CAP 1_DISC_891,EMS,ABC,en_3406114,en_3406114_SH,NULL,N,Y,Y,N,Y,N,N,DISC_33.0_EMS,NULL,Closed,Open,Closed,NULL,NULL,NULL,NULL,,NULL,All,NULL
EISENHOWER CAP 2_DISC_892,EMS,ABC,en_3406115,en_3406115_SH,NULL,N,Y,Y,N,Y,N,N,DISC_33.0_EMS,NULL,Closed,Open,Closed,NULL,NULL,NULL,NULL,,NULL,All,NULL
NO.2 CAPS 16KV CB_936,EMS,ABC,en_262126,en_262126_SH,NULL,N,Y,Y,N,Y,N,N,CB_16.0_EMS,NULL,,Open,Closed,NULL,NULL,NULL,NULL,,NULL,All,NULL
FERNWOOD CAP 2_DISC_937,EMS,ABC,en_262126,en_262126_SH,NULL,N,Y,Y,N,Y,N,N,DISC_16.0_EMS,NULL,Closed,Open,Closed,NULL,NULL,NULL,NULL,,NULL,All,NULL
NEWBURY CAP 1_DISC_942,EMS,ABC,en_3037617,en_3037617_SH,NULL,N,Y,Y,N,Y,N,N,DISC_16.0_EMS,NULL,Closed,Open,Closed,NULL,NULL,NULL,NULL,,NULL,All,NULL
NEWBURY CAP 2_DISC_943,EMS,ABC,en_3037618,en_3037618_SH,NULL,N,Y,Y,N,Y,N,N,DISC_16.0_EMS,NULL,Closed,Open,Closed,NULL,NULL,NULL,NULL,,NULL,All,NULL
NEWBURY CAP 5_DISC_944,EMS,ABC,en_3037619,en_3037619_SH,NULL,N,Y,Y,N,Y,N,N,DISC_16.0_EMS,NULL,Closed,Open,Closed,NULL,NULL,NULL,NULL,,NULL,All,NULL
NEWBURY CAP 6_DISC_945,EMS,ABC,en_3037620,en_3037620_SH,NULL,N,Y,Y,N,Y,N,N,DISC_16.0_EMS,NULL,Closed,Open,Closed,NULL,NULL,NULL,NULL,,NULL,All,NULL
COFFEE CAP 1_DISC_949,EMS,ABC,en_1882973,en_1882973_SH,NULL,N,Y,Y,N,Y,N,N,DISC_12.0_EMS,NULL,Closed,Open,Closed,NULL,NULL,NULL,NULL,,NULL,All,NULL
NO.1 CAPS SW_1033,EMS,ABC,en_1529115,en_1529115_SH,NULL,N,Y,Y,N,Y,N,N,DISC_33.0_EMS,NULL,,Open,Closed,NULL,NULL,NULL,NULL,,NULL,All,NULL
NO.2 CAPS SW_1034,EMS,ABC,en_1529117,en_1529117_SH,NULL,N,Y,Y,N,Y,N,N,DISC_33.0_EMS,NULL,,Open,Closed,NULL,NULL,NULL,NULL,,NULL,All,NULL
NO.5 CAPS SW_1035,EMS,ABC,en_1530136,en_1530136_SH,NULL,N,Y,Y,N,Y,N,N,DISC_12.0_EMS,NULL,,Open,Closed,NULL,NULL,NULL,NULL,,NULL,All,NULL
NO.6 CAPS SW_1036,EMS,ABC,en_1530138,en_1530138_SH,NULL,N,Y,Y,N,Y,N,N,DISC_12.0_EMS,NULL,,Open,Closed,NULL,NULL,NULL,NULL,,NULL,All,NULL
NO.3 CAPS SW_1037,EMS,ABC,en_1530212,en_1530212_SH,NULL,N,Y,Y,N,Y,N,N,DISC_12.0_EMS,NULL,,Open,Closed,NULL,NULL,NULL,NULL,,NULL,All,NULL
NO.4 CAPS SW_1038,EMS,ABC,en_1530214,en_1530214_SH,NULL,N,Y,Y,N,Y,N,N,DISC_12.0_EMS,NULL,,Open,Closed,NULL,NULL,NULL,NULL,,NULL,All,NULL
NO.2 CAPS SW_1044,EMS,ABC,en_1536621,en_1536621_SH,NULL,N,Y,Y,N,Y,N,N,DISC_12.0_EMS,NULL,,Open,Closed,NULL,NULL,NULL,NULL,,NULL,All,NULL
NO.4 CAPS SW_1045,EMS,ABC,en_1536641,en_1536641_SH,NULL,N,Y,Y,N,Y,N,N,DISC_12.0_EMS,NULL,,Open,Closed,NULL,NULL,NULL,NULL,,NULL,All,NULL
NO.6 CAPS SW_1046,EMS,ABC,en_1536661,en_1536661_SH,NULL,N,Y,Y,N,Y,N,N,DISC_12.0_EMS,NULL,,Open,Closed,NULL,NULL,NULL,NULL,,NULL,All,NULL
NO.7 CAPS SW_1047,EMS,ABC,en_1536671,en_1536671_SH,NULL,N,Y,Y,N,Y,N,N,DISC_12.0_EMS,NULL,,Open,Closed,NULL,NULL,NULL,NULL,,NULL,All,NULL
NO.1 CAPS SW_1050,EMS,ABC,en_1542603,en_1542603_SH,NULL,N,Y,Y,N,Y,N,N,DISC_33.0_EMS,NULL,,Open,Closed,NULL,NULL,NULL,NULL,,NULL,All,NULL
NO.2 CAPS SW_1051,EMS,ABC,en_1542606,en_1542606_SH,NULL,N,Y,Y,N,Y,N,N,DISC_33.0_EMS,NULL,,Open,Closed,NULL,NULL,NULL,NULL,,NULL,All,NULL
NULL_1502,EMS,ABC,en_4011612,en_4011612_SH,NULL,N,Y,Y,N,Y,N,N,DISC_12.0_EMS,NULL,,Open,Closed,NULL,NULL,NULL,NULL,,NULL,All,NULL
NULL_1503,EMS,ABC,en_4011622,en_4011622_SH,NULL,N,Y,Y,N,Y,N,N,DISC_12.0_EMS,NULL,,Open,Closed,NULL,NULL,NULL,NULL,,NULL,All,NULL
NO.2 CAPS SW_1601,EMS,ABC,en_4301124,en_4301124_SH,NULL,N,Y,Y,N,Y,N,N,DISC_12.0_EMS,NULL,,Open,Closed,NULL,NULL,NULL,NULL,,NULL,All,NULL
NO.1 CAPS 12KV SW_1606,EMS,ABC,en_4103612,en_4103612_SH,NULL,N,Y,Y,N,Y,N,N,DISC_12.0_EMS,NULL,,Open,Closed,NULL,NULL,NULL,NULL,,NULL,All,NULL
NO.2 CAPS 12KV SW_1607,EMS,ABC,en_4103622,en_4103622_SH,NULL,N,Y,Y,N,Y,N,N,DISC_12.0_EMS,NULL,,Open,Closed,NULL,NULL,NULL,NULL,,NULL,All,NULL
NO.4 CAPS 12KV SW_1608,EMS,ABC,en_4103632,en_4103632_SH,NULL,N,Y,Y,N,Y,N,N,DISC_12.0_EMS,NULL,,Open,Closed,NULL,NULL,NULL,NULL,,NULL,All,NULL
NO.5 CAPS 12KV SW_1609,EMS,ABC,en_4103642,en_4103642_SH,NULL,N,Y,Y,N,Y,N,N,DISC_12.0_EMS,NULL,,Open,Closed,NULL,NULL,NULL,NULL,,NULL,All,NULL
NO.1 CAPS 12KV CB_1613,EMS,ABC,en_3318612,en_3318612_SH,NULL,N,Y,Y,N,Y,N,N,CB_12.0_EMS,NULL,,Open,Closed,NULL,NULL,NULL,NULL,,NULL,All,NULL
CRATER CAP 1_DISC_1625,EMS,ABC,en_4114610,en_4114610_SH,NULL,N,Y,Y,N,Y,N,N,DISC_16.0_EMS,NULL,Closed,Open,Closed,NULL,NULL,NULL,NULL,,NULL,All,NULL
CRATER CAP 2_DISC_1626,EMS,ABC,en_4114620,en_4114620_SH,NULL,N,Y,Y,N,Y,N,N,DISC_16.0_EMS,NULL,Closed,Open,Closed,NULL,NULL,NULL,NULL,,NULL,All,NULL
NO.6 CAPS SW_1647,EMS,ABC,en_4129662,en_4129662_SH,NULL,N,Y,Y,N,Y,N,N,DISC_12.0_EMS,NULL,,Open,Closed,NULL,NULL,NULL,NULL,,NULL,All,NULL
NO.7 CAPS SW_1648,EMS,ABC,en_4129672,en_4129672_SH,NULL,N,Y,Y,N,Y,N,N,DISC_12.0_EMS,NULL,,Open,Closed,NULL,NULL,NULL,NULL,,NULL,All,NULL
NO.1 CAPS SW_1649,EMS,ABC,en_4130612,en_4130612_SH,NULL,N,Y,Y,N,Y,N,N,DISC_12.0_EMS,NULL,,Open,Closed,NULL,NULL,NULL,NULL,,NULL,All,NULL
NO.2 CAPS CB_1663,EMS,ABC,en_4143611,en_4143611_SH,NULL,N,Y,Y,N,Y,N,N,CB_12.0_EMS,NULL,,Open,Closed,NULL,NULL,NULL,NULL,,NULL,All,NULL
AQUEDUCT CAP 1_DISC_1665,EMS,ABC,en_4147612,en_4147612_SH,NULL,N,Y,Y,N,Y,N,N,DISC_12.0_EMS,NULL,Closed,Open,Closed,NULL,NULL,NULL,NULL,,NULL,All,NULL
AQUEDUCT CAP 2_DISC_1666,EMS,ABC,en_4147622,en_4147622_SH,NULL,N,Y,Y,N,Y,N,N,DISC_12.0_EMS,NULL,Closed,Open,Closed,NULL,NULL,NULL,NULL,,NULL,All,NULL
AQUEDUCT CAP 3_DISC_1667,EMS,ABC,en_4147632,en_4147632_SH,NULL,N,Y,Y,N,Y,N,N,DISC_12.0_EMS,NULL,Closed,Open,Closed,NULL,NULL,NULL,NULL,,NULL,All,NULL
HESPERIA CAP 1_DISC_1668,EMS,ABC,en_4148612,en_4148612_SH,NULL,N,Y,Y,N,Y,N,N,DISC_12.0_EMS,NULL,Closed,Open,Closed,NULL,NULL,NULL,NULL,,NULL,All,NULL
NO.1 CAPS SW_1672,EMS,ABC,en_4158611,en_4158611_SH,NULL,N,Y,Y,N,Y,N,N,DISC_33.0_EMS,NULL,,Open,Closed,NULL,NULL,NULL,NULL,,NULL,All,NULL
NO.1 CAPS SW_1701,EMS,ABC,en_4301133,en_4301133_SH,NULL,N,Y,Y,N,Y,N,N,DISC_12.0_EMS,NULL,,Open,Closed,NULL,NULL,NULL,NULL,,NULL,All,NULL
NO.1 CAPS 12KV SW_1703,EMS,ABC,en_4202612,en_4202612_SH,NULL,N,Y,Y,N,Y,N,N,DISC_12.0_EMS,NULL,,Open,Closed,NULL,NULL,NULL,NULL,,NULL,All,NULL
NO.2 CAPS 12KV CB_1704,EMS,ABC,en_4202621,en_4202621_SH,NULL,N,Y,Y,N,Y,N,N,CB_12.0_EMS,NULL,,Open,Closed,NULL,NULL,NULL,NULL,,NULL,All,NULL
NO.3 CAPS 12KV SW_1705,EMS,ABC,en_4202632,en_4202632_SH,NULL,N,Y,Y,N,Y,N,N,DISC_12.0_EMS,NULL,,Open,Closed,NULL,NULL,NULL,NULL,,NULL,All,NULL
MILLIKEN CAP 1_DISC_1706,EMS,ABC,en_4203612,en_4203612_SH,NULL,N,Y,Y,N,Y,N,N,DISC_12.0_EMS,NULL,Closed,Open,Closed,NULL,NULL,NULL,NULL,,NULL,All,NULL
MILLIKEN CAP 2_DISC_1707,EMS,ABC,en_4203622,en_4203622_SH,NULL,N,Y,Y,N,Y,N,N,DISC_12.0_EMS,NULL,Closed,Open,Closed,NULL,NULL,NULL,NULL,,NULL,All,NULL
MILLIKEN CAP 3_DISC_1708,EMS,ABC,en_4203632,en_4203632_SH,NULL,N,Y,Y,N,Y,N,N,DISC_12.0_EMS,NULL,Closed,Open,Closed,NULL,NULL,NULL,NULL,,NULL,All,NULL
MILLIKEN CAP 5_DISC_1709,EMS,ABC,en_4203642,en_4203642_SH,NULL,N,Y,Y,N,Y,N,N,DISC_12.0_EMS,NULL,Closed,Open,Closed,NULL,NULL,NULL,NULL,,NULL,All,NULL
NO.1 CAP 16KV CB_1724,EMS,ABC,en_4214610,en_4214610_SH,NULL,N,Y,Y,N,Y,N,N,CB_16.0_EMS,NULL,,Open,Closed,NULL,NULL,NULL,NULL,,NULL,All,NULL
NO.2 CAP 16KV CB_1725,EMS,ABC,en_4214620,en_4214620_SH,NULL,N,Y,Y,N,Y,N,N,CB_16.0_EMS,NULL,,Open,Closed,NULL,NULL,NULL,NULL,,NULL,All,NULL
POTRERO CAP 1A_DISC_1727,EMS,ABC,en_4216612,en_4216612_SH,NULL,N,Y,Y,N,Y,N,N,DISC_16.0_EMS,NULL,Closed,Open,Closed,NULL,NULL,NULL,NULL,,NULL,All,NULL
POTRERO CAP 1B_DISC_1728,EMS,ABC,en_4216613,en_4216613_SH,NULL,N,Y,Y,N,Y,N,N,DISC_16.0_EMS,NULL,Closed,Open,Closed,NULL,NULL,NULL,NULL,,NULL,All,NULL
NO.2A CAP 16KV CB_1729,EMS,ABC,en_4216622,en_4216622_SH,NULL,N,Y,Y,N,Y,N,N,CB_16.0_EMS,NULL,,Open,Closed,NULL,NULL,NULL,NULL,,NULL,All,NULL
NO.2B CAP 16KV CB_1730,EMS,ABC,en_4216624,en_4216624_SH,NULL,N,Y,Y,N,Y,N,N,CB_16.0_EMS,NULL,,Open,Closed,NULL,NULL,NULL,NULL,,NULL,All,NULL
NO.1 CAPS CB_1744,EMS,ABC,en_4231612,en_4231612_SH,NULL,N,Y,Y,N,Y,N,N,CB_12.0_EMS,NULL,,Open,Closed,NULL,NULL,NULL,NULL,,NULL,All,NULL
NO.2 CAPS 12KV CB_1753,EMS,ABC,en_3421621,en_3421621_SH,NULL,N,Y,Y,N,Y,N,N,CB_12.0_EMS,NULL,,Open,Closed,NULL,NULL,NULL,NULL,,NULL,All,NULL
NO.10 CAPS CB_1806,EMS,ABC,en_1573614,en_1573614_SH,NULL,N,Y,Y,N,Y,N,N,CB_33.0_EMS,NULL,,Open,Closed,NULL,NULL,NULL,NULL,,NULL,All,NULL
NO.11 CAPS CB_1807,EMS,ABC,en_1573613,en_1573613_SH,NULL,N,Y,Y,N,Y,N,N,CB_33.0_EMS,NULL,,Open,Closed,NULL,NULL,NULL,NULL,,NULL,All,NULL
NO.1 CAPS CB_2014,EMS,ABC,en_3010601,en_3010601_SH,NULL,N,Y,Y,N,Y,N,N,CB_12.0_EMS,NULL,,Open,Closed,NULL,NULL,NULL,NULL,,NULL,All,NULL
NO.2 CAPS SW_2015,EMS,ABC,en_3010600,en_3010600_SH,NULL,N,Y,Y,N,Y,N,N,DISC_12.0_EMS,NULL,,Open,Closed,NULL,NULL,NULL,NULL,,NULL,All,NULL
NO 1 CAPS SWITCH_2023,EMS,ABC,en_3013603,en_3013603_SH,NULL,N,Y,Y,N,Y,N,N,DISC_12.0_EMS,NULL,,Open,Closed,NULL,NULL,NULL,NULL,,NULL,All,NULL
NO 2 CAPS SWITCH_2024,EMS,ABC,en_3013606,en_3013606_SH,NULL,N,Y,Y,N,Y,N,N,DISC_12.0_EMS,NULL,,Open,Closed,NULL,NULL,NULL,NULL,,NULL,All,NULL
NO.3 CAPS CB_2025,EMS,ABC,en_3013609,en_3013609_SH,NULL,N,Y,Y,N,Y,N,N,CB_12.0_EMS,NULL,,Open,Closed,NULL,NULL,NULL,NULL,,NULL,All,NULL
NO.4 CAPS CB_2026,EMS,ABC,en_3013612,en_3013612_SH,NULL,N,Y,Y,N,Y,N,N,CB_12.0_EMS,NULL,,Open,Closed,NULL,NULL,NULL,NULL,,NULL,All,NULL
NO 1 CAPS SWITCH_2028,EMS,ABC,en_3015602,en_3015602_SH,NULL,N,Y,Y,N,Y,N,N,DISC_12.0_EMS,NULL,,Open,Closed,NULL,NULL,NULL,NULL,,NULL,All,NULL
NO 2 CAPS SWITCH_2029,EMS,ABC,en_3015604,en_3015604_SH,NULL,N,Y,Y,N,Y,N,N,DISC_12.0_EMS,NULL,,Open,Closed,NULL,NULL,NULL,NULL,,NULL,All,NULL
NO 3 CAPS SWITCH_2030,EMS,ABC,en_3015606,en_3015606_SH,NULL,N,Y,Y,N,Y,N,N,DISC_12.0_EMS,NULL,,Open,Closed,NULL,NULL,NULL,NULL,,NULL,All,NULL
NO.4 CAPS SW_2031,EMS,ABC,en_3015608,en_3015608_SH,NULL,N,Y,Y,N,Y,N,N,DISC_12.0_EMS,NULL,,Open,Closed,NULL,NULL,NULL,NULL,,NULL,All,NULL
NO.1 CAPS CB_2036,EMS,ABC,en_3018601,en_3018601_SH,NULL,N,Y,Y,N,Y,N,N,CB_12.0_EMS,NULL,,Open,Closed,NULL,NULL,NULL,NULL,,NULL,All,NULL
RUNNING SPRINGS CAP 2_DISC_2037,EMS,ABC,en_3022621,en_3022621_SH,NULL,N,Y,Y,N,Y,N,N,DISC_33.0_EMS,NULL,Closed,Open,Closed,NULL,NULL,NULL,NULL,,NULL,All,NULL
#2 CAPS SW_2048,EMS,ABC,en_3512622,en_3512622_SH,NULL,N,Y,Y,N,Y,N,N,DISC_16.0_EMS,NULL,,Open,Closed,NULL,NULL,NULL,NULL,,NULL,All,NULL
#1 CAPS SW_2049,EMS,ABC,en_3512612,en_3512612_SH,NULL,N,Y,Y,N,Y,N,N,DISC_16.0_EMS,NULL,,Open,Closed,NULL,NULL,NULL,NULL,,NULL,All,NULL
NO.1 CAPS SW_2058,EMS,ABC,en_3037617,en_3037617_SH,NULL,N,Y,Y,N,Y,N,N,DISC_16.0_EMS,NULL,,Open,Closed,NULL,NULL,NULL,NULL,,NULL,All,NULL
NO.2 CAPS SW_2059,EMS,ABC,en_3037618,en_3037618_SH,NULL,N,Y,Y,N,Y,N,N,DISC_16.0_EMS,NULL,,Open,Closed,NULL,NULL,NULL,NULL,,NULL,All,NULL
NO.5 CAPS SW_2060,EMS,ABC,en_3037619,en_3037619_SH,NULL,N,Y,Y,N,Y,N,N,DISC_16.0_EMS,NULL,,Open,Closed,NULL,NULL,NULL,NULL,,NULL,All,NULL
NO.6 CAPS SW_2061,EMS,ABC,en_3037620,en_3037620_SH,NULL,N,Y,Y,N,Y,N,N,DISC_16.0_EMS,NULL,,Open,Closed,NULL,NULL,NULL,NULL,,NULL,All,NULL
NO.1 CAPS CB_2065,EMS,ABC,en_3039612,en_3039612_SH,NULL,N,Y,Y,N,Y,N,N,CB_16.0_EMS,NULL,,Open,Closed,NULL,NULL,NULL,NULL,,NULL,All,NULL
NO 2 CAPS SWITCH_2066,EMS,ABC,en_3039622,en_3039622_SH,NULL,N,Y,Y,N,Y,N,N,DISC_16.0_EMS,NULL,,Open,Closed,NULL,NULL,NULL,NULL,,NULL,All,NULL
NO.3 CAPS SWITCH_2067,EMS,ABC,en_3039632,en_3039632_SH,NULL,N,Y,Y,N,Y,N,N,DISC_16.0_EMS,NULL,,Open,Closed,NULL,NULL,NULL,NULL,,NULL,All,NULL
NO 1 CAPS SWITCH_2068,EMS,ABC,en_3040603,en_3040603_SH,NULL,N,Y,Y,N,Y,N,N,DISC_12.0_EMS,NULL,,Open,Closed,NULL,NULL,NULL,NULL,,NULL,All,NULL
NO 2 CAPS SWITCH_2069,EMS,ABC,en_3040606,en_3040606_SH,NULL,N,Y,Y,N,Y,N,N,DISC_12.0_EMS,NULL,,Open,Closed,NULL,NULL,NULL,NULL,,NULL,All,NULL
NO 3 CAPS SW_2070,EMS,ABC,en_3040609,en_3040609_SH,NULL,N,Y,Y,N,Y,N,N,DISC_12.0_EMS,NULL,,Open,Closed,NULL,NULL,NULL,NULL,,NULL,All,NULL
NO 4 CAPS SW_2071,EMS,ABC,en_3040612,en_3040612_SH,NULL,N,Y,Y,N,Y,N,N,DISC_12.0_EMS,NULL,,Open,Closed,NULL,NULL,NULL,NULL,,NULL,All,NULL
NO.1A CAP CB_2072,EMS,ABC,en_3041612,en_3041612_SH,NULL,N,Y,Y,N,Y,N,N,CB_16.0_EMS,NULL,,Open,Closed,NULL,NULL,NULL,NULL,,NULL,All,NULL
NO.2 CAPS CB_2073,EMS,ABC,en_3041622,en_3041622_SH,NULL,N,Y,Y,N,Y,N,N,CB_16.0_EMS,NULL,,Open,Closed,NULL,NULL,NULL,NULL,,NULL,All,NULL
NO.4 CAPS CB_2074,EMS,ABC,en_3041642,en_3041642_SH,NULL,N,Y,Y,N,Y,N,N,CB_16.0_EMS,NULL,,Open,Closed,NULL,NULL,NULL,NULL,,NULL,All,NULL
NO.5 CAPS SW_2075,EMS,ABC,en_3041652,en_3041652_SH,NULL,N,Y,Y,N,Y,N,N,DISC_16.0_EMS,NULL,,Open,Closed,NULL,NULL,NULL,NULL,,NULL,All,NULL
NO.1A CAP 12KV CB_2127,EMS,ABC,en_3145611,en_3145611_SH,NULL,N,Y,Y,N,Y,N,N,CB_12.0_EMS,NULL,,Open,Closed,NULL,NULL,NULL,NULL,,NULL,All,NULL
NO.1B CAP 12KV CB_2128,EMS,ABC,en_3145612,en_3145612_SH,NULL,N,Y,Y,N,Y,N,N,CB_12.0_EMS,NULL,,Open,Closed,NULL,NULL,NULL,NULL,,NULL,All,NULL
NULL_2148,EMS,ABC,en_3200611,en_3200611_SH,NULL,N,Y,Y,N,Y,N,N,DISC_4.0_EMS,NULL,,Open,Closed,NULL,NULL,NULL,NULL,,NULL,All,NULL
NO.1 CAPS CB_2166,EMS,ABC,en_3571603,en_3571603_SH,NULL,N,Y,Y,N,Y,N,N,CB_12.0_EMS,NULL,,Open,Closed,NULL,NULL,NULL,NULL,,NULL,All,NULL
NO.1 CAPS SW_2534,EMS,ABC,en_3247600,en_3247600_SH,NULL,N,Y,Y,N,Y,N,N,DISC_12.0_EMS,NULL,,Open,Closed,NULL,NULL,NULL,NULL,,NULL,All,NULL
NO 1 CAPS SWITCH_2549,EMS,ABC,en_3267612,en_3267612_SH,NULL,N,Y,Y,N,Y,N,N,DISC_16.0_EMS,NULL,,Open,Closed,NULL,NULL,NULL,NULL,,NULL,All,NULL
NO 2 CAPS SWITCH_2550,EMS,ABC,en_3267622,en_3267622_SH,NULL,N,Y,Y,N,Y,N,N,DISC_16.0_EMS,NULL,,Open,Closed,NULL,NULL,NULL,NULL,,NULL,All,NULL
NO 3 CAPS SW_2552,EMS,ABC,en_3269600,en_3269600_SH,NULL,N,Y,Y,N,Y,N,N,DISC_16.0_EMS,NULL,,Open,Closed,NULL,NULL,NULL,NULL,,NULL,All,NULL
NO.1 CAPS 12KV SW_2563,EMS,ABC,en_3286600,en_3286600_SH,NULL,N,Y,Y,N,Y,N,N,DISC_12.0_EMS,NULL,,Open,Closed,NULL,NULL,NULL,NULL,,NULL,All,NULL
NO.2 CAPS 12KV SW_2565,EMS,ABC,en_3286601,en_3286601_SH,NULL,N,Y,Y,N,Y,N,N,DISC_12.0_EMS,NULL,,Open,Closed,NULL,NULL,NULL,NULL,,NULL,All,NULL
NO.4 CAPS 12KV CB_2566,EMS,ABC,en_3286602,en_3286602_SH,NULL,N,Y,Y,N,Y,N,N,CB_12.0_EMS,NULL,,Open,Closed,NULL,NULL,NULL,NULL,,NULL,All,NULL
NO.1 CAPS SW_2579,EMS,ABC,en_3297612,en_3297612_SH,NULL,N,Y,Y,N,Y,N,N,DISC_12.0_EMS,NULL,,Open,Closed,NULL,NULL,NULL,NULL,,NULL,All,NULL
NO.3 CAPS SW_2580,EMS,ABC,en_3297632,en_3297632_SH,NULL,N,Y,Y,N,Y,N,N,DISC_12.0_EMS,NULL,,Open,Closed,NULL,NULL,NULL,NULL,,NULL,All,NULL
NO.4 CAPS SW_2581,EMS,ABC,en_3297642,en_3297642_SH,NULL,N,Y,Y,N,Y,N,N,DISC_12.0_EMS,NULL,,Open,Closed,NULL,NULL,NULL,NULL,,NULL,All,NULL
NO.2 CAPS 12KV SW_2585,EMS,ABC,en_3300622,en_3300622_SH,NULL,N,Y,Y,N,Y,N,N,DISC_12.0_EMS,NULL,,Open,Closed,NULL,NULL,NULL,NULL,,NULL,All,NULL
NO.1 CAPS 12KV CB_2586,EMS,ABC,en_3300611,en_3300611_SH,NULL,N,Y,Y,N,Y,N,N,CB_12.0_EMS,NULL,,Open,Closed,NULL,NULL,NULL,NULL,,NULL,All,NULL
NO.1 CAPS SW_2613,EMS,ABC,en_3313612,en_3313612_SH,NULL,N,Y,Y,N,Y,N,N,DISC_12.0_EMS,NULL,,Open,Closed,NULL,NULL,NULL,NULL,,NULL,All,NULL
NO.2 CAPS SW_2614,EMS,ABC,en_3313622,en_3313622_SH,NULL,N,Y,Y,N,Y,N,N,DISC_12.0_EMS,NULL,,Open,Closed,NULL,NULL,NULL,NULL,,NULL,All,NULL
NO.2 CAPS 12KV SW_2619,EMS,ABC,en_3318622,en_3318622_SH,NULL,N,Y,Y,N,Y,N,N,DISC_12.0_EMS,NULL,,Open,Closed,NULL,NULL,NULL,NULL,,NULL,All,NULL
NO.3 CAPS 12KV SW_2620,EMS,ABC,en_3318632,en_3318632_SH,NULL,N,Y,Y,N,Y,N,N,DISC_12.0_EMS,NULL,,Open,Closed,NULL,NULL,NULL,NULL,,NULL,All,NULL
NO.4 CAPS 12KV SW_2621,EMS,ABC,en_3318642,en_3318642_SH,NULL,N,Y,Y,N,Y,N,N,DISC_12.0_EMS,NULL,,Open,Closed,NULL,NULL,NULL,NULL,,NULL,All,NULL
NO.1 CAP 16KV CB_2639,EMS,ABC,en_3322610,en_3322610_SH,NULL,N,Y,Y,N,Y,N,N,CB_16.0_EMS,NULL,,Open,Closed,NULL,NULL,NULL,NULL,,NULL,All,NULL
NO.5 CAP 16KV CB_2640,EMS,ABC,en_3322650,en_3322650_SH,NULL,N,Y,Y,N,Y,N,N,CB_16.0_EMS,NULL,,Open,Closed,NULL,NULL,NULL,NULL,,NULL,All,NULL
NO.8 CAP 16KV CB_2641,EMS,ABC,en_3322680,en_3322680_SH,NULL,N,Y,Y,N,Y,N,N,CB_16.0_EMS,NULL,,Open,Closed,NULL,NULL,NULL,NULL,,NULL,All,NULL
NO.1 CAPS SW_3011,EMS,ABC,en_3406114,en_3406114_SH,NULL,N,Y,Y,N,Y,N,N,DISC_33.0_EMS,NULL,,Open,Closed,NULL,NULL,NULL,NULL,,NULL,All,NULL
NO.2 CAPS SW_3012,EMS,ABC,en_3406115,en_3406115_SH,NULL,N,Y,Y,N,Y,N,N,DISC_33.0_EMS,NULL,,Open,Closed,NULL,NULL,NULL,NULL,,NULL,All,NULL
NO.3 CAPS SW_3013,EMS,ABC,en_3407601,en_3407601_SH,NULL,N,Y,Y,N,Y,N,N,DISC_12.0_EMS,NULL,,Open,Closed,NULL,NULL,NULL,NULL,,NULL,All,NULL
NO.1 CAPS SW_3014,EMS,ABC,en_3409601,en_3409601_SH,NULL,N,Y,Y,N,Y,N,N,DISC_12.0_EMS,NULL,,Open,Closed,NULL,NULL,NULL,NULL,,NULL,All,NULL
NO.2 CAPS SW_3015,EMS,ABC,en_3409603,en_3409603_SH,NULL,N,Y,Y,N,Y,N,N,DISC_12.0_EMS,NULL,,Open,Closed,NULL,NULL,NULL,NULL,,NULL,All,NULL
NO.2 CAPS 12KV CB_3016,EMS,ABC,en_3410600,en_3410600_SH,NULL,N,Y,Y,N,Y,N,N,CB_12.0_EMS,NULL,,Open,Closed,NULL,NULL,NULL,NULL,,NULL,All,NULL
NO.1 CAPS 12KV SW_3017,EMS,ABC,en_3410602,en_3410602_SH,NULL,N,Y,Y,N,Y,N,N,DISC_12.0_EMS,NULL,,Open,Closed,NULL,NULL,NULL,NULL,,NULL,All,NULL
NO.3 CAPS 12KV SW_3018,EMS,ABC,en_3410604,en_3410604_SH,NULL,N,Y,Y,N,Y,N,N,DISC_12.0_EMS,NULL,,Open,Closed,NULL,NULL,NULL,NULL,,NULL,All,NULL
NO.1 CAPS 12KV CB_3057,EMS,ABC,en_3421611,en_3421611_SH,NULL,N,Y,Y,N,Y,N,N,CB_12.0_EMS,NULL,,Open,Closed,NULL,NULL,NULL,NULL,,NULL,All,NULL
NO.1 CAPS CB_3077,EMS,ABC,en_3428611,en_3428611_SH,NULL,N,Y,Y,N,Y,N,N,CB_12.0_EMS,NULL,,Open,Closed,NULL,NULL,NULL,NULL,,NULL,All,NULL
NO 2 CAPS SW_3078,EMS,ABC,en_3428622,en_3428622_SH,NULL,N,Y,Y,N,Y,N,N,DISC_12.0_EMS,NULL,,Open,Closed,NULL,NULL,NULL,NULL,,NULL,All,NULL
NO 3 CAPS SW_3079,EMS,ABC,en_3428632,en_3428632_SH,NULL,N,Y,Y,N,Y,N,N,DISC_12.0_EMS,NULL,,Open,Closed,NULL,NULL,NULL,NULL,,NULL,All,NULL
NO.1 CAPS SW_3083,EMS,ABC,en_3436613,en_3436613_SH,NULL,N,Y,Y,N,Y,N,N,DISC_12.0_EMS,NULL,,Open,Closed,NULL,NULL,NULL,NULL,,NULL,All,NULL
NO.1 CAPS 12KV CB_3095,EMS,ABC,en_3431600,en_3431600_SH,NULL,N,Y,Y,N,Y,N,N,CB_12.0_EMS,NULL,,Open,Closed,NULL,NULL,NULL,NULL,,NULL,All,NULL
NO.2 CAPS CB_3112,EMS,ABC,en_3468601,en_3468601_SH,NULL,N,Y,Y,N,Y,N,N,CB_16.0_EMS,NULL,,Open,Closed,NULL,NULL,NULL,NULL,,NULL,All,NULL
NO.1 CAPS CB_3113,EMS,ABC,en_3468600,en_3468600_SH,NULL,N,Y,Y,N,Y,N,N,CB_16.0_EMS,NULL,,Open,Closed,NULL,NULL,NULL,NULL,,NULL,All,NULL
NO.5 CAPS CB_3114,EMS,ABC,en_3469600,en_3469600_SH,NULL,N,Y,Y,N,Y,N,N,CB_4.0_EMS,NULL,,Open,Closed,NULL,NULL,NULL,NULL,,NULL,All,NULL
NO 2 CAPS SWITCH_3130,EMS,ABC,en_3478621,en_3478621_SH,NULL,N,Y,Y,N,Y,N,N,DISC_12.0_EMS,NULL,,Open,Closed,NULL,NULL,NULL,NULL,,NULL,All,NULL
NO 1 CAPS SWITCH_3131,EMS,ABC,en_3478611,en_3478611_SH,NULL,N,Y,Y,N,Y,N,N,DISC_12.0_EMS,NULL,,Open,Closed,NULL,NULL,NULL,NULL,,NULL,All,NULL
NO 3 CAPS SWITCH_3132,EMS,ABC,en_3478632,en_3478632_SH,NULL,N,Y,Y,N,Y,N,N,DISC_12.0_EMS,NULL,,Open,Closed,NULL,NULL,NULL,NULL,,NULL,All,NULL
NO.4 CAPS 12KV CB_3153,EMS,ABC,en_3410605,en_3410605_SH,NULL,N,Y,Y,N,Y,N,N,CB_12.0_EMS,NULL,,Open,Closed,NULL,NULL,NULL,NULL,,NULL,All,NULL
NO.1 CAPS CB_3173,EMS,ABC,en_3573603,en_3573603_SH,NULL,N,Y,Y,N,Y,N,N,CB_12.0_EMS,NULL,,Open,Closed,NULL,NULL,NULL,NULL,,NULL,All,NULL
NO.2 CAPS SW_3174,EMS,ABC,en_3573606,en_3573606_SH,NULL,N,Y,Y,N,Y,N,N,DISC_12.0_EMS,NULL,,Open,Closed,NULL,NULL,NULL,NULL,,NULL,All,NULL
NO.1 CAPS SW_3181,EMS,ABC,en_3505603,en_3505603_SH,NULL,N,Y,Y,N,Y,N,N,DISC_33.0_EMS,NULL,,Open,Closed,NULL,NULL,NULL,NULL,,NULL,All,NULL
NO.2 CAPS SW_3182,EMS,ABC,en_3505605,en_3505605_SH,NULL,N,Y,Y,N,Y,N,N,DISC_33.0_EMS,NULL,,Open,Closed,NULL,NULL,NULL,NULL,,NULL,All,NULL
NO.2 CAPS CB_3183,EMS,ABC,en_3571607,en_3571607_SH,NULL,N,Y,Y,N,Y,N,N,CB_12.0_EMS,NULL,,Open,Closed,NULL,NULL,NULL,NULL,,NULL,All,NULL
NO.3 CAPS SW_3651,EMS,ABC,en_3573609,en_3573609_SH,NULL,N,Y,Y,N,Y,N,N,DISC_12.0_EMS,NULL,,Open,Closed,NULL,NULL,NULL,NULL,,NULL,All,NULL
