TransformerNumber,TransformerName,PnaTransformer,PssTransformer,NspTransformer,CircuitID,FromSectionNumber,ToSectionNumber,TransformerFlowRatingSelector,FromEndLimit1,FromEndLimit2,FromEndLimit3,ToEndLimit1,ToEndLimit2,ToEndLimit3,Resistance,Reactance,Type,ControlBusSide,ControlSectionNumber,VoltageControlMode,VoltageControlDelay,MinimumTapRatio,MaximumTapRatio,TapStepSize,DefaultTapRatio,MinimumPhaseAngle,MaximumPhaseAngle,PhaseStepSize,DefaultPhaseValue,MinimumPqv,MaximumPqv,TapPhaseEstimationStatus,ConstraintSiWeightFactor,BaseCaseFlConstHardnessFactor,CaCaseFlConstHardnessFactor,LossMinimizationStatus,MinShiftWeightFactorForTap,MinShiftTargetForTap,MinShiftWeightFactorForPhase,MinShiftTargetForPhase,LocalControlTuningFactor,ConstrMonitorStatus,ConstrEnforceStatus,TapOptimizationStatus,PhaseOptimizationStatus,LocalControlStatus,FromMwStandardDeviation,FromMwInversion,FromMwMeasOverrideStatus,FromMwReplacementValue,FromMwCmeUsage,FromMvStandardDeviation,FromMvInversion,FromMvMeasOverrideStatus,FromMvReplacementValue,FromMvCmeUsage,FromCmeAmpereOutputInversion,ToMwStandardDeviation,ToMwInversion,ToMwMeasOverrideStatus,ToMwReplacementValue,ToMwCmeUsage,ToMvStandardDeviation,ToMvInversion,ToMvMeasOverrideStatus,ToMvReplacementValue,ToMvCmeUsage,ToCmeAmpereOutputInversion,TapTelemetryType,TapPositionDirectionFlag,LowTapPosition,TapStandardDeviation,TapMeasOverrideStatus,TapReplacementValue,TapCmeUsage,PhaseTelemetryType,PhasePositionDirectionFlag,LowPhasePosition,PhaseStandardDeviation,PhaseMeasOverrideStatus,PhaseReplacementValue,PhaseCmeUsage,TapPhaseControlTelemetry,FlowLimitMonitorCaCase,FlowLimitEnforceCaCase,EndClosestToCtrlVolt,AvcTolerance,FromShuntSusceptance,ToShuntSusceptance,FromShuntConductance,ToShuntConductance,ImpedanceEstimation,FlaFromSideConnectType,FlaToSideConnectType,MultiWindingID,FlaFromZeroSeqShuntSusc,FlaToZeroSeqShuntSusc,FlaFromZeroSeqShuntCond,FlaToZeroSeqShuntCond,FlaFromZeroSeqNeutResis,FlaToZeroSeqNeutResis,FlaFromZeroSeqNeutReac,FlaToZeroSeqNeutReac,FlaZeroSeqSeriesResis,FlaZeroSeqSeriesReac,NumberOfTapSteps,NumberOfPhaseSteps,AclMode,AssetLabel,FromRatedMVA,ToRatedMVA,TapControlPtType,ReverseFlowOptimization,ScheduleDataFlag,ExModelRetentionFlag,DmsTransformFlag,ColorReferencePriority,CommentText1,CommentText2,CommentText3,ImpedanceVariationPosition,ImpedanceVariationResistance,ImpedanceVariationReactance,FromShuntSusceptance1,ToShuntSusceptance1,FromShuntConductance1,ToShuntConductance1,TapResponseLeadTime,TapResponseRateOfIncrease,TapResponseRateOfDecrease,PhaseResponseLeadTime,PhaseResponseRateOfIncrease,PhaseResponseRateOfDecrease,OwnerBusNumberRef,FromBusNumberRef,ToBusNumberRef,ControlBusNumberRef,FromCtBreakerRef,ToCtBreakerRef,FromMwTelemetryRef,FromMvTelemetryRef,FromCmeAmpereOutputTpRef,ToMwTelemetryRef,ToMvTelemetryRef,ToCmeAmpereOutputTpRef,FromEndLimitTelemetryRef,FromAmpereLimitTelemetryRef,ToEndLimitTelemetryRef,ToAmpereLimitTelemetryRef,TapRatioTelemetryRef,PhaseAngleTelemetryRef,ConnectionStatusIndicatorRef,ColorReferencePointRef,ControlModeTelemetryRef,FromMw_StandardDeviation,FromMw_InversionFlag,FromMw_CmeUsage,FromMw_OverrideStatus,FromMw_ReplacementValue,SetOrder3,FromMwAnalogPointRef,FromMwCtBreakerRef,FromMv_StandardDeviation,FromMv_InversionFlag,FromMv_CmeUsage,FromMv_OverrideStatus,FromMv_ReplacementValue,SetOrder4,FromMvAnalogPointRef,FromMvCtBreakerRef,FromAmpStandardDeviation,FromAmpInversionFlag,FromAmpCmeUsage,FromAmpOverrideStatus,FromAmpReplacementValue,SetOrder10,FromAmpAnalogPointRef,FromAmpCtBreakerRef,ToMw_StandardDeviation,ToMw_InversionFlag,ToMw_CmeUsage,ToMw_OverrideStatus,ToMw_ReplacementValue,SetOrder5,ToMwAnalogPointRef,ToMwCtBreakerRef,ToMv_StandardDeviation,ToMv_InversionFlag,ToMv_CmeUsage,ToMv_OverrideStatus,ToMv_ReplacementValue,SetOrder6,ToMvAnalogPointRef,ToMvCtBreakerRef,ToAmpStandardDeviation,ToAmpInversionFlag,ToAmpCmeUsage,ToAmpOverrideStatus,ToAmpReplacementValue,SetOrder9,ToAmpAnalogPointRef,ToAmpCtBreakerRef,Tap_StandardDeviation,Tap_InversionFlag,Tap_CmeUsage,Tap_OverrideStatus,Tap_ReplacementValue,Tap_TelemetryType,SetOrder7,TapAnalogPointRef,Phase_StandardDeviation,PhaseInversionFlag,Phase_CmeUsage,PhaseOverrideStatus,PhaseReplaceValue,Phase_TelemetryType,SetOrder8,PhaseAnalogPointRef,FromMvaCmeOutputRef,ToMvaCmeOutputRef,LimitNumber,FromEndDynLimit1,FromEndDynLimit2,FromEndDynLimit3,ToEndDynLimit1,ToEndDynLimit2,ToEndDynLimit3,GangedMasterXfmrRef,TapRaiseControlTelemetryRef,TapLowerControlTelemetryRef,SinglePhTransCurRef,SinglePhSubtransCurRef,ThreePhTransCurRef,ThreePhSubtransCurRef,FromEndOpenIndicatorRef,ToEndOpenIndicatorRef,PseudoLimitPtRef,
21,YUKON NO.4S BANK,Yes,Yes,Yes,8,705,705,Mva,36.4,40.6,40.6,36.4,40.6,40.6,.0001,.442,FixTapPhase,Local,5,Off,5,.8857,NULL,.0201,.9259,0,NULL,.00001,0,NULL,NULL,Off,1,1,1,IncludedIfOwner,1,.8857,1,0,1,Off,Off,Off,Off,Off,NULL,NULL,NULL,NULL,NULL,NULL,NULL,NULL,NULL,NULL,NULL,NULL,NULL,NULL,NULL,NULL,NULL,NULL,NULL,NULL,NULL,NULL,NULL,+,1,NULL,NULL,NULL,NULL,NULL,+,NULL,NULL,NULL,NULL,NULL,NULL,Off,Off,ToSide,1.5,0,0,0,0,None,NULL,NULL,NULL,NULL,NULL,NULL,NULL,NULL,NULL,NULL,NULL,NULL,NULL,4,1,Off,206626588,56,56,NULL,On,Yes,NULL,Yes,NULL,NULL,NULL,Updated 100621,NULL,NULL,NULL,NULL,NULL,NULL,NULL,NULL,NULL,NULL,NULL,NULL,NULL,237,237,238,238,NULL,NULL,NULL,NULL,NULL,NULL,NULL,NULL,NULL,NULL,NULL,NULL,NULL,NULL,331147,NULL,NULL,NULL,NULL,NULL,NULL,NULL,NULL,NULL,NULL,NULL,NULL,NULL,NULL,NULL,NULL,NULL,NULL,NULL,NULL,NULL,NULL,NULL,NULL,NULL,NULL,NULL,NULL,NULL,NULL,NULL,NULL,NULL,NULL,NULL,NULL,NULL,NULL,NULL,NULL,NULL,NULL,NULL,NULL,NULL,NULL,NULL,NULL,NULL,NULL,NULL,NULL,NULL,NULL,NULL,NULL,NULL,NULL,NULL,NULL,NULL,NULL,NULL,NULL,NULL,NULL,NULL,NULL,NULL,NULL,NULL,NULL,NULL,NULL,NULL,NULL,NULL,NULL,NULL,NULL,NULL,NULL,331148,331149,NULL,
84,REDONDO NO.8G BANK,Yes,Yes,Yes,1,71,2,Mva,535,615,722,535,615,722,.0001,.0273,FixTapPhase,Local,2,Off,5,1,NULL,.0001,1,0,NULL,.00001,0,NULL,NULL,Off,1,1,1,IncludedIfOwner,1,1,1,0,1,On,On,Off,Off,Off,NULL,NULL,NULL,NULL,NULL,NULL,NULL,NULL,NULL,NULL,NULL,NULL,NULL,NULL,NULL,NULL,NULL,NULL,NULL,NULL,NULL,NULL,NULL,+,1,NULL,NULL,NULL,NULL,NULL,+,NULL,NULL,NULL,NULL,NULL,NULL,On,On,ToSide,1.5,0,0,0,0,None,NULL,NULL,NULL,NULL,NULL,NULL,NULL,NULL,NULL,NULL,NULL,NULL,NULL,1,1,Off,NULL,535,535,NULL,On,Yes,NULL,Yes,NULL,NULL,NULL,NULL,NULL,NULL,NULL,NULL,NULL,NULL,NULL,NULL,NULL,NULL,NULL,NULL,NULL,164,164,2463,2463,NULL,NULL,NULL,NULL,NULL,NULL,NULL,NULL,NULL,NULL,NULL,NULL,NULL,NULL,312839,NULL,NULL,NULL,NULL,NULL,NULL,NULL,NULL,NULL,NULL,NULL,NULL,NULL,NULL,NULL,NULL,NULL,NULL,NULL,NULL,NULL,NULL,NULL,NULL,NULL,NULL,NULL,NULL,NULL,NULL,NULL,NULL,NULL,NULL,NULL,NULL,NULL,NULL,NULL,NULL,NULL,NULL,NULL,NULL,NULL,NULL,NULL,NULL,NULL,NULL,NULL,NULL,NULL,NULL,NULL,NULL,NULL,NULL,NULL,NULL,NULL,NULL,NULL,NULL,NULL,NULL,NULL,NULL,NULL,NULL,NULL,NULL,NULL,NULL,NULL,NULL,NULL,NULL,NULL,NULL,NULL,NULL,312840,312841,NULL,
86,REDONDO NO.6G BANK,Yes,Yes,Yes,1,73,4,Mva,168,193,226,168,193,226,.0001,.0524,FixTapPhase,Local,4,Off,5,1,NULL,.0001,1,0,NULL,.00001,0,NULL,NULL,Off,1,1,1,IncludedIfOwner,1,1,1,0,1,On,On,Off,Off,Off,NULL,NULL,NULL,NULL,NULL,NULL,NULL,NULL,NULL,NULL,NULL,NULL,NULL,NULL,NULL,NULL,NULL,NULL,NULL,NULL,NULL,NULL,NULL,+,1,NULL,NULL,NULL,NULL,NULL,+,NULL,NULL,NULL,NULL,NULL,NULL,On,On,ToSide,1.5,0,0,0,0,None,NULL,NULL,NULL,NULL,NULL,NULL,NULL,NULL,NULL,NULL,NULL,NULL,NULL,1,1,Off,NULL,168,168,NULL,On,Yes,NULL,Yes,NULL,NULL,NULL,NULL,NULL,NULL,NULL,NULL,NULL,NULL,NULL,NULL,NULL,NULL,NULL,NULL,NULL,164,164,2462,2462,NULL,NULL,NULL,NULL,NULL,NULL,NULL,NULL,NULL,NULL,NULL,NULL,NULL,NULL,312836,NULL,NULL,NULL,NULL,NULL,NULL,NULL,NULL,NULL,NULL,NULL,NULL,NULL,NULL,NULL,NULL,NULL,NULL,NULL,NULL,NULL,NULL,NULL,NULL,NULL,NULL,NULL,NULL,NULL,NULL,NULL,NULL,NULL,NULL,NULL,NULL,NULL,NULL,NULL,NULL,NULL,NULL,NULL,NULL,NULL,NULL,NULL,NULL,NULL,NULL,NULL,NULL,NULL,NULL,NULL,NULL,NULL,NULL,NULL,NULL,NULL,NULL,NULL,NULL,NULL,NULL,NULL,NULL,NULL,NULL,NULL,NULL,NULL,NULL,NULL,NULL,NULL,NULL,NULL,NULL,NULL,NULL,312837,312838,NULL,
87,REDONDO NO.5G BANK,Yes,Yes,Yes,1,74,3,Mva,168,193,226,168,193,226,.0001,.095,FixTapPhase,Local,3,Off,5,1,NULL,.0001,1,0,NULL,.00001,0,NULL,NULL,Off,1,1,1,IncludedIfOwner,1,1,1,0,1,On,On,Off,Off,Off,NULL,NULL,NULL,NULL,NULL,NULL,NULL,NULL,NULL,NULL,NULL,NULL,NULL,NULL,NULL,NULL,NULL,NULL,NULL,NULL,NULL,NULL,NULL,+,1,NULL,NULL,NULL,NULL,NULL,+,NULL,NULL,NULL,NULL,NULL,NULL,On,On,ToSide,1.5,0,0,0,0,None,NULL,NULL,NULL,NULL,NULL,NULL,NULL,NULL,NULL,NULL,NULL,NULL,NULL,1,1,Off,NULL,168,168,NULL,On,Yes,NULL,Yes,NULL,NULL,NULL,NULL,NULL,NULL,NULL,NULL,NULL,NULL,NULL,NULL,NULL,NULL,NULL,NULL,NULL,164,164,166,166,NULL,NULL,NULL,NULL,NULL,NULL,NULL,NULL,NULL,NULL,NULL,NULL,NULL,NULL,312842,NULL,NULL,NULL,NULL,NULL,NULL,NULL,NULL,NULL,NULL,NULL,NULL,NULL,NULL,NULL,NULL,NULL,NULL,NULL,NULL,NULL,NULL,NULL,NULL,NULL,NULL,NULL,NULL,NULL,NULL,NULL,NULL,NULL,NULL,NULL,NULL,NULL,NULL,NULL,NULL,NULL,NULL,NULL,NULL,NULL,NULL,NULL,NULL,NULL,NULL,NULL,NULL,NULL,NULL,NULL,NULL,NULL,NULL,NULL,NULL,NULL,NULL,NULL,NULL,NULL,NULL,NULL,NULL,NULL,NULL,NULL,NULL,NULL,NULL,NULL,NULL,NULL,NULL,NULL,NULL,NULL,NULL,312843,312844,NULL,
112,LA FRESA NO.2A BANK,Yes,Yes,Yes,2,21,6,Mva,308,336,448,308,336,448,.0001,.06807,VarTapVolt,Local,21,Off,5,.91957,NULL,.00639,.98347,0,NULL,.00001,0,65.34,66.66,Off,1,1,1,IncludedIfOwner,1,1,1,0,1,On,On,On,Off,OnInBaseCaseAndCa,NULL,NULL,NULL,NULL,NULL,NULL,NULL,NULL,NULL,NULL,NULL,NULL,NULL,NULL,NULL,NULL,NULL,NULL,NULL,NULL,NULL,NULL,NULL,+,-16,NULL,NULL,NULL,NULL,NULL,+,NULL,NULL,NULL,NULL,NULL,NULL,On,On,FromSide,1.5,0,0,0,0,None,NULL,NULL,NULL,NULL,NULL,NULL,NULL,NULL,NULL,NULL,NULL,NULL,NULL,32,1,Off,207382720,280,280,NULL,On,Yes,NULL,Yes,NULL,NULL,NULL,NULL,NULL,NULL,NULL,NULL,NULL,NULL,NULL,NULL,NULL,NULL,NULL,NULL,NULL,199,200,199,200,NULL,NULL,NULL,NULL,NULL,NULL,NULL,NULL,114169,NULL,11614,NULL,NULL,NULL,301064,NULL,144653,3,-,In/Out,Normal,NULL,3985,114169,NULL,3,-,In/Out,Normal,NULL,3986,114170,NULL,10,+,Out,Block,NULL,263,114167,NULL,3,-,Out,Block,NULL,3,11614,NULL,3,-,Out,Block,NULL,3,11914,NULL,NULL,NULL,NULL,NULL,NULL,NULL,NULL,NULL,.2,+,In/Out,Normal,NULL,Position,3988,114177,NULL,NULL,NULL,NULL,NULL,NULL,NULL,NULL,NULL,NULL,NULL,NULL,NULL,NULL,NULL,NULL,NULL,NULL,144654,144655,NULL,NULL,NULL,NULL,NULL,NULL,310081,
113,LA FRESA NO.3A BANK,Yes,Yes,Yes,3,29,7,Mva,308,336,448,308,336,448,.0001,.067,VarTapVolt,Local,29,Off,5,.91957,NULL,.00639,.98347,0,NULL,.00001,0,65.34,66.66,Off,1,1,1,IncludedIfOwner,1,1,1,0,1,On,On,On,Off,OnInBaseCaseAndCa,NULL,NULL,NULL,NULL,NULL,NULL,NULL,NULL,NULL,NULL,NULL,NULL,NULL,NULL,NULL,NULL,NULL,NULL,NULL,NULL,NULL,NULL,NULL,+,-16,NULL,NULL,NULL,NULL,NULL,+,NULL,NULL,NULL,NULL,NULL,NULL,On,On,FromSide,1.5,0,0,0,0,None,NULL,NULL,NULL,NULL,NULL,NULL,NULL,NULL,NULL,NULL,NULL,NULL,NULL,32,1,Off,207712076,280,280,NULL,On,Yes,NULL,Yes,NULL,NULL,NULL,NULL,NULL,NULL,NULL,NULL,NULL,NULL,NULL,NULL,NULL,NULL,NULL,NULL,NULL,199,200,199,200,NULL,NULL,NULL,NULL,NULL,NULL,NULL,NULL,114183,NULL,11522,NULL,NULL,NULL,301065,NULL,144672,3,-,In/Out,Normal,NULL,3989,114183,NULL,3,-,In/Out,Normal,NULL,3990,114184,NULL,10,+,Out,Block,NULL,263,114181,NULL,3,-,Out,Block,NULL,3,11522,NULL,3,-,Out,Block,NULL,3,11422,NULL,NULL,NULL,NULL,NULL,NULL,NULL,NULL,NULL,.2,+,In/Out,Normal,NULL,Position,3992,114191,NULL,NULL,NULL,NULL,NULL,NULL,NULL,NULL,NULL,NULL,NULL,NULL,NULL,NULL,NULL,NULL,NULL,NULL,144673,144674,NULL,NULL,NULL,NULL,NULL,NULL,310082,
114,LA FRESA NO.4A BANK,Yes,Yes,Yes,4,40,11,Mva,308,336,448,308,336,448,.0001,.0678,VarTapVolt,Local,40,Off,5,.91957,NULL,.00639,.97708,0,NULL,.00001,0,65.34,66.66,Off,1,1,1,IncludedIfOwner,1,1,1,0,1,On,On,On,Off,OnInBaseCaseAndCa,NULL,NULL,NULL,NULL,NULL,NULL,NULL,NULL,NULL,NULL,NULL,NULL,NULL,NULL,NULL,NULL,NULL,NULL,NULL,NULL,NULL,NULL,NULL,+,-16,NULL,NULL,NULL,NULL,NULL,+,NULL,NULL,NULL,NULL,NULL,NULL,On,On,FromSide,1.5,0,0,0,0,None,NULL,NULL,NULL,NULL,NULL,NULL,NULL,NULL,NULL,NULL,NULL,NULL,NULL,32,1,Off,207410969,280,280,NULL,On,Yes,NULL,Yes,NULL,NULL,NULL,NULL,NULL,NULL,NULL,NULL,NULL,NULL,NULL,NULL,NULL,NULL,NULL,NULL,NULL,199,200,199,200,NULL,NULL,NULL,NULL,NULL,NULL,NULL,NULL,114197,NULL,11523,NULL,NULL,NULL,301066,NULL,144691,3,-,In/Out,Normal,NULL,3993,114197,NULL,3,-,In/Out,Normal,NULL,3994,114198,NULL,10,+,Out,Block,NULL,263,114195,NULL,3,-,Out,Block,NULL,3,11523,NULL,3,-,Out,Block,NULL,2,11423,NULL,NULL,NULL,NULL,NULL,NULL,NULL,NULL,NULL,.2,+,In/Out,Normal,NULL,Position,3996,114204,NULL,NULL,NULL,NULL,NULL,NULL,NULL,NULL,NULL,NULL,NULL,NULL,NULL,NULL,NULL,NULL,NULL,NULL,144692,144693,NULL,NULL,NULL,NULL,NULL,NULL,310083,
116,CREST NO.1 BANK,Yes,Yes,Yes,6,2,55,Mva,36.4,40.6,40.6,36.4,40.6,40.6,.0001,.4733,FixTapPhase,Local,55,Off,5,.8857,NULL,.0201,.9259,0,NULL,.00001,0,NULL,NULL,Off,1,1,1,IncludedIfOwner,1,.8857,1,0,1,Off,Off,Off,Off,Off,NULL,NULL,NULL,NULL,NULL,NULL,NULL,NULL,NULL,NULL,NULL,NULL,NULL,NULL,NULL,NULL,NULL,NULL,NULL,NULL,NULL,NULL,NULL,+,1,NULL,NULL,NULL,NULL,NULL,+,NULL,NULL,NULL,NULL,NULL,NULL,Off,Off,ToSide,1.5,0,0,0,0,None,NULL,NULL,NULL,NULL,NULL,NULL,NULL,NULL,NULL,NULL,NULL,NULL,NULL,4,1,Off,205606028,18.75,18.75,NULL,On,Yes,NULL,Yes,NULL,NULL,NULL,Updated 081221,NULL,NULL,NULL,NULL,NULL,NULL,NULL,NULL,NULL,NULL,NULL,NULL,NULL,208,208,209,209,NULL,NULL,NULL,NULL,NULL,NULL,NULL,NULL,NULL,NULL,NULL,NULL,NULL,NULL,325932,NULL,NULL,NULL,NULL,NULL,NULL,NULL,NULL,NULL,NULL,NULL,NULL,NULL,NULL,NULL,NULL,NULL,NULL,NULL,NULL,NULL,NULL,NULL,NULL,NULL,NULL,3,-,In/Out,Normal,NULL,10,117533,NULL,3,-,In/Out,Normal,NULL,11,117534,NULL,10,+,Out,Block,NULL,263,117529,NULL,NULL,NULL,NULL,NULL,NULL,NULL,NULL,NULL,NULL,NULL,NULL,NULL,NULL,NULL,NULL,NULL,NULL,NULL,NULL,NULL,NULL,NULL,NULL,NULL,NULL,NULL,NULL,NULL,NULL,NULL,NULL,NULL,325933,325934,NULL,
117,CREST NO.2 BANK,Yes,Yes,Yes,7,5,61,Mva,36.4,40.6,40.6,36.4,40.6,40.6,.0001,.4707,FixTapPhase,Local,61,Off,5,.8857,NULL,.0201,.9259,0,NULL,.00001,0,NULL,NULL,Off,1,1,1,IncludedIfOwner,1,.8857,1,0,1,Off,Off,Off,Off,Off,NULL,NULL,NULL,NULL,NULL,NULL,NULL,NULL,NULL,NULL,NULL,NULL,NULL,NULL,NULL,NULL,NULL,NULL,NULL,NULL,NULL,NULL,NULL,+,1,NULL,NULL,NULL,NULL,NULL,+,NULL,NULL,NULL,NULL,NULL,NULL,Off,Off,ToSide,1.5,0,0,0,0,None,NULL,NULL,NULL,NULL,NULL,NULL,NULL,NULL,NULL,NULL,NULL,NULL,NULL,4,1,Off,205632582,22.4,22.4,NULL,On,Yes,NULL,Yes,NULL,NULL,NULL,Updated 081221,NULL,NULL,NULL,NULL,NULL,NULL,NULL,NULL,NULL,NULL,NULL,NULL,NULL,208,208,209,209,NULL,NULL,NULL,NULL,NULL,NULL,NULL,NULL,NULL,NULL,NULL,NULL,NULL,NULL,325935,NULL,NULL,NULL,NULL,NULL,NULL,NULL,NULL,NULL,NULL,NULL,NULL,NULL,NULL,NULL,NULL,NULL,NULL,NULL,NULL,NULL,NULL,NULL,NULL,NULL,NULL,3,-,In/Out,Normal,NULL,10,117522,NULL,3,-,In/Out,Normal,NULL,11,117523,NULL,10,+,Out,Block,NULL,263,117518,NULL,NULL,NULL,NULL,NULL,NULL,NULL,NULL,NULL,NULL,NULL,NULL,NULL,NULL,NULL,NULL,NULL,NULL,NULL,NULL,NULL,NULL,NULL,NULL,NULL,NULL,NULL,NULL,NULL,NULL,NULL,NULL,NULL,325936,325937,NULL,
118,DITMAR NO.1 BANK,Yes,Yes,Yes,8,1,701,Mva,22.4,29.11,32.46,22.4,29.11,32.46,.0001,.46,FixTapPhase,Local,701,Off,5,.8857,NULL,.0201,.9058,0,NULL,.00001,0,NULL,NULL,Off,1,1,1,IncludedIfOwner,1,.8857,1,0,1,Off,Off,Off,Off,Off,NULL,NULL,NULL,NULL,NULL,NULL,NULL,NULL,NULL,NULL,NULL,NULL,NULL,NULL,NULL,NULL,NULL,NULL,NULL,NULL,NULL,NULL,NULL,+,1,NULL,NULL,NULL,NULL,NULL,+,NULL,NULL,NULL,NULL,NULL,NULL,Off,Off,ToSide,1.5,0,0,0,0,None,NULL,NULL,NULL,NULL,NULL,NULL,NULL,NULL,NULL,NULL,NULL,NULL,NULL,4,1,Off,200043166,22.4,22.4,NULL,On,Yes,NULL,Yes,NULL,NULL,NULL,NULL,NULL,NULL,NULL,NULL,NULL,NULL,NULL,NULL,NULL,NULL,NULL,NULL,NULL,210,210,211,211,NULL,NULL,NULL,NULL,NULL,NULL,NULL,NULL,NULL,NULL,NULL,NULL,NULL,NULL,325943,NULL,NULL,NULL,NULL,NULL,NULL,NULL,NULL,NULL,NULL,NULL,NULL,NULL,NULL,NULL,NULL,NULL,NULL,NULL,NULL,NULL,NULL,NULL,NULL,NULL,NULL,3,-,In/Out,Normal,NULL,10,116683,NULL,3,-,In/Out,Normal,NULL,11,116684,NULL,10,+,Out,Block,NULL,263,116679,NULL,NULL,NULL,NULL,NULL,NULL,NULL,NULL,NULL,NULL,NULL,NULL,NULL,NULL,NULL,NULL,NULL,NULL,NULL,NULL,NULL,NULL,NULL,NULL,NULL,NULL,NULL,NULL,NULL,NULL,NULL,NULL,NULL,325944,325945,NULL,
119,DITMAR NO.2 BANK,Yes,Yes,Yes,9,4,702,Mva,29.11,32.46,32.46,29.11,32.46,32.46,.0001,.4667,FixTapPhase,Local,702,Off,5,.8857,NULL,.0201,.9058,0,NULL,.00001,0,NULL,NULL,Off,1,1,1,IncludedIfOwner,1,.8857,1,0,1,Off,Off,Off,Off,Off,NULL,NULL,NULL,NULL,NULL,NULL,NULL,NULL,NULL,NULL,NULL,NULL,NULL,NULL,NULL,NULL,NULL,NULL,NULL,NULL,NULL,NULL,NULL,+,1,NULL,NULL,NULL,NULL,NULL,+,NULL,NULL,NULL,NULL,NULL,NULL,Off,Off,ToSide,1.5,0,0,0,0,None,NULL,NULL,NULL,NULL,NULL,NULL,NULL,NULL,NULL,NULL,NULL,NULL,NULL,4,1,Off,200043167,22.4,22.4,NULL,On,Yes,NULL,Yes,NULL,NULL,NULL,Updated 081221,NULL,NULL,NULL,NULL,NULL,NULL,NULL,NULL,NULL,NULL,NULL,NULL,NULL,210,210,211,211,NULL,NULL,NULL,NULL,NULL,NULL,NULL,NULL,NULL,NULL,NULL,NULL,NULL,NULL,325946,NULL,NULL,NULL,NULL,NULL,NULL,NULL,NULL,NULL,NULL,NULL,NULL,NULL,NULL,NULL,NULL,NULL,NULL,NULL,NULL,NULL,NULL,NULL,NULL,NULL,NULL,3,-,In/Out,Normal,NULL,10,116694,NULL,3,-,In/Out,Normal,NULL,11,116695,NULL,10,+,Out,Block,NULL,263,116690,NULL,NULL,NULL,NULL,NULL,NULL,NULL,NULL,NULL,NULL,NULL,NULL,NULL,NULL,NULL,NULL,NULL,NULL,NULL,NULL,NULL,NULL,NULL,NULL,NULL,NULL,NULL,NULL,NULL,NULL,NULL,NULL,NULL,325947,325948,NULL,
120,DITMAR NO.6 BANK,No,Yes,Yes,0,61,52,Mva,6,7.8,8.7,6,7.8,8.7,.0001,1.17,FixTapPhase,Local,52,Off,5,1,NULL,.04381,1,0,NULL,.00001,0,NULL,NULL,Off,1,1,1,IncludedIfOwner,1,1,1,0,1,Off,Off,Off,Off,Off,NULL,NULL,NULL,NULL,NULL,NULL,NULL,NULL,NULL,NULL,NULL,NULL,NULL,NULL,NULL,NULL,NULL,NULL,NULL,NULL,NULL,NULL,NULL,+,0,NULL,NULL,NULL,NULL,NULL,+,NULL,NULL,NULL,NULL,NULL,NULL,Off,Off,ToSide,1.5,0,0,0,0,None,NULL,NULL,NULL,NULL,NULL,NULL,NULL,NULL,NULL,NULL,NULL,NULL,NULL,2,1,Off,207055104,6,6,NULL,On,Yes,NULL,Yes,NULL,NULL,NULL,NULL,NULL,NULL,NULL,NULL,NULL,NULL,NULL,NULL,NULL,NULL,NULL,NULL,NULL,211,211,212,212,NULL,NULL,NULL,NULL,NULL,NULL,NULL,NULL,NULL,NULL,NULL,NULL,NULL,NULL,325957,NULL,NULL,NULL,NULL,NULL,NULL,NULL,NULL,NULL,NULL,NULL,NULL,NULL,NULL,NULL,NULL,NULL,NULL,NULL,NULL,NULL,NULL,NULL,NULL,NULL,NULL,3,-,In/Out,Normal,NULL,10,116716,NULL,3,-,In/Out,Normal,NULL,11,116717,NULL,10,+,Out,Block,NULL,263,116712,NULL,NULL,NULL,NULL,NULL,NULL,NULL,NULL,NULL,NULL,NULL,NULL,NULL,NULL,NULL,NULL,NULL,NULL,NULL,NULL,NULL,NULL,NULL,NULL,NULL,NULL,NULL,NULL,NULL,NULL,NULL,NULL,NULL,325958,325959,NULL,
121,DITMAR NO.5 BANK,No,Yes,Yes,1,62,60,Mva,8.11,9.05,9.05,8.11,9.05,9.05,.0001,1.12,FixTapPhase,Local,60,Off,5,1,NULL,.04381,1,0,NULL,.00001,0,NULL,NULL,Off,1,1,1,IncludedIfOwner,1,1,1,0,1,Off,Off,Off,Off,Off,NULL,NULL,NULL,NULL,NULL,NULL,NULL,NULL,NULL,NULL,NULL,NULL,NULL,NULL,NULL,NULL,NULL,NULL,NULL,NULL,NULL,NULL,NULL,+,0,NULL,NULL,NULL,NULL,NULL,+,NULL,NULL,NULL,NULL,NULL,NULL,Off,Off,ToSide,1.5,0,0,0,0,None,NULL,NULL,NULL,NULL,NULL,NULL,NULL,NULL,NULL,NULL,NULL,NULL,NULL,2,1,Off,200043162,6.25,6.25,NULL,On,Yes,NULL,Yes,NULL,NULL,NULL,Updated 081221,NULL,NULL,NULL,NULL,NULL,NULL,NULL,NULL,NULL,NULL,NULL,NULL,NULL,211,211,212,212,NULL,NULL,NULL,NULL,NULL,NULL,NULL,NULL,NULL,NULL,NULL,NULL,NULL,NULL,325960,NULL,NULL,NULL,NULL,NULL,NULL,NULL,NULL,NULL,NULL,NULL,NULL,NULL,NULL,NULL,NULL,NULL,NULL,NULL,NULL,NULL,NULL,NULL,NULL,NULL,NULL,3,-,In/Out,Normal,NULL,10,116705,NULL,3,-,In/Out,Normal,NULL,11,116706,NULL,10,+,Out,Block,NULL,263,116701,NULL,NULL,NULL,NULL,NULL,NULL,NULL,NULL,NULL,NULL,NULL,NULL,NULL,NULL,NULL,NULL,NULL,NULL,NULL,NULL,NULL,NULL,NULL,NULL,NULL,NULL,NULL,NULL,NULL,NULL,NULL,NULL,NULL,325961,325962,NULL,
122,MARYMOUNT NO.1N BANK,Yes,Yes,Yes,1N,105,701,Mva,14.55,16.22,16.22,14.55,16.22,16.22,.0001,.4733,FixTapPhase,Local,2,Off,5,.8857,NULL,.0201,.9461,0,NULL,.00001,0,NULL,NULL,Off,1,1,1,IncludedIfOwner,1,.8857,1,0,1,Off,Off,Off,Off,Off,NULL,NULL,NULL,NULL,NULL,NULL,NULL,NULL,NULL,NULL,NULL,NULL,NULL,NULL,NULL,NULL,NULL,NULL,NULL,NULL,NULL,NULL,NULL,+,1,NULL,NULL,NULL,NULL,NULL,+,NULL,NULL,NULL,NULL,NULL,NULL,Off,Off,ToSide,1.5,0,0,0,0,None,NULL,NULL,NULL,NULL,NULL,NULL,NULL,NULL,NULL,NULL,NULL,NULL,NULL,4,1,Off,200043336,11.2,11.2,NULL,On,Yes,NULL,Yes,NULL,NULL,NULL,NULL,NULL,NULL,NULL,NULL,NULL,NULL,NULL,NULL,NULL,NULL,NULL,NULL,NULL,215,215,216,216,NULL,NULL,NULL,NULL,NULL,NULL,NULL,NULL,NULL,NULL,NULL,NULL,NULL,NULL,326204,NULL,NULL,NULL,NULL,NULL,NULL,NULL,NULL,NULL,NULL,NULL,NULL,NULL,NULL,NULL,NULL,NULL,NULL,NULL,NULL,NULL,NULL,NULL,NULL,NULL,NULL,NULL,NULL,NULL,NULL,NULL,NULL,NULL,NULL,NULL,NULL,NULL,NULL,NULL,NULL,NULL,NULL,NULL,NULL,NULL,NULL,NULL,NULL,NULL,NULL,NULL,NULL,NULL,NULL,NULL,NULL,NULL,NULL,NULL,NULL,NULL,NULL,NULL,NULL,NULL,NULL,NULL,NULL,NULL,NULL,NULL,NULL,NULL,NULL,NULL,NULL,NULL,NULL,NULL,NULL,NULL,NULL,326205,326206,NULL,
125,ROLLING HILLS NO.1 BANK,Yes,Yes,Yes,5,2,8,Mva,29.12,32.48,32.48,29.12,32.48,32.48,.0001,.484,FixTapPhase,Local,8,Off,5,.8857,NULL,.0201,.9661,0,NULL,.00001,0,NULL,NULL,Off,1,1,1,IncludedIfOwner,1,.8857,1,0,1,Off,Off,Off,Off,Off,NULL,NULL,NULL,NULL,NULL,NULL,NULL,NULL,NULL,NULL,NULL,NULL,NULL,NULL,NULL,NULL,NULL,NULL,NULL,NULL,NULL,NULL,NULL,+,1,NULL,NULL,NULL,NULL,NULL,+,NULL,NULL,NULL,NULL,NULL,NULL,Off,Off,ToSide,1.5,0,0,0,0,None,NULL,NULL,NULL,NULL,NULL,NULL,NULL,NULL,NULL,NULL,NULL,NULL,NULL,4,1,Off,200045350,22.4,22.4,NULL,On,Yes,NULL,Yes,NULL,NULL,NULL,NULL,NULL,NULL,NULL,NULL,NULL,NULL,NULL,NULL,NULL,NULL,NULL,NULL,NULL,225,225,226,226,NULL,NULL,NULL,NULL,NULL,NULL,NULL,NULL,NULL,NULL,NULL,NULL,NULL,NULL,326736,NULL,NULL,NULL,NULL,NULL,NULL,NULL,NULL,NULL,NULL,NULL,NULL,NULL,NULL,NULL,NULL,NULL,NULL,NULL,NULL,NULL,NULL,NULL,NULL,NULL,NULL,3,-,In/Out,Normal,NULL,4015,138936,NULL,3,-,In/Out,Normal,NULL,4016,138937,NULL,10,+,Out,Block,NULL,263,138932,NULL,NULL,NULL,NULL,NULL,NULL,NULL,NULL,NULL,NULL,NULL,NULL,NULL,NULL,NULL,NULL,NULL,NULL,NULL,NULL,NULL,NULL,NULL,NULL,NULL,NULL,NULL,NULL,NULL,NULL,NULL,NULL,NULL,326737,326738,NULL,
126,ROLLING HILLS NO.2 BANK,Yes,Yes,Yes,6,4,3,Mva,24.38,27.19,27.19,24.38,27.19,27.19,.0001,.4593,FixTapPhase,Local,3,Off,5,.8857,NULL,.0201,.9661,0,NULL,.00001,0,NULL,NULL,Off,1,1,1,IncludedIfOwner,1,.8857,1,0,1,Off,Off,Off,Off,Off,NULL,NULL,NULL,NULL,NULL,NULL,NULL,NULL,NULL,NULL,NULL,NULL,NULL,NULL,NULL,NULL,NULL,NULL,NULL,NULL,NULL,NULL,NULL,+,1,NULL,NULL,NULL,NULL,NULL,+,NULL,NULL,NULL,NULL,NULL,NULL,Off,Off,ToSide,1.5,0,0,0,0,None,NULL,NULL,NULL,NULL,NULL,NULL,NULL,NULL,NULL,NULL,NULL,NULL,NULL,4,1,Off,200043413,28,28,NULL,On,Yes,NULL,Yes,NULL,NULL,NULL,Updated 081221,NULL,NULL,NULL,NULL,NULL,NULL,NULL,NULL,NULL,NULL,NULL,NULL,NULL,225,225,226,226,NULL,NULL,NULL,NULL,NULL,NULL,NULL,NULL,NULL,NULL,NULL,NULL,NULL,NULL,326739,NULL,NULL,NULL,NULL,NULL,NULL,NULL,NULL,NULL,NULL,NULL,NULL,NULL,NULL,NULL,NULL,NULL,NULL,NULL,NULL,NULL,NULL,NULL,NULL,NULL,NULL,3,-,In/Out,Normal,NULL,4017,138947,NULL,3,-,In/Out,Normal,NULL,4018,138948,NULL,10,+,Out,Block,NULL,263,138943,NULL,NULL,NULL,NULL,NULL,NULL,NULL,NULL,NULL,NULL,NULL,NULL,NULL,NULL,NULL,NULL,NULL,NULL,NULL,NULL,NULL,NULL,NULL,NULL,NULL,NULL,NULL,NULL,NULL,NULL,NULL,NULL,NULL,326740,326741,NULL,
127,ROLLING HILLS NO.3 BANK,Yes,Yes,Yes,7,5,5,Mva,11.7,13.05,13.05,11.7,13.05,13.05,.0001,2.2333,FixTapPhase,Local,5,Off,5,.8775,NULL,.02273,.8775,0,NULL,.00001,0,NULL,NULL,Off,1,1,1,IncludedIfOwner,1,.8775,1,0,1,Off,Off,Off,Off,Off,NULL,NULL,NULL,NULL,NULL,NULL,NULL,NULL,NULL,NULL,NULL,NULL,NULL,NULL,NULL,NULL,NULL,NULL,NULL,NULL,NULL,NULL,NULL,+,-2,NULL,NULL,NULL,NULL,NULL,+,NULL,NULL,NULL,NULL,NULL,NULL,Off,Off,ToSide,1.5,0,0,0,0,None,NULL,NULL,NULL,NULL,NULL,NULL,NULL,NULL,NULL,NULL,NULL,NULL,NULL,4,1,Off,200043414,9,9,NULL,On,Yes,NULL,Yes,NULL,NULL,NULL,NULL,NULL,NULL,NULL,NULL,NULL,NULL,NULL,NULL,NULL,NULL,NULL,NULL,NULL,225,225,227,227,NULL,NULL,NULL,NULL,NULL,NULL,NULL,NULL,NULL,NULL,NULL,NULL,NULL,NULL,326742,NULL,NULL,NULL,NULL,NULL,NULL,NULL,NULL,NULL,NULL,NULL,NULL,NULL,NULL,NULL,NULL,NULL,NULL,10,+,Out,Block,NULL,263,104157,NULL,3,-,In/Out,Normal,NULL,1,104693,NULL,3,-,In/Out,Normal,NULL,2,104694,NULL,NULL,NULL,NULL,NULL,NULL,NULL,NULL,NULL,NULL,NULL,NULL,NULL,NULL,NULL,NULL,NULL,NULL,NULL,NULL,NULL,NULL,NULL,NULL,NULL,NULL,NULL,NULL,NULL,NULL,NULL,NULL,NULL,NULL,NULL,NULL,NULL,NULL,NULL,NULL,NULL,326743,326744,NULL,
128,VICTORIA NO.3N BANK,Yes,Yes,Yes,8,701,701,Mva,18.2,20.3,20.3,18.2,20.3,20.3,.0001,.5,FixTapPhase,Local,701,Off,5,.8857,NULL,.0201,.9259,0,NULL,.00001,0,NULL,NULL,Off,1,1,1,IncludedIfOwner,1,.8857,1,0,1,Off,Off,Off,Off,Off,NULL,NULL,NULL,NULL,NULL,NULL,NULL,NULL,NULL,NULL,NULL,NULL,NULL,NULL,NULL,NULL,NULL,NULL,NULL,NULL,NULL,NULL,NULL,+,1,NULL,NULL,NULL,NULL,NULL,+,NULL,NULL,NULL,NULL,NULL,NULL,Off,Off,ToSide,1.5,0,0,0,0,None,NULL,NULL,NULL,NULL,NULL,NULL,NULL,NULL,NULL,NULL,NULL,NULL,NULL,4,1,Off,200043522,35.7,35.7,NULL,On,Yes,NULL,Yes,NULL,NULL,NULL,Updated 081221,NULL,NULL,NULL,NULL,NULL,NULL,NULL,NULL,NULL,NULL,NULL,NULL,NULL,232,232,233,233,NULL,NULL,NULL,NULL,NULL,NULL,NULL,NULL,NULL,NULL,NULL,NULL,NULL,NULL,326338,NULL,NULL,NULL,NULL,NULL,NULL,NULL,NULL,NULL,NULL,NULL,NULL,NULL,NULL,NULL,NULL,NULL,NULL,NULL,NULL,NULL,NULL,NULL,NULL,NULL,NULL,NULL,NULL,NULL,NULL,NULL,NULL,NULL,NULL,NULL,NULL,NULL,NULL,NULL,NULL,NULL,NULL,NULL,NULL,NULL,NULL,NULL,NULL,NULL,NULL,NULL,NULL,NULL,NULL,NULL,NULL,NULL,NULL,NULL,NULL,NULL,NULL,NULL,NULL,NULL,NULL,NULL,NULL,NULL,NULL,NULL,NULL,NULL,NULL,NULL,NULL,NULL,NULL,NULL,NULL,NULL,NULL,326339,326340,NULL,
129,VICTORIA NO.3S BANK,Yes,Yes,Yes,9,702,702,Mva,18.2,20.3,20.3,18.2,20.3,20.3,.0001,.458,FixTapPhase,Local,702,Off,5,.8857,NULL,.0201,.9259,0,NULL,.00001,0,NULL,NULL,Off,1,1,1,IncludedIfOwner,1,.8857,1,0,1,Off,Off,Off,Off,Off,NULL,NULL,NULL,NULL,NULL,NULL,NULL,NULL,NULL,NULL,NULL,NULL,NULL,NULL,NULL,NULL,NULL,NULL,NULL,NULL,NULL,NULL,NULL,+,1,NULL,NULL,NULL,NULL,NULL,+,NULL,NULL,NULL,NULL,NULL,NULL,Off,Off,ToSide,1.5,0,0,0,0,None,NULL,NULL,NULL,NULL,NULL,NULL,NULL,NULL,NULL,NULL,NULL,NULL,NULL,4,1,Off,200043523,57.11,57.11,NULL,On,Yes,NULL,Yes,NULL,NULL,NULL,Updated 081221,NULL,NULL,NULL,NULL,NULL,NULL,NULL,NULL,NULL,NULL,NULL,NULL,NULL,232,232,233,233,NULL,NULL,NULL,NULL,NULL,NULL,NULL,NULL,NULL,NULL,NULL,NULL,NULL,NULL,326341,NULL,NULL,NULL,NULL,NULL,NULL,NULL,NULL,NULL,NULL,NULL,NULL,NULL,NULL,NULL,NULL,NULL,NULL,NULL,NULL,NULL,NULL,NULL,NULL,NULL,NULL,NULL,NULL,NULL,NULL,NULL,NULL,NULL,NULL,NULL,NULL,NULL,NULL,NULL,NULL,NULL,NULL,NULL,NULL,NULL,NULL,NULL,NULL,NULL,NULL,NULL,NULL,NULL,NULL,NULL,NULL,NULL,NULL,NULL,NULL,NULL,NULL,NULL,NULL,NULL,NULL,NULL,NULL,NULL,NULL,NULL,NULL,NULL,NULL,NULL,NULL,NULL,NULL,NULL,NULL,NULL,NULL,326342,326343,NULL,
130,WALTERIA NO.1 BANK,Yes,Yes,Yes,0,2,56,Mva,33.82,40.6,40.6,33.82,40.6,40.6,.0001,.4927,FixTapPhase,Local,56,Off,5,.8857,NULL,.0201,.9058,0,NULL,.00001,0,NULL,NULL,Off,1,1,1,IncludedIfOwner,1,.8857,1,0,1,Off,Off,Off,Off,Off,NULL,NULL,NULL,NULL,NULL,NULL,NULL,NULL,NULL,NULL,NULL,NULL,NULL,NULL,NULL,NULL,NULL,NULL,NULL,NULL,NULL,NULL,NULL,+,1,NULL,NULL,NULL,NULL,NULL,+,NULL,NULL,NULL,NULL,NULL,NULL,Off,Off,ToSide,1.5,0,0,0,0,None,NULL,NULL,NULL,NULL,NULL,NULL,NULL,NULL,NULL,NULL,NULL,NULL,NULL,4,1,Off,200043525,28,28,NULL,On,Yes,NULL,Yes,NULL,NULL,NULL,Updated 081221,NULL,NULL,NULL,NULL,NULL,NULL,NULL,NULL,NULL,NULL,NULL,NULL,NULL,234,234,235,235,NULL,NULL,NULL,NULL,NULL,NULL,NULL,NULL,NULL,NULL,NULL,NULL,NULL,NULL,326344,NULL,NULL,NULL,NULL,NULL,NULL,NULL,NULL,NULL,NULL,NULL,NULL,NULL,NULL,NULL,NULL,NULL,NULL,NULL,NULL,NULL,NULL,NULL,NULL,NULL,NULL,3,-,In/Out,Normal,NULL,10,117067,NULL,3,-,In/Out,Normal,NULL,11,117068,NULL,10,+,Out,Block,NULL,263,117063,NULL,NULL,NULL,NULL,NULL,NULL,NULL,NULL,NULL,NULL,NULL,NULL,NULL,NULL,NULL,NULL,NULL,NULL,NULL,NULL,NULL,NULL,NULL,NULL,NULL,NULL,NULL,NULL,NULL,NULL,NULL,NULL,NULL,326345,326346,NULL,
131,WALTERIA NO.2 BANK,Yes,Yes,Yes,1,5,62,Mva,33.82,40.6,40.6,33.82,40.6,40.6,.0001,.4673,FixTapPhase,Local,62,Off,5,.8857,NULL,.0201,.9058,0,NULL,.00001,0,NULL,NULL,Off,1,1,1,IncludedIfOwner,1,.8857,1,0,1,Off,Off,Off,Off,Off,NULL,NULL,NULL,NULL,NULL,NULL,NULL,NULL,NULL,NULL,NULL,NULL,NULL,NULL,NULL,NULL,NULL,NULL,NULL,NULL,NULL,NULL,NULL,+,1,NULL,NULL,NULL,NULL,NULL,+,NULL,NULL,NULL,NULL,NULL,NULL,Off,Off,ToSide,1.5,0,0,0,0,None,NULL,NULL,NULL,NULL,NULL,NULL,NULL,NULL,NULL,NULL,NULL,NULL,NULL,4,1,Off,200043526,28,28,NULL,On,Yes,NULL,Yes,NULL,NULL,NULL,Updated 081221,NULL,NULL,NULL,NULL,NULL,NULL,NULL,NULL,NULL,NULL,NULL,NULL,NULL,234,234,235,235,NULL,NULL,NULL,NULL,NULL,NULL,NULL,NULL,NULL,NULL,NULL,NULL,NULL,NULL,326347,NULL,NULL,NULL,NULL,NULL,NULL,NULL,NULL,NULL,NULL,NULL,NULL,NULL,NULL,NULL,NULL,NULL,NULL,NULL,NULL,NULL,NULL,NULL,NULL,NULL,NULL,3,-,In/Out,Normal,NULL,10,117078,NULL,3,-,In/Out,Normal,NULL,11,117079,NULL,10,+,Out,Block,NULL,263,117074,NULL,NULL,NULL,NULL,NULL,NULL,NULL,NULL,NULL,NULL,NULL,NULL,NULL,NULL,NULL,NULL,NULL,NULL,NULL,NULL,NULL,NULL,NULL,NULL,NULL,NULL,NULL,NULL,NULL,NULL,NULL,NULL,NULL,326348,326349,NULL,
132,WALTERIA NO.3 BANK,Yes,Yes,Yes,2,75,902,Mva,9.4,9.4,9.4,9.4,9.4,9.4,.0001,.82,VarTapVolt,Local,75,Off,5,.98125,NULL,.0068,1.0697,0,NULL,.00001,0,3.88,4.12,Off,1,1,1,IncludedIfOwner,1,1,1,0,1,Off,Off,Off,Off,Off,NULL,NULL,NULL,NULL,NULL,NULL,NULL,NULL,NULL,NULL,NULL,NULL,NULL,NULL,NULL,NULL,NULL,NULL,NULL,NULL,NULL,NULL,NULL,+,-16,NULL,NULL,NULL,NULL,NULL,+,NULL,NULL,NULL,NULL,NULL,NULL,Off,Off,ToSide,1.5,0,0,0,0,None,NULL,NULL,NULL,NULL,NULL,NULL,NULL,NULL,NULL,NULL,NULL,NULL,NULL,32,1,Off,200043527,9.4,9.4,NULL,On,Yes,NULL,Yes,NULL,NULL,NULL,NULL,NULL,NULL,NULL,NULL,NULL,NULL,NULL,NULL,NULL,NULL,NULL,NULL,NULL,234,236,234,236,NULL,NULL,NULL,NULL,NULL,NULL,NULL,NULL,NULL,NULL,NULL,NULL,NULL,NULL,326350,NULL,151498,3,+,In/Out,Normal,NULL,10,117088,NULL,3,+,In/Out,Normal,NULL,11,117089,NULL,10,+,Out,Block,NULL,263,117085,NULL,NULL,NULL,NULL,NULL,NULL,NULL,NULL,NULL,NULL,NULL,NULL,NULL,NULL,NULL,NULL,NULL,NULL,NULL,NULL,NULL,NULL,NULL,NULL,NULL,.2,+,In/Out,Normal,NULL,Position,20,117094,NULL,NULL,NULL,NULL,NULL,NULL,NULL,NULL,NULL,NULL,NULL,NULL,NULL,NULL,NULL,NULL,NULL,NULL,151499,151500,NULL,NULL,NULL,NULL,326351,326352,NULL,
133,WALTERIA NO.4 BANK,Yes,Yes,Yes,3,81,901,Mva,9.4,9.4,9.4,9.4,9.4,9.4,.0001,.82,VarTapVolt,Local,81,Off,5,.98125,NULL,.0068,1.0697,0,NULL,.00001,0,3.88,4.12,Off,1,1,1,IncludedIfOwner,1,1,1,0,1,Off,Off,Off,Off,Off,NULL,NULL,NULL,NULL,NULL,NULL,NULL,NULL,NULL,NULL,NULL,NULL,NULL,NULL,NULL,NULL,NULL,NULL,NULL,NULL,NULL,NULL,NULL,+,-16,NULL,NULL,NULL,NULL,NULL,+,NULL,NULL,NULL,NULL,NULL,NULL,Off,Off,ToSide,1.5,0,0,0,0,None,NULL,NULL,NULL,NULL,NULL,NULL,NULL,NULL,NULL,NULL,NULL,NULL,NULL,32,1,Off,200043528,9.4,9.4,NULL,On,Yes,NULL,Yes,NULL,NULL,NULL,NULL,NULL,NULL,NULL,NULL,NULL,NULL,NULL,NULL,NULL,NULL,NULL,NULL,NULL,234,236,234,236,NULL,NULL,NULL,NULL,NULL,NULL,NULL,NULL,NULL,NULL,NULL,NULL,NULL,NULL,326353,NULL,151512,3,+,In/Out,Normal,NULL,10,117099,NULL,3,+,In/Out,Normal,NULL,11,117100,NULL,10,+,Out,Block,NULL,263,117096,NULL,NULL,NULL,NULL,NULL,NULL,NULL,NULL,NULL,NULL,NULL,NULL,NULL,NULL,NULL,NULL,NULL,NULL,NULL,NULL,NULL,NULL,NULL,NULL,NULL,.2,+,In/Out,Normal,NULL,Position,21,117105,NULL,NULL,NULL,NULL,NULL,NULL,NULL,NULL,NULL,NULL,NULL,NULL,NULL,NULL,NULL,NULL,NULL,NULL,151513,151514,NULL,NULL,NULL,NULL,326354,326355,NULL,
134,YUKON NO.1 BANK,Yes,Yes,Yes,4,4,1,Mva,18.2,20.3,20.3,18.2,20.3,20.3,.0001,.54,FixTapPhase,Local,1,Off,5,.8775,NULL,.02273,.8775,0,NULL,.00001,0,NULL,NULL,Off,1,1,1,IncludedIfOwner,1,.8775,1,0,1,Off,Off,Off,Off,Off,NULL,NULL,NULL,NULL,NULL,NULL,NULL,NULL,NULL,NULL,NULL,NULL,NULL,NULL,NULL,NULL,NULL,NULL,NULL,NULL,NULL,NULL,NULL,+,-2,NULL,NULL,NULL,NULL,NULL,+,NULL,NULL,NULL,NULL,NULL,NULL,Off,Off,ToSide,1.5,0,0,0,0,None,NULL,NULL,NULL,NULL,NULL,NULL,NULL,NULL,NULL,NULL,NULL,NULL,NULL,4,1,Off,206738588,12.5,12.5,NULL,On,Yes,NULL,Yes,NULL,NULL,NULL,Updated 081221,NULL,NULL,NULL,NULL,NULL,NULL,NULL,NULL,NULL,NULL,NULL,NULL,NULL,237,237,239,239,NULL,NULL,NULL,NULL,NULL,NULL,NULL,NULL,NULL,NULL,NULL,NULL,NULL,NULL,328652,NULL,NULL,NULL,NULL,NULL,NULL,NULL,NULL,NULL,NULL,NULL,NULL,NULL,NULL,NULL,NULL,NULL,NULL,NULL,NULL,NULL,NULL,NULL,NULL,NULL,NULL,3,-,In/Out,Normal,NULL,4023,118409,NULL,3,-,In/Out,Normal,NULL,4024,118410,NULL,10,+,Out,Block,NULL,263,118406,NULL,NULL,NULL,NULL,NULL,NULL,NULL,NULL,NULL,NULL,NULL,NULL,NULL,NULL,NULL,NULL,NULL,NULL,NULL,NULL,NULL,NULL,NULL,NULL,NULL,NULL,NULL,NULL,NULL,NULL,NULL,NULL,NULL,328653,328654,NULL,
135,YUKON NO.2 BANK,Yes,Yes,Yes,5,6,12,Mva,18.2,20.3,20.3,18.2,20.3,20.3,.0001,.54,FixTapPhase,Local,12,Off,5,.8775,NULL,.02273,.8775,0,NULL,.00001,0,NULL,NULL,Off,1,1,1,IncludedIfOwner,1,.8775,1,0,1,Off,Off,Off,Off,Off,NULL,NULL,NULL,NULL,NULL,NULL,NULL,NULL,NULL,NULL,NULL,NULL,NULL,NULL,NULL,NULL,NULL,NULL,NULL,NULL,NULL,NULL,NULL,+,-2,NULL,NULL,NULL,NULL,NULL,+,NULL,NULL,NULL,NULL,NULL,NULL,Off,Off,ToSide,1.5,0,0,0,0,None,NULL,NULL,NULL,NULL,NULL,NULL,NULL,NULL,NULL,NULL,NULL,NULL,NULL,4,1,Off,206758213,12.5,12.5,NULL,On,Yes,NULL,Yes,NULL,NULL,NULL,Updated 081221,NULL,NULL,NULL,NULL,NULL,NULL,NULL,NULL,NULL,NULL,NULL,NULL,NULL,237,237,239,239,NULL,NULL,NULL,NULL,NULL,NULL,NULL,NULL,NULL,NULL,NULL,NULL,NULL,NULL,328655,NULL,NULL,NULL,NULL,NULL,NULL,NULL,NULL,NULL,NULL,NULL,NULL,NULL,NULL,NULL,NULL,NULL,NULL,NULL,NULL,NULL,NULL,NULL,NULL,NULL,NULL,3,-,In/Out,Normal,NULL,4025,118419,NULL,3,-,In/Out,Normal,NULL,4026,118420,NULL,10,+,Out,Block,NULL,263,118416,NULL,NULL,NULL,NULL,NULL,NULL,NULL,NULL,NULL,NULL,NULL,NULL,NULL,NULL,NULL,NULL,NULL,NULL,NULL,NULL,NULL,NULL,NULL,NULL,NULL,NULL,NULL,NULL,NULL,NULL,NULL,NULL,NULL,328656,328657,NULL,
136,YUKON NO.3 BANK,Yes,Yes,Yes,6,8,12,Mva,34.12,40.6,40.6,34.12,40.6,40.6,.0001,.456,FixTapPhase,Local,12,Off,5,.8857,NULL,.0201,.9259,0,NULL,.00001,0,NULL,NULL,Off,1,1,1,IncludedIfOwner,1,.8857,1,0,1,Off,Off,Off,Off,Off,NULL,NULL,NULL,NULL,NULL,NULL,NULL,NULL,NULL,NULL,NULL,NULL,NULL,NULL,NULL,NULL,NULL,NULL,NULL,NULL,NULL,NULL,NULL,+,1,NULL,NULL,NULL,NULL,NULL,+,NULL,NULL,NULL,NULL,NULL,NULL,Off,Off,ToSide,1.5,0,0,0,0,None,NULL,NULL,NULL,NULL,NULL,NULL,NULL,NULL,NULL,NULL,NULL,NULL,NULL,4,1,Off,200042537,28,28,NULL,On,Yes,NULL,Yes,NULL,NULL,NULL,Updated 081221,NULL,NULL,NULL,NULL,NULL,NULL,NULL,NULL,NULL,NULL,NULL,NULL,NULL,237,237,238,238,NULL,NULL,NULL,NULL,NULL,NULL,NULL,NULL,NULL,NULL,NULL,NULL,NULL,NULL,328302,NULL,NULL,NULL,NULL,NULL,NULL,NULL,NULL,NULL,NULL,NULL,NULL,NULL,NULL,NULL,NULL,NULL,NULL,NULL,NULL,NULL,NULL,NULL,NULL,NULL,NULL,3,-,In/Out,Normal,NULL,4027,118399,NULL,3,-,In/Out,Normal,NULL,4028,118400,NULL,10,+,Out,Block,NULL,263,118395,NULL,NULL,NULL,NULL,NULL,NULL,NULL,NULL,NULL,NULL,NULL,NULL,NULL,NULL,NULL,NULL,NULL,NULL,NULL,NULL,NULL,NULL,NULL,NULL,NULL,NULL,NULL,NULL,NULL,NULL,NULL,NULL,NULL,328303,328304,NULL,
137,YUKON NO.4N BANK,Yes,Yes,Yes,7,704,704,Mva,36.4,40.6,40.6,36.4,40.6,40.6,.0001,.442,FixTapPhase,Local,5,Off,5,.8857,NULL,.0201,.9259,0,NULL,.00001,0,NULL,NULL,Off,1,1,1,IncludedIfOwner,1,.8857,1,0,1,Off,Off,Off,Off,Off,NULL,NULL,NULL,NULL,NULL,NULL,NULL,NULL,NULL,NULL,NULL,NULL,NULL,NULL,NULL,NULL,NULL,NULL,NULL,NULL,NULL,NULL,NULL,+,1,NULL,NULL,NULL,NULL,NULL,+,NULL,NULL,NULL,NULL,NULL,NULL,Off,Off,ToSide,1.5,0,0,0,0,None,NULL,NULL,NULL,NULL,NULL,NULL,NULL,NULL,NULL,NULL,NULL,NULL,NULL,4,1,Off,206652850,56,56,NULL,On,Yes,NULL,Yes,NULL,NULL,NULL,Updated 081221,NULL,NULL,NULL,NULL,NULL,NULL,NULL,NULL,NULL,NULL,NULL,NULL,NULL,237,237,238,238,NULL,NULL,NULL,NULL,NULL,NULL,NULL,NULL,NULL,NULL,NULL,NULL,NULL,NULL,331144,NULL,NULL,NULL,NULL,NULL,NULL,NULL,NULL,NULL,NULL,NULL,NULL,NULL,NULL,NULL,NULL,NULL,NULL,NULL,NULL,NULL,NULL,NULL,NULL,NULL,NULL,NULL,NULL,NULL,NULL,NULL,NULL,NULL,NULL,NULL,NULL,NULL,NULL,NULL,NULL,NULL,NULL,NULL,NULL,NULL,NULL,NULL,NULL,NULL,NULL,NULL,NULL,NULL,NULL,NULL,NULL,NULL,NULL,NULL,NULL,NULL,NULL,NULL,NULL,NULL,NULL,NULL,NULL,NULL,NULL,NULL,NULL,NULL,NULL,NULL,NULL,NULL,NULL,NULL,NULL,NULL,NULL,331145,331146,NULL,
495,LA FRESA NO.1A BANK,Yes,Yes,Yes,1,17,3,Mva,308,336,448,308,336,448,.0001,.06667,VarTapVolt,Local,17,Off,5,.91957,NULL,.00639,.97708,0,NULL,.00001,0,65.34,66.66,Off,1,1,1,IncludedIfOwner,1,1,1,0,1,On,On,On,Off,OnInBaseCaseAndCa,NULL,NULL,NULL,NULL,NULL,NULL,NULL,NULL,NULL,NULL,NULL,NULL,NULL,NULL,NULL,NULL,NULL,NULL,NULL,NULL,NULL,NULL,NULL,+,-16,NULL,NULL,NULL,NULL,NULL,+,NULL,NULL,NULL,NULL,NULL,NULL,On,On,FromSide,1.5,0,0,0,0,None,NULL,NULL,NULL,NULL,NULL,NULL,NULL,NULL,NULL,NULL,NULL,NULL,NULL,32,1,Off,205722887,280,280,NULL,On,Yes,NULL,Yes,NULL,NULL,NULL,NULL,NULL,NULL,NULL,NULL,NULL,NULL,NULL,NULL,NULL,NULL,NULL,NULL,NULL,199,200,199,200,NULL,NULL,NULL,NULL,NULL,NULL,NULL,NULL,NULL,NULL,NULL,NULL,NULL,NULL,311151,NULL,281606,3,-,In/Out,Normal,NULL,3985,222369,NULL,3,-,In/Out,Normal,NULL,3986,222370,NULL,10,+,Out,Block,NULL,263,222367,NULL,NULL,NULL,NULL,NULL,NULL,NULL,NULL,NULL,NULL,NULL,NULL,NULL,NULL,NULL,NULL,NULL,NULL,NULL,NULL,NULL,NULL,NULL,NULL,NULL,.2,+,In/Out,Normal,NULL,Position,3988,222377,NULL,NULL,NULL,NULL,NULL,NULL,NULL,NULL,NULL,NULL,NULL,NULL,NULL,NULL,NULL,NULL,NULL,NULL,281635,281636,NULL,NULL,NULL,NULL,NULL,NULL,310080,
605,MOBILOIL NO.7 BANK,No,No,Yes,7,705,131,Mva,6.25,6.25,6.25,6.25,6.25,6.25,.001,.055,FixTapPhase,Local,131,Off,0,.90476,NULL,.02063,.98728,0,NULL,.00001,0,NULL,NULL,Off,1,1,1,IncludedIfOwner,1,1,1,0,1,Off,Off,Off,Off,Off,NULL,NULL,NULL,NULL,NULL,NULL,NULL,NULL,NULL,NULL,NULL,NULL,NULL,NULL,NULL,NULL,NULL,NULL,NULL,NULL,NULL,NULL,NULL,+,-2,NULL,NULL,NULL,NULL,NULL,+,NULL,NULL,NULL,NULL,NULL,NULL,Off,Off,ToSide,1.5,.00025,.00025,0,0,None,NULL,NULL,NULL,NULL,NULL,NULL,NULL,NULL,NULL,NULL,NULL,NULL,NULL,4,1,Off,NULL,6.25,6.25,NULL,On,Yes,NULL,No,NULL,NULL,NULL,NULL,NULL,NULL,NULL,NULL,NULL,NULL,NULL,NULL,NULL,NULL,NULL,NULL,NULL,1708,1708,1939,1939,NULL,NULL,NULL,NULL,NULL,NULL,NULL,NULL,NULL,NULL,NULL,NULL,NULL,NULL,313169,NULL,NULL,NULL,NULL,NULL,NULL,NULL,NULL,NULL,NULL,NULL,NULL,NULL,NULL,NULL,NULL,NULL,NULL,NULL,NULL,NULL,NULL,NULL,NULL,NULL,NULL,NULL,NULL,NULL,NULL,NULL,NULL,NULL,NULL,NULL,NULL,NULL,NULL,NULL,NULL,NULL,NULL,NULL,NULL,NULL,NULL,NULL,NULL,NULL,NULL,NULL,NULL,NULL,NULL,NULL,NULL,NULL,NULL,NULL,NULL,NULL,NULL,NULL,NULL,NULL,NULL,NULL,NULL,NULL,NULL,NULL,NULL,NULL,NULL,NULL,NULL,NULL,NULL,NULL,NULL,NULL,NULL,313170,313171,NULL,
606,MOBILOIL NO.8 BANK,No,No,Yes,8,706,101,Mva,6.25,6.25,6.25,6.25,6.25,6.25,.001,.055,FixTapPhase,Local,101,Off,0,.90476,NULL,.02063,.98728,0,NULL,.00001,0,NULL,NULL,Off,1,1,1,IncludedIfOwner,1,1,1,0,1,Off,Off,Off,Off,Off,NULL,NULL,NULL,NULL,NULL,NULL,NULL,NULL,NULL,NULL,NULL,NULL,NULL,NULL,NULL,NULL,NULL,NULL,NULL,NULL,NULL,NULL,NULL,+,-2,NULL,NULL,NULL,NULL,NULL,+,NULL,NULL,NULL,NULL,NULL,NULL,Off,Off,ToSide,1.5,.00025,.00025,0,0,None,NULL,NULL,NULL,NULL,NULL,NULL,NULL,NULL,NULL,NULL,NULL,NULL,NULL,4,1,Off,NULL,6.25,6.25,NULL,On,Yes,NULL,No,NULL,NULL,NULL,NULL,NULL,NULL,NULL,NULL,NULL,NULL,NULL,NULL,NULL,NULL,NULL,NULL,NULL,1708,1708,1939,1939,NULL,NULL,NULL,NULL,NULL,NULL,NULL,NULL,NULL,NULL,NULL,NULL,NULL,NULL,313172,NULL,NULL,NULL,NULL,NULL,NULL,NULL,NULL,NULL,NULL,NULL,NULL,NULL,NULL,NULL,NULL,NULL,NULL,NULL,NULL,NULL,NULL,NULL,NULL,NULL,NULL,NULL,NULL,NULL,NULL,NULL,NULL,NULL,NULL,NULL,NULL,NULL,NULL,NULL,NULL,NULL,NULL,NULL,NULL,NULL,NULL,NULL,NULL,NULL,NULL,NULL,NULL,NULL,NULL,NULL,NULL,NULL,NULL,NULL,NULL,NULL,NULL,NULL,NULL,NULL,NULL,NULL,NULL,NULL,NULL,NULL,NULL,NULL,NULL,NULL,NULL,NULL,NULL,NULL,NULL,NULL,NULL,313173,313174,NULL,
794,COMPRESS NO.7 BANK,Yes,Yes,Yes,1,15,111,Mva,22.4,28,28,22.4,28,28,.0005,.5333,FixTapPhase,Local,111,Off,5,.8842,NULL,.0251,.9344,0,NULL,.00001,0,NULL,NULL,Off,1,1,1,IncludedIfOwner,1,.8842,1,0,1,Off,Off,Off,Off,Off,NULL,NULL,NULL,NULL,NULL,NULL,NULL,NULL,NULL,NULL,NULL,NULL,NULL,NULL,NULL,NULL,NULL,NULL,NULL,NULL,NULL,NULL,NULL,+,1,NULL,NULL,NULL,NULL,NULL,+,NULL,NULL,NULL,NULL,NULL,NULL,Off,Off,ToSide,1.5,0,0,0,0,None,NULL,NULL,NULL,NULL,NULL,NULL,NULL,NULL,NULL,NULL,NULL,NULL,NULL,4,1,Off,200043110,28,28,NULL,On,Yes,NULL,Yes,NULL,NULL,NULL,NULL,NULL,NULL,NULL,NULL,NULL,NULL,NULL,NULL,NULL,NULL,NULL,NULL,NULL,206,206,1698,1698,NULL,NULL,NULL,NULL,NULL,NULL,NULL,NULL,NULL,NULL,NULL,NULL,NULL,NULL,311910,NULL,NULL,NULL,NULL,NULL,NULL,NULL,NULL,NULL,NULL,NULL,NULL,NULL,NULL,NULL,NULL,NULL,NULL,NULL,NULL,NULL,NULL,NULL,NULL,NULL,NULL,NULL,NULL,NULL,NULL,NULL,NULL,NULL,NULL,NULL,NULL,NULL,NULL,NULL,NULL,NULL,NULL,NULL,NULL,NULL,NULL,NULL,NULL,NULL,NULL,NULL,NULL,NULL,NULL,NULL,NULL,NULL,NULL,NULL,NULL,NULL,NULL,NULL,NULL,NULL,NULL,NULL,NULL,NULL,NULL,NULL,NULL,NULL,NULL,NULL,NULL,NULL,NULL,NULL,NULL,NULL,NULL,311911,311912,NULL,
817,COMPRESS NO.8 BANK,Yes,Yes,Yes,2,17,112,Mva,22.4,28,28,22.4,28,28,.0005,.5333,FixTapPhase,Local,112,Off,5,.8842,NULL,.0251,.9344,0,NULL,.00001,0,NULL,NULL,Off,1,1,1,IncludedIfOwner,1,.8842,1,0,1,Off,Off,Off,Off,Off,NULL,NULL,NULL,NULL,NULL,NULL,NULL,NULL,NULL,NULL,NULL,NULL,NULL,NULL,NULL,NULL,NULL,NULL,NULL,NULL,NULL,NULL,NULL,+,1,NULL,NULL,NULL,NULL,NULL,+,NULL,NULL,NULL,NULL,NULL,NULL,Off,Off,ToSide,1.5,0,0,0,0,None,NULL,NULL,NULL,NULL,NULL,NULL,NULL,NULL,NULL,NULL,NULL,NULL,NULL,4,1,Off,200043111,28,28,NULL,On,Yes,NULL,Yes,NULL,NULL,NULL,NULL,NULL,NULL,NULL,NULL,NULL,NULL,NULL,NULL,NULL,NULL,NULL,NULL,NULL,206,206,1698,1698,NULL,NULL,NULL,NULL,NULL,NULL,NULL,NULL,NULL,NULL,NULL,NULL,NULL,NULL,311913,NULL,NULL,NULL,NULL,NULL,NULL,NULL,NULL,NULL,NULL,NULL,NULL,NULL,NULL,NULL,NULL,NULL,NULL,NULL,NULL,NULL,NULL,NULL,NULL,NULL,NULL,NULL,NULL,NULL,NULL,NULL,NULL,NULL,NULL,NULL,NULL,NULL,NULL,NULL,NULL,NULL,NULL,NULL,NULL,NULL,NULL,NULL,NULL,NULL,NULL,NULL,NULL,NULL,NULL,NULL,NULL,NULL,NULL,NULL,NULL,NULL,NULL,NULL,NULL,NULL,NULL,NULL,NULL,NULL,NULL,NULL,NULL,NULL,NULL,NULL,NULL,NULL,NULL,NULL,NULL,NULL,NULL,311914,311915,NULL,
818,COMPRESS NO.9 BANK,Yes,Yes,Yes,3,19,113,Mva,22.4,28,28,22.4,28,28,.0005,.5333,FixTapPhase,Local,113,Off,5,.8842,NULL,.0251,.9344,0,NULL,.00001,0,NULL,NULL,Off,1,1,1,IncludedIfOwner,1,.8842,1,0,1,Off,Off,Off,Off,Off,NULL,NULL,NULL,NULL,NULL,NULL,NULL,NULL,NULL,NULL,NULL,NULL,NULL,NULL,NULL,NULL,NULL,NULL,NULL,NULL,NULL,NULL,NULL,+,1,NULL,NULL,NULL,NULL,NULL,+,NULL,NULL,NULL,NULL,NULL,NULL,Off,Off,ToSide,1.5,0,0,0,0,None,NULL,NULL,NULL,NULL,NULL,NULL,NULL,NULL,NULL,NULL,NULL,NULL,NULL,4,1,Off,200042864,28,28,NULL,On,Yes,NULL,Yes,NULL,NULL,NULL,NULL,NULL,NULL,NULL,NULL,NULL,NULL,NULL,NULL,NULL,NULL,NULL,NULL,NULL,206,206,1698,1698,NULL,NULL,NULL,NULL,NULL,NULL,NULL,NULL,NULL,NULL,NULL,NULL,NULL,NULL,311916,NULL,NULL,NULL,NULL,NULL,NULL,NULL,NULL,NULL,NULL,NULL,NULL,NULL,NULL,NULL,NULL,NULL,NULL,NULL,NULL,NULL,NULL,NULL,NULL,NULL,NULL,NULL,NULL,NULL,NULL,NULL,NULL,NULL,NULL,NULL,NULL,NULL,NULL,NULL,NULL,NULL,NULL,NULL,NULL,NULL,NULL,NULL,NULL,NULL,NULL,NULL,NULL,NULL,NULL,NULL,NULL,NULL,NULL,NULL,NULL,NULL,NULL,NULL,NULL,NULL,NULL,NULL,NULL,NULL,NULL,NULL,NULL,NULL,NULL,NULL,NULL,NULL,NULL,NULL,NULL,NULL,NULL,311917,311918,NULL,
830,COMPRESS NO.10 BANK,Yes,Yes,Yes,4,21,114,Mva,22.4,28,28,22.4,28,28,.0005,.5333,FixTapPhase,Local,114,Off,5,.8842,NULL,.0251,.9344,0,NULL,.00001,0,NULL,NULL,Off,1,1,1,IncludedIfOwner,1,.8842,1,0,1,Off,Off,Off,Off,Off,NULL,NULL,NULL,NULL,NULL,NULL,NULL,NULL,NULL,NULL,NULL,NULL,NULL,NULL,NULL,NULL,NULL,NULL,NULL,NULL,NULL,NULL,NULL,+,1,NULL,NULL,NULL,NULL,NULL,+,NULL,NULL,NULL,NULL,NULL,NULL,Off,Off,ToSide,1.5,0,0,0,0,None,NULL,NULL,NULL,NULL,NULL,NULL,NULL,NULL,NULL,NULL,NULL,NULL,NULL,4,1,Off,200042865,28,28,NULL,On,Yes,NULL,Yes,NULL,NULL,NULL,NULL,NULL,NULL,NULL,NULL,NULL,NULL,NULL,NULL,NULL,NULL,NULL,NULL,NULL,206,206,1698,1698,NULL,NULL,NULL,NULL,NULL,NULL,NULL,NULL,NULL,NULL,NULL,NULL,NULL,NULL,311919,NULL,NULL,NULL,NULL,NULL,NULL,NULL,NULL,NULL,NULL,NULL,NULL,NULL,NULL,NULL,NULL,NULL,NULL,NULL,NULL,NULL,NULL,NULL,NULL,NULL,NULL,NULL,NULL,NULL,NULL,NULL,NULL,NULL,NULL,NULL,NULL,NULL,NULL,NULL,NULL,NULL,NULL,NULL,NULL,NULL,NULL,NULL,NULL,NULL,NULL,NULL,NULL,NULL,NULL,NULL,NULL,NULL,NULL,NULL,NULL,NULL,NULL,NULL,NULL,NULL,NULL,NULL,NULL,NULL,NULL,NULL,NULL,NULL,NULL,NULL,NULL,NULL,NULL,NULL,NULL,NULL,NULL,311920,311921,NULL,
831,COSMIC NO.1 BANK,Yes,Yes,Yes,1,900,101,Mva,22.4,28,28,22.4,28,28,.0005,.5333,FixTapPhase,Local,101,Off,5,.8842,NULL,.0251,.9344,0,NULL,.00001,0,NULL,NULL,Off,1,1,1,IncludedIfOwner,1,.8842,1,0,1,Off,Off,Off,Off,Off,NULL,NULL,NULL,NULL,NULL,NULL,NULL,NULL,NULL,NULL,NULL,NULL,NULL,NULL,NULL,NULL,NULL,NULL,NULL,NULL,NULL,NULL,NULL,+,1,NULL,NULL,NULL,NULL,NULL,+,NULL,NULL,NULL,NULL,NULL,NULL,Off,Off,ToSide,1.5,0,0,0,0,None,NULL,NULL,NULL,NULL,NULL,NULL,NULL,NULL,NULL,NULL,NULL,NULL,NULL,4,1,Off,200043117,28,28,NULL,On,Yes,NULL,Yes,NULL,NULL,NULL,NULL,NULL,NULL,NULL,NULL,NULL,NULL,NULL,NULL,NULL,NULL,NULL,NULL,NULL,207,207,1699,1699,NULL,NULL,NULL,NULL,NULL,NULL,NULL,NULL,NULL,NULL,NULL,NULL,NULL,NULL,311923,NULL,NULL,NULL,NULL,NULL,NULL,NULL,NULL,NULL,NULL,NULL,NULL,NULL,NULL,NULL,NULL,NULL,NULL,NULL,NULL,NULL,NULL,NULL,NULL,NULL,NULL,NULL,NULL,NULL,NULL,NULL,NULL,NULL,NULL,NULL,NULL,NULL,NULL,NULL,NULL,NULL,NULL,NULL,NULL,NULL,NULL,NULL,NULL,NULL,NULL,NULL,NULL,NULL,NULL,NULL,NULL,NULL,NULL,NULL,NULL,NULL,NULL,NULL,NULL,NULL,NULL,NULL,NULL,NULL,NULL,NULL,NULL,NULL,NULL,NULL,NULL,NULL,NULL,NULL,NULL,NULL,NULL,311924,311925,NULL,
832,MOOG NO.1 BANK,Yes,Yes,Yes,1,901,101,Mva,5.6,5.6,5.6,5.6,5.6,5.6,.0005,.5333,FixTapPhase,Local,101,Off,5,.8842,NULL,.0251,.9344,0,NULL,.00001,0,NULL,NULL,Off,1,1,1,IncludedIfOwner,1,.8842,1,0,1,Off,Off,Off,Off,Off,NULL,NULL,NULL,NULL,NULL,NULL,NULL,NULL,NULL,NULL,NULL,NULL,NULL,NULL,NULL,NULL,NULL,NULL,NULL,NULL,NULL,NULL,NULL,+,1,NULL,NULL,NULL,NULL,NULL,+,NULL,NULL,NULL,NULL,NULL,NULL,Off,Off,ToSide,1.5,0,0,0,0,None,NULL,NULL,NULL,NULL,NULL,NULL,NULL,NULL,NULL,NULL,NULL,NULL,NULL,4,1,Off,200042831,5.6,5.6,NULL,On,Yes,NULL,Yes,NULL,NULL,NULL,NULL,NULL,NULL,NULL,NULL,NULL,NULL,NULL,NULL,NULL,NULL,NULL,NULL,NULL,218,218,1704,1704,NULL,NULL,NULL,NULL,NULL,NULL,NULL,NULL,NULL,NULL,NULL,NULL,NULL,NULL,311927,NULL,NULL,NULL,NULL,NULL,NULL,NULL,NULL,NULL,NULL,NULL,NULL,NULL,NULL,NULL,NULL,NULL,NULL,NULL,NULL,NULL,NULL,NULL,NULL,NULL,NULL,NULL,NULL,NULL,NULL,NULL,NULL,NULL,NULL,NULL,NULL,NULL,NULL,NULL,NULL,NULL,NULL,NULL,NULL,NULL,NULL,NULL,NULL,NULL,NULL,NULL,NULL,NULL,NULL,NULL,NULL,NULL,NULL,NULL,NULL,NULL,NULL,NULL,NULL,NULL,NULL,NULL,NULL,NULL,NULL,NULL,NULL,NULL,NULL,NULL,NULL,NULL,NULL,NULL,NULL,NULL,NULL,311928,311929,NULL,
835,HUGHTRON NO.1 BANK,Yes,Yes,Yes,1,900,111,Mva,18.41,22.36,22.36,18.41,22.36,22.36,.0005,.5333,FixTapPhase,Local,111,Off,5,.9846,NULL,.0255,.9846,0,NULL,.00001,0,NULL,NULL,Off,1,1,1,IncludedIfOwner,1,.9846,1,0,1,Off,Off,Off,Off,Off,NULL,NULL,NULL,NULL,NULL,NULL,NULL,NULL,NULL,NULL,NULL,NULL,NULL,NULL,NULL,NULL,NULL,NULL,NULL,NULL,NULL,NULL,NULL,+,-4,NULL,NULL,NULL,NULL,NULL,+,NULL,NULL,NULL,NULL,NULL,NULL,Off,Off,ToSide,1.5,0,0,0,0,None,NULL,NULL,NULL,NULL,NULL,NULL,NULL,NULL,NULL,NULL,NULL,NULL,NULL,4,1,Off,200043232,14,14,NULL,On,Yes,NULL,Yes,NULL,NULL,NULL,Updated 081221,NULL,NULL,NULL,NULL,NULL,NULL,NULL,NULL,NULL,NULL,NULL,NULL,NULL,214,214,1706,1706,NULL,NULL,NULL,NULL,NULL,NULL,NULL,NULL,NULL,NULL,NULL,NULL,NULL,NULL,311938,NULL,NULL,NULL,NULL,NULL,NULL,NULL,NULL,NULL,NULL,NULL,NULL,NULL,NULL,NULL,NULL,NULL,NULL,NULL,NULL,NULL,NULL,NULL,NULL,NULL,NULL,NULL,NULL,NULL,NULL,NULL,NULL,NULL,NULL,NULL,NULL,NULL,NULL,NULL,NULL,NULL,NULL,NULL,NULL,NULL,NULL,NULL,NULL,NULL,NULL,NULL,NULL,NULL,NULL,NULL,NULL,NULL,NULL,NULL,NULL,NULL,NULL,NULL,NULL,NULL,NULL,NULL,NULL,NULL,NULL,NULL,NULL,NULL,NULL,NULL,NULL,NULL,NULL,NULL,NULL,NULL,NULL,311939,311940,NULL,
836,AMCO NO.1 BANK,Yes,Yes,Yes,1,900,111,Mva,22.4,28,28,22.4,28,28,.0005,.5333,FixTapPhase,Local,111,Off,5,.8842,NULL,.0251,.9344,0,NULL,.00001,0,NULL,NULL,Off,1,1,1,IncludedIfOwner,1,.8842,1,0,1,Off,Off,Off,Off,Off,NULL,NULL,NULL,NULL,NULL,NULL,NULL,NULL,NULL,NULL,NULL,NULL,NULL,NULL,NULL,NULL,NULL,NULL,NULL,NULL,NULL,NULL,NULL,+,1,NULL,NULL,NULL,NULL,NULL,+,NULL,NULL,NULL,NULL,NULL,NULL,Off,Off,ToSide,1.5,0,0,0,0,None,NULL,NULL,NULL,NULL,NULL,NULL,NULL,NULL,NULL,NULL,NULL,NULL,NULL,4,1,Off,200043016,28,28,NULL,On,Yes,NULL,Yes,NULL,NULL,NULL,NULL,NULL,NULL,NULL,NULL,NULL,NULL,NULL,NULL,NULL,NULL,NULL,NULL,NULL,203,203,1707,1707,NULL,NULL,NULL,NULL,NULL,NULL,NULL,NULL,NULL,NULL,NULL,NULL,NULL,NULL,311942,NULL,NULL,NULL,NULL,NULL,NULL,NULL,NULL,NULL,NULL,NULL,NULL,NULL,NULL,NULL,NULL,NULL,NULL,NULL,NULL,NULL,NULL,NULL,NULL,NULL,NULL,NULL,NULL,NULL,NULL,NULL,NULL,NULL,NULL,NULL,NULL,NULL,NULL,NULL,NULL,NULL,NULL,NULL,NULL,NULL,NULL,NULL,NULL,NULL,NULL,NULL,NULL,NULL,NULL,NULL,NULL,NULL,NULL,NULL,NULL,NULL,NULL,NULL,NULL,NULL,NULL,NULL,NULL,NULL,NULL,NULL,NULL,NULL,NULL,NULL,NULL,NULL,NULL,NULL,NULL,NULL,NULL,311943,311944,NULL,
837,MOBILOIL NO.1 BANK,Yes,Yes,Yes,1,1,201,Mva,22.4,28,28,22.4,28,28,.0005,.5333,FixTapPhase,Local,201,Off,5,.8842,NULL,.0251,.9344,0,NULL,.00001,0,NULL,NULL,Off,1,1,1,IncludedIfOwner,1,.8842,1,0,1,Off,Off,Off,Off,Off,NULL,NULL,NULL,NULL,NULL,NULL,NULL,NULL,NULL,NULL,NULL,NULL,NULL,NULL,NULL,NULL,NULL,NULL,NULL,NULL,NULL,NULL,NULL,+,1,NULL,NULL,NULL,NULL,NULL,+,NULL,NULL,NULL,NULL,NULL,NULL,Off,Off,ToSide,1.5,0,0,0,0,None,NULL,NULL,NULL,NULL,NULL,NULL,NULL,NULL,NULL,NULL,NULL,NULL,NULL,4,1,Off,200043339,28,28,NULL,On,Yes,NULL,Yes,NULL,NULL,NULL,NULL,NULL,NULL,NULL,NULL,NULL,NULL,NULL,NULL,NULL,NULL,NULL,NULL,NULL,217,217,1708,1708,NULL,NULL,NULL,NULL,NULL,NULL,NULL,NULL,NULL,NULL,NULL,NULL,NULL,NULL,311946,NULL,NULL,NULL,NULL,NULL,NULL,NULL,NULL,NULL,NULL,NULL,NULL,NULL,NULL,NULL,NULL,NULL,NULL,NULL,NULL,NULL,NULL,NULL,NULL,NULL,NULL,NULL,NULL,NULL,NULL,NULL,NULL,NULL,NULL,NULL,NULL,NULL,NULL,NULL,NULL,NULL,NULL,NULL,NULL,NULL,NULL,NULL,NULL,NULL,NULL,NULL,NULL,NULL,NULL,NULL,NULL,NULL,NULL,NULL,NULL,NULL,NULL,NULL,NULL,NULL,NULL,NULL,NULL,NULL,NULL,NULL,NULL,NULL,NULL,NULL,NULL,NULL,NULL,NULL,NULL,NULL,NULL,311947,311948,NULL,
838,MOBILOIL NO.2 BANK,Yes,Yes,Yes,2,2,202,Mva,22.4,28,28,22.4,28,28,.0005,.5333,FixTapPhase,Local,202,Off,5,.8842,NULL,.0251,.9344,0,NULL,.00001,0,NULL,NULL,Off,1,1,1,IncludedIfOwner,1,.8842,1,0,1,Off,Off,Off,Off,Off,NULL,NULL,NULL,NULL,NULL,NULL,NULL,NULL,NULL,NULL,NULL,NULL,NULL,NULL,NULL,NULL,NULL,NULL,NULL,NULL,NULL,NULL,NULL,+,1,NULL,NULL,NULL,NULL,NULL,+,NULL,NULL,NULL,NULL,NULL,NULL,Off,Off,ToSide,1.5,0,0,0,0,None,NULL,NULL,NULL,NULL,NULL,NULL,NULL,NULL,NULL,NULL,NULL,NULL,NULL,4,1,Off,200043340,28,28,NULL,On,Yes,NULL,Yes,NULL,NULL,NULL,NULL,NULL,NULL,NULL,NULL,NULL,NULL,NULL,NULL,NULL,NULL,NULL,NULL,NULL,217,217,1708,1708,NULL,NULL,NULL,NULL,NULL,NULL,NULL,NULL,NULL,NULL,NULL,NULL,NULL,NULL,311949,NULL,NULL,NULL,NULL,NULL,NULL,NULL,NULL,NULL,NULL,NULL,NULL,NULL,NULL,NULL,NULL,NULL,NULL,NULL,NULL,NULL,NULL,NULL,NULL,NULL,NULL,NULL,NULL,NULL,NULL,NULL,NULL,NULL,NULL,NULL,NULL,NULL,NULL,NULL,NULL,NULL,NULL,NULL,NULL,NULL,NULL,NULL,NULL,NULL,NULL,NULL,NULL,NULL,NULL,NULL,NULL,NULL,NULL,NULL,NULL,NULL,NULL,NULL,NULL,NULL,NULL,NULL,NULL,NULL,NULL,NULL,NULL,NULL,NULL,NULL,NULL,NULL,NULL,NULL,NULL,NULL,NULL,311950,311951,NULL,
839,MOBILOIL NO.3 BANK,Yes,Yes,Yes,3,3,203,Mva,22.4,28,28,22.4,28,28,.0005,.5333,FixTapPhase,Local,203,Off,5,.8842,NULL,.0251,.9344,0,NULL,.00001,0,NULL,NULL,Off,1,1,1,IncludedIfOwner,1,.8842,1,0,1,Off,Off,Off,Off,Off,NULL,NULL,NULL,NULL,NULL,NULL,NULL,NULL,NULL,NULL,NULL,NULL,NULL,NULL,NULL,NULL,NULL,NULL,NULL,NULL,NULL,NULL,NULL,+,1,NULL,NULL,NULL,NULL,NULL,+,NULL,NULL,NULL,NULL,NULL,NULL,Off,Off,ToSide,1.5,0,0,0,0,None,NULL,NULL,NULL,NULL,NULL,NULL,NULL,NULL,NULL,NULL,NULL,NULL,NULL,4,1,Off,200043341,28,28,NULL,On,Yes,NULL,Yes,NULL,NULL,NULL,NULL,NULL,NULL,NULL,NULL,NULL,NULL,NULL,NULL,NULL,NULL,NULL,NULL,NULL,217,217,1708,1708,NULL,NULL,NULL,NULL,NULL,NULL,NULL,NULL,NULL,NULL,NULL,NULL,NULL,NULL,311952,NULL,NULL,NULL,NULL,NULL,NULL,NULL,NULL,NULL,NULL,NULL,NULL,NULL,NULL,NULL,NULL,NULL,NULL,NULL,NULL,NULL,NULL,NULL,NULL,NULL,NULL,NULL,NULL,NULL,NULL,NULL,NULL,NULL,NULL,NULL,NULL,NULL,NULL,NULL,NULL,NULL,NULL,NULL,NULL,NULL,NULL,NULL,NULL,NULL,NULL,NULL,NULL,NULL,NULL,NULL,NULL,NULL,NULL,NULL,NULL,NULL,NULL,NULL,NULL,NULL,NULL,NULL,NULL,NULL,NULL,NULL,NULL,NULL,NULL,NULL,NULL,NULL,NULL,NULL,NULL,NULL,NULL,311953,311954,NULL,
840,MOBILOIL NO.4 BANK,Yes,Yes,Yes,4,4,204,Mva,22.4,28,28,22.4,28,28,.0005,.5333,FixTapPhase,Local,204,Off,5,.8842,NULL,.0251,.9344,0,NULL,.00001,0,NULL,NULL,Off,1,1,1,IncludedIfOwner,1,.8842,1,0,1,Off,Off,Off,Off,Off,NULL,NULL,NULL,NULL,NULL,NULL,NULL,NULL,NULL,NULL,NULL,NULL,NULL,NULL,NULL,NULL,NULL,NULL,NULL,NULL,NULL,NULL,NULL,+,1,NULL,NULL,NULL,NULL,NULL,+,NULL,NULL,NULL,NULL,NULL,NULL,Off,Off,ToSide,1.5,0,0,0,0,None,NULL,NULL,NULL,NULL,NULL,NULL,NULL,NULL,NULL,NULL,NULL,NULL,NULL,4,1,Off,200043342,28,28,NULL,On,Yes,NULL,Yes,NULL,NULL,NULL,NULL,NULL,NULL,NULL,NULL,NULL,NULL,NULL,NULL,NULL,NULL,NULL,NULL,NULL,217,217,1708,1708,NULL,NULL,NULL,NULL,NULL,NULL,NULL,NULL,NULL,NULL,NULL,NULL,NULL,NULL,311955,NULL,NULL,NULL,NULL,NULL,NULL,NULL,NULL,NULL,NULL,NULL,NULL,NULL,NULL,NULL,NULL,NULL,NULL,NULL,NULL,NULL,NULL,NULL,NULL,NULL,NULL,NULL,NULL,NULL,NULL,NULL,NULL,NULL,NULL,NULL,NULL,NULL,NULL,NULL,NULL,NULL,NULL,NULL,NULL,NULL,NULL,NULL,NULL,NULL,NULL,NULL,NULL,NULL,NULL,NULL,NULL,NULL,NULL,NULL,NULL,NULL,NULL,NULL,NULL,NULL,NULL,NULL,NULL,NULL,NULL,NULL,NULL,NULL,NULL,NULL,NULL,NULL,NULL,NULL,NULL,NULL,NULL,311956,311957,NULL,
841,MOBILOIL NO.5 BANK,Yes,Yes,Yes,5,5,205,Mva,22.4,28,28,22.4,28,28,.0005,.5333,FixTapPhase,Local,205,Off,5,.8842,NULL,.0251,.9344,0,NULL,.00001,0,NULL,NULL,Off,1,1,1,IncludedIfOwner,1,.8842,1,0,1,Off,Off,Off,Off,Off,NULL,NULL,NULL,NULL,NULL,NULL,NULL,NULL,NULL,NULL,NULL,NULL,NULL,NULL,NULL,NULL,NULL,NULL,NULL,NULL,NULL,NULL,NULL,+,1,NULL,NULL,NULL,NULL,NULL,+,NULL,NULL,NULL,NULL,NULL,NULL,Off,Off,ToSide,1.5,0,0,0,0,None,NULL,NULL,NULL,NULL,NULL,NULL,NULL,NULL,NULL,NULL,NULL,NULL,NULL,4,1,Off,207026769,28,28,NULL,On,Yes,NULL,Yes,NULL,NULL,NULL,NULL,NULL,NULL,NULL,NULL,NULL,NULL,NULL,NULL,NULL,NULL,NULL,NULL,NULL,217,217,1708,1708,NULL,NULL,NULL,NULL,NULL,NULL,NULL,NULL,NULL,NULL,NULL,NULL,NULL,NULL,311958,NULL,NULL,NULL,NULL,NULL,NULL,NULL,NULL,NULL,NULL,NULL,NULL,NULL,NULL,NULL,NULL,NULL,NULL,NULL,NULL,NULL,NULL,NULL,NULL,NULL,NULL,NULL,NULL,NULL,NULL,NULL,NULL,NULL,NULL,NULL,NULL,NULL,NULL,NULL,NULL,NULL,NULL,NULL,NULL,NULL,NULL,NULL,NULL,NULL,NULL,NULL,NULL,NULL,NULL,NULL,NULL,NULL,NULL,NULL,NULL,NULL,NULL,NULL,NULL,NULL,NULL,NULL,NULL,NULL,NULL,NULL,NULL,NULL,NULL,NULL,NULL,NULL,NULL,NULL,NULL,NULL,NULL,311959,311960,NULL,
842,MOBILOIL NO.6 BANK,Yes,Yes,Yes,6,6,206,Mva,22.4,28,28,22.4,28,28,.0005,.5333,FixTapPhase,Local,206,Off,5,.8842,NULL,.0251,.9344,0,NULL,.00001,0,NULL,NULL,Off,1,1,1,IncludedIfOwner,1,.8842,1,0,1,Off,Off,Off,Off,Off,NULL,NULL,NULL,NULL,NULL,NULL,NULL,NULL,NULL,NULL,NULL,NULL,NULL,NULL,NULL,NULL,NULL,NULL,NULL,NULL,NULL,NULL,NULL,+,1,NULL,NULL,NULL,NULL,NULL,+,NULL,NULL,NULL,NULL,NULL,NULL,Off,Off,ToSide,1.5,0,0,0,0,None,NULL,NULL,NULL,NULL,NULL,NULL,NULL,NULL,NULL,NULL,NULL,NULL,NULL,4,1,Off,200043344,28,28,NULL,On,Yes,NULL,Yes,NULL,NULL,NULL,NULL,NULL,NULL,NULL,NULL,NULL,NULL,NULL,NULL,NULL,NULL,NULL,NULL,NULL,217,217,1708,1708,NULL,NULL,NULL,NULL,NULL,NULL,NULL,NULL,NULL,NULL,NULL,NULL,NULL,NULL,311961,NULL,NULL,NULL,NULL,NULL,NULL,NULL,NULL,NULL,NULL,NULL,NULL,NULL,NULL,NULL,NULL,NULL,NULL,NULL,NULL,NULL,NULL,NULL,NULL,NULL,NULL,NULL,NULL,NULL,NULL,NULL,NULL,NULL,NULL,NULL,NULL,NULL,NULL,NULL,NULL,NULL,NULL,NULL,NULL,NULL,NULL,NULL,NULL,NULL,NULL,NULL,NULL,NULL,NULL,NULL,NULL,NULL,NULL,NULL,NULL,NULL,NULL,NULL,NULL,NULL,NULL,NULL,NULL,NULL,NULL,NULL,NULL,NULL,NULL,NULL,NULL,NULL,NULL,NULL,NULL,NULL,NULL,311962,311963,NULL,
843,NORTHROP NO.1 BANK,Yes,Yes,Yes,1,102,901,Mva,22.4,22.4,22.4,22.4,22.4,22.4,.0005,.5333,FixTapPhase,Local,901,Off,5,.9846,NULL,.0255,.9846,0,NULL,.00001,0,NULL,NULL,Off,1,1,1,IncludedIfOwner,1,.9846,1,0,1,Off,Off,Off,Off,Off,NULL,NULL,NULL,NULL,NULL,NULL,NULL,NULL,NULL,NULL,NULL,NULL,NULL,NULL,NULL,NULL,NULL,NULL,NULL,NULL,NULL,NULL,NULL,+,-4,NULL,NULL,NULL,NULL,NULL,+,NULL,NULL,NULL,NULL,NULL,NULL,Off,Off,ToSide,1.5,0,0,0,0,None,NULL,NULL,NULL,NULL,NULL,NULL,NULL,NULL,NULL,NULL,NULL,NULL,NULL,4,1,Off,200042694,22.4,22.4,NULL,On,Yes,NULL,Yes,NULL,NULL,NULL,NULL,NULL,NULL,NULL,NULL,NULL,NULL,NULL,NULL,NULL,NULL,NULL,NULL,NULL,219,219,1709,1709,NULL,NULL,NULL,NULL,NULL,NULL,NULL,NULL,NULL,NULL,NULL,NULL,NULL,NULL,311965,NULL,NULL,NULL,NULL,NULL,NULL,NULL,NULL,NULL,NULL,NULL,NULL,NULL,NULL,NULL,NULL,NULL,NULL,NULL,NULL,NULL,NULL,NULL,NULL,NULL,NULL,NULL,NULL,NULL,NULL,NULL,NULL,NULL,NULL,NULL,NULL,NULL,NULL,NULL,NULL,NULL,NULL,NULL,NULL,NULL,NULL,NULL,NULL,NULL,NULL,NULL,NULL,NULL,NULL,NULL,NULL,NULL,NULL,NULL,NULL,NULL,NULL,NULL,NULL,NULL,NULL,NULL,NULL,NULL,NULL,NULL,NULL,NULL,NULL,NULL,NULL,NULL,NULL,NULL,NULL,NULL,NULL,311966,311967,NULL,
844,NORTHROP NO.2 BANK,Yes,Yes,Yes,2,105,902,Mva,22.4,22.4,22.4,22.4,22.4,22.4,.0005,.5333,FixTapPhase,Local,902,Off,5,.9846,NULL,.0255,.9846,0,NULL,.00001,0,NULL,NULL,Off,1,1,1,IncludedIfOwner,1,.9846,1,0,1,Off,Off,Off,Off,Off,NULL,NULL,NULL,NULL,NULL,NULL,NULL,NULL,NULL,NULL,NULL,NULL,NULL,NULL,NULL,NULL,NULL,NULL,NULL,NULL,NULL,NULL,NULL,+,-4,NULL,NULL,NULL,NULL,NULL,+,NULL,NULL,NULL,NULL,NULL,NULL,Off,Off,ToSide,1.5,0,0,0,0,None,NULL,NULL,NULL,NULL,NULL,NULL,NULL,NULL,NULL,NULL,NULL,NULL,NULL,4,1,Off,200042695,22.4,22.4,NULL,On,Yes,NULL,Yes,NULL,NULL,NULL,NULL,NULL,NULL,NULL,NULL,NULL,NULL,NULL,NULL,NULL,NULL,NULL,NULL,NULL,219,219,1709,1709,NULL,NULL,NULL,NULL,NULL,NULL,NULL,NULL,NULL,NULL,NULL,NULL,NULL,NULL,311968,NULL,NULL,NULL,NULL,NULL,NULL,NULL,NULL,NULL,NULL,NULL,NULL,NULL,NULL,NULL,NULL,NULL,NULL,NULL,NULL,NULL,NULL,NULL,NULL,NULL,NULL,NULL,NULL,NULL,NULL,NULL,NULL,NULL,NULL,NULL,NULL,NULL,NULL,NULL,NULL,NULL,NULL,NULL,NULL,NULL,NULL,NULL,NULL,NULL,NULL,NULL,NULL,NULL,NULL,NULL,NULL,NULL,NULL,NULL,NULL,NULL,NULL,NULL,NULL,NULL,NULL,NULL,NULL,NULL,NULL,NULL,NULL,NULL,NULL,NULL,NULL,NULL,NULL,NULL,NULL,NULL,NULL,311969,311970,NULL,
1086,VAPOR NO.1 BANK,Yes,Yes,Yes,1,900,901,Mva,10,10,10,10,10,10,.0005,.5333,FixTapPhase,Local,901,Off,5,.9846,NULL,.0255,.9846,0,NULL,.00001,0,NULL,NULL,Off,1,1,1,IncludedIfOwner,1,.9846,1,0,1,Off,Off,Off,Off,Off,NULL,NULL,NULL,NULL,NULL,NULL,NULL,NULL,NULL,NULL,NULL,NULL,NULL,NULL,NULL,NULL,NULL,NULL,NULL,NULL,NULL,NULL,NULL,+,-4,NULL,NULL,NULL,NULL,NULL,+,NULL,NULL,NULL,NULL,NULL,NULL,Off,Off,ToSide,1.5,0,0,0,0,None,NULL,NULL,NULL,NULL,NULL,NULL,NULL,NULL,NULL,NULL,NULL,NULL,NULL,4,1,Off,NULL,.1,.1,NULL,On,Yes,NULL,Yes,NULL,NULL,NULL,NULL,NULL,NULL,NULL,NULL,NULL,NULL,NULL,NULL,NULL,NULL,NULL,NULL,NULL,231,231,1789,1789,NULL,NULL,NULL,NULL,NULL,NULL,NULL,NULL,NULL,NULL,NULL,NULL,NULL,NULL,312432,NULL,NULL,NULL,NULL,NULL,NULL,NULL,NULL,NULL,NULL,NULL,NULL,NULL,NULL,NULL,NULL,NULL,NULL,NULL,NULL,NULL,NULL,NULL,NULL,NULL,NULL,NULL,NULL,NULL,NULL,NULL,NULL,NULL,NULL,NULL,NULL,NULL,NULL,NULL,NULL,NULL,NULL,NULL,NULL,NULL,NULL,NULL,NULL,NULL,NULL,NULL,NULL,NULL,NULL,NULL,NULL,NULL,NULL,NULL,NULL,NULL,NULL,NULL,NULL,NULL,NULL,NULL,NULL,NULL,NULL,NULL,NULL,NULL,NULL,NULL,NULL,NULL,NULL,NULL,NULL,NULL,NULL,312433,312434,NULL,
1129,OUTFALL NO.1 BANK,Yes,Yes,Yes,1,902,301,Mva,28,36,40,28,36,40,.0005,.0674,FixTapPhase,Local,301,Off,5,.8842,NULL,.0251,.9595,0,NULL,.00001,0,NULL,NULL,Off,1,1,1,IncludedIfOwner,1,.8842,1,0,1,Off,Off,Off,Off,Off,NULL,NULL,NULL,NULL,NULL,NULL,NULL,NULL,NULL,NULL,NULL,NULL,NULL,NULL,NULL,NULL,NULL,NULL,NULL,NULL,NULL,NULL,NULL,+,1,NULL,NULL,NULL,NULL,NULL,+,NULL,NULL,NULL,NULL,NULL,NULL,Off,Off,ToSide,1.5,0,0,0,0,None,NULL,NULL,NULL,NULL,NULL,NULL,NULL,NULL,NULL,NULL,NULL,NULL,NULL,4,1,Off,NULL,28,28,NULL,On,Yes,NULL,Yes,NULL,NULL,NULL,NULL,NULL,NULL,NULL,NULL,NULL,NULL,NULL,NULL,NULL,NULL,NULL,NULL,NULL,228,228,1812,1812,NULL,NULL,NULL,NULL,NULL,NULL,NULL,NULL,NULL,NULL,NULL,NULL,NULL,NULL,312540,NULL,NULL,NULL,NULL,NULL,NULL,NULL,NULL,NULL,NULL,NULL,NULL,NULL,NULL,NULL,NULL,NULL,NULL,NULL,NULL,NULL,NULL,NULL,NULL,NULL,NULL,NULL,NULL,NULL,NULL,NULL,NULL,NULL,NULL,NULL,NULL,NULL,NULL,NULL,NULL,NULL,NULL,NULL,NULL,NULL,NULL,NULL,NULL,NULL,NULL,NULL,NULL,NULL,NULL,NULL,NULL,NULL,NULL,NULL,NULL,NULL,NULL,NULL,NULL,NULL,NULL,NULL,NULL,NULL,NULL,NULL,NULL,NULL,NULL,NULL,NULL,NULL,NULL,NULL,NULL,NULL,NULL,312541,312542,NULL,
1130,OUTFALL NO.2 BANK,Yes,Yes,Yes,2,903,302,Mva,28,36,40,28,36,40,.0005,.0674,FixTapPhase,Local,302,Off,5,.8842,NULL,.0251,.9595,0,NULL,.00001,0,NULL,NULL,Off,1,1,1,IncludedIfOwner,1,.8842,1,0,1,Off,Off,Off,Off,Off,NULL,NULL,NULL,NULL,NULL,NULL,NULL,NULL,NULL,NULL,NULL,NULL,NULL,NULL,NULL,NULL,NULL,NULL,NULL,NULL,NULL,NULL,NULL,+,1,NULL,NULL,NULL,NULL,NULL,+,NULL,NULL,NULL,NULL,NULL,NULL,Off,Off,ToSide,1.5,0,0,0,0,None,NULL,NULL,NULL,NULL,NULL,NULL,NULL,NULL,NULL,NULL,NULL,NULL,NULL,4,1,Off,NULL,28,28,NULL,On,Yes,NULL,Yes,NULL,NULL,NULL,NULL,NULL,NULL,NULL,NULL,NULL,NULL,NULL,NULL,NULL,NULL,NULL,NULL,NULL,228,228,1812,1812,NULL,NULL,NULL,NULL,NULL,NULL,NULL,NULL,NULL,NULL,NULL,NULL,NULL,NULL,312543,NULL,NULL,NULL,NULL,NULL,NULL,NULL,NULL,NULL,NULL,NULL,NULL,NULL,NULL,NULL,NULL,NULL,NULL,NULL,NULL,NULL,NULL,NULL,NULL,NULL,NULL,NULL,NULL,NULL,NULL,NULL,NULL,NULL,NULL,NULL,NULL,NULL,NULL,NULL,NULL,NULL,NULL,NULL,NULL,NULL,NULL,NULL,NULL,NULL,NULL,NULL,NULL,NULL,NULL,NULL,NULL,NULL,NULL,NULL,NULL,NULL,NULL,NULL,NULL,NULL,NULL,NULL,NULL,NULL,NULL,NULL,NULL,NULL,NULL,NULL,NULL,NULL,NULL,NULL,NULL,NULL,NULL,312544,312545,NULL,
1371,MOBILOIL NO.9 BANK,No,No,Yes,9,707,113,Mva,6.25,6.25,6.25,6.25,6.25,6.25,.001,.055,FixTapPhase,Local,113,Off,0,.90476,NULL,.02063,.98728,0,NULL,.00001,0,NULL,NULL,Off,1,1,1,IncludedIfOwner,1,1,1,0,1,Off,Off,Off,Off,Off,NULL,NULL,NULL,NULL,NULL,NULL,NULL,NULL,NULL,NULL,NULL,NULL,NULL,NULL,NULL,NULL,NULL,NULL,NULL,NULL,NULL,NULL,NULL,+,-2,NULL,NULL,NULL,NULL,NULL,+,NULL,NULL,NULL,NULL,NULL,NULL,Off,Off,ToSide,1.5,.00025,.00025,0,0,None,NULL,NULL,NULL,NULL,NULL,NULL,NULL,NULL,NULL,NULL,NULL,NULL,NULL,4,1,Off,NULL,6.25,6.25,NULL,On,Yes,NULL,No,NULL,NULL,NULL,NULL,NULL,NULL,NULL,NULL,NULL,NULL,NULL,NULL,NULL,NULL,NULL,NULL,NULL,1708,1708,1939,1939,NULL,NULL,NULL,NULL,NULL,NULL,NULL,NULL,NULL,NULL,NULL,NULL,NULL,NULL,313157,NULL,NULL,NULL,NULL,NULL,NULL,NULL,NULL,NULL,NULL,NULL,NULL,NULL,NULL,NULL,NULL,NULL,NULL,NULL,NULL,NULL,NULL,NULL,NULL,NULL,NULL,NULL,NULL,NULL,NULL,NULL,NULL,NULL,NULL,NULL,NULL,NULL,NULL,NULL,NULL,NULL,NULL,NULL,NULL,NULL,NULL,NULL,NULL,NULL,NULL,NULL,NULL,NULL,NULL,NULL,NULL,NULL,NULL,NULL,NULL,NULL,NULL,NULL,NULL,NULL,NULL,NULL,NULL,NULL,NULL,NULL,NULL,NULL,NULL,NULL,NULL,NULL,NULL,NULL,NULL,NULL,NULL,313158,313159,NULL,
1372,MOBILOIL NO.10 BANK,No,No,Yes,10,708,110,Mva,6.25,6.25,6.25,6.25,6.25,6.25,.001,.055,FixTapPhase,Local,110,Off,0,.90476,NULL,.02063,.98728,0,NULL,.00001,0,NULL,NULL,Off,1,1,1,IncludedIfOwner,1,1,1,0,1,Off,Off,Off,Off,Off,NULL,NULL,NULL,NULL,NULL,NULL,NULL,NULL,NULL,NULL,NULL,NULL,NULL,NULL,NULL,NULL,NULL,NULL,NULL,NULL,NULL,NULL,NULL,+,-2,NULL,NULL,NULL,NULL,NULL,+,NULL,NULL,NULL,NULL,NULL,NULL,Off,Off,ToSide,1.5,.00025,.00025,0,0,None,NULL,NULL,NULL,NULL,NULL,NULL,NULL,NULL,NULL,NULL,NULL,NULL,NULL,4,1,Off,NULL,6.25,6.25,NULL,On,Yes,NULL,No,NULL,NULL,NULL,NULL,NULL,NULL,NULL,NULL,NULL,NULL,NULL,NULL,NULL,NULL,NULL,NULL,NULL,1708,1708,1939,1939,NULL,NULL,NULL,NULL,NULL,NULL,NULL,NULL,NULL,NULL,NULL,NULL,NULL,NULL,313160,NULL,NULL,NULL,NULL,NULL,NULL,NULL,NULL,NULL,NULL,NULL,NULL,NULL,NULL,NULL,NULL,NULL,NULL,NULL,NULL,NULL,NULL,NULL,NULL,NULL,NULL,NULL,NULL,NULL,NULL,NULL,NULL,NULL,NULL,NULL,NULL,NULL,NULL,NULL,NULL,NULL,NULL,NULL,NULL,NULL,NULL,NULL,NULL,NULL,NULL,NULL,NULL,NULL,NULL,NULL,NULL,NULL,NULL,NULL,NULL,NULL,NULL,NULL,NULL,NULL,NULL,NULL,NULL,NULL,NULL,NULL,NULL,NULL,NULL,NULL,NULL,NULL,NULL,NULL,NULL,NULL,NULL,313161,313162,NULL,
1373,MOBILOIL NO.11 BANK,No,No,Yes,11,709,32,Mva,6.25,6.25,6.25,6.25,6.25,6.25,.001,.055,FixTapPhase,Local,32,Off,0,.90476,NULL,.02063,.98728,0,NULL,.00001,0,NULL,NULL,Off,1,1,1,IncludedIfOwner,1,1,1,0,1,Off,Off,Off,Off,Off,NULL,NULL,NULL,NULL,NULL,NULL,NULL,NULL,NULL,NULL,NULL,NULL,NULL,NULL,NULL,NULL,NULL,NULL,NULL,NULL,NULL,NULL,NULL,+,-2,NULL,NULL,NULL,NULL,NULL,+,NULL,NULL,NULL,NULL,NULL,NULL,Off,Off,ToSide,1.5,.00025,.00025,0,0,None,NULL,NULL,NULL,NULL,NULL,NULL,NULL,NULL,NULL,NULL,NULL,NULL,NULL,4,1,Off,NULL,6.25,6.25,NULL,On,Yes,NULL,No,NULL,NULL,NULL,NULL,NULL,NULL,NULL,NULL,NULL,NULL,NULL,NULL,NULL,NULL,NULL,NULL,NULL,1708,1708,1939,1939,NULL,NULL,NULL,NULL,NULL,NULL,NULL,NULL,NULL,NULL,NULL,NULL,NULL,NULL,313163,NULL,NULL,NULL,NULL,NULL,NULL,NULL,NULL,NULL,NULL,NULL,NULL,NULL,NULL,NULL,NULL,NULL,NULL,NULL,NULL,NULL,NULL,NULL,NULL,NULL,NULL,NULL,NULL,NULL,NULL,NULL,NULL,NULL,NULL,NULL,NULL,NULL,NULL,NULL,NULL,NULL,NULL,NULL,NULL,NULL,NULL,NULL,NULL,NULL,NULL,NULL,NULL,NULL,NULL,NULL,NULL,NULL,NULL,NULL,NULL,NULL,NULL,NULL,NULL,NULL,NULL,NULL,NULL,NULL,NULL,NULL,NULL,NULL,NULL,NULL,NULL,NULL,NULL,NULL,NULL,NULL,NULL,313164,313165,NULL,
1374,MOBILOIL NO.12 BANK,No,No,Yes,12,710,11,Mva,6.25,6.25,6.25,6.25,6.25,6.25,.001,.055,FixTapPhase,Local,11,Off,0,.90476,NULL,.02063,.98728,0,NULL,.00001,0,NULL,NULL,Off,1,1,1,IncludedIfOwner,1,1,1,0,1,Off,Off,Off,Off,Off,NULL,NULL,NULL,NULL,NULL,NULL,NULL,NULL,NULL,NULL,NULL,NULL,NULL,NULL,NULL,NULL,NULL,NULL,NULL,NULL,NULL,NULL,NULL,+,-2,NULL,NULL,NULL,NULL,NULL,+,NULL,NULL,NULL,NULL,NULL,NULL,Off,Off,ToSide,1.5,.00025,.00025,0,0,None,NULL,NULL,NULL,NULL,NULL,NULL,NULL,NULL,NULL,NULL,NULL,NULL,NULL,4,1,Off,NULL,6.25,6.25,NULL,On,Yes,NULL,No,NULL,NULL,NULL,NULL,NULL,NULL,NULL,NULL,NULL,NULL,NULL,NULL,NULL,NULL,NULL,NULL,NULL,1708,1708,1939,1939,NULL,NULL,NULL,NULL,NULL,NULL,NULL,NULL,NULL,NULL,NULL,NULL,NULL,NULL,313166,NULL,NULL,NULL,NULL,NULL,NULL,NULL,NULL,NULL,NULL,NULL,NULL,NULL,NULL,NULL,NULL,NULL,NULL,NULL,NULL,NULL,NULL,NULL,NULL,NULL,NULL,NULL,NULL,NULL,NULL,NULL,NULL,NULL,NULL,NULL,NULL,NULL,NULL,NULL,NULL,NULL,NULL,NULL,NULL,NULL,NULL,NULL,NULL,NULL,NULL,NULL,NULL,NULL,NULL,NULL,NULL,NULL,NULL,NULL,NULL,NULL,NULL,NULL,NULL,NULL,NULL,NULL,NULL,NULL,NULL,NULL,NULL,NULL,NULL,NULL,NULL,NULL,NULL,NULL,NULL,NULL,NULL,313167,313168,NULL,
2116,HOWARD NO.1 BANK,Yes,Yes,Yes,58,999,13,Mva,14,14,14,14,14,14,.001,.5982,FixTapPhase,Local,13,Off,0,.8775,NULL,.0248,.8775,0,1,.00001,0,NULL,NULL,Off,1,1,1,IncludedIfOwner,1,.8775,1,0,1,Off,Off,Off,Off,Off,NULL,NULL,NULL,NULL,NULL,NULL,NULL,NULL,NULL,NULL,NULL,NULL,NULL,NULL,NULL,NULL,NULL,NULL,NULL,NULL,NULL,NULL,NULL,+,-2,NULL,NULL,NULL,NULL,NULL,+,NULL,NULL,NULL,NULL,NULL,NULL,Off,Off,ToSide,1.5,.00025,.00025,0,0,None,NULL,NULL,NULL,NULL,NULL,NULL,NULL,NULL,NULL,NULL,NULL,NULL,NULL,4,1,Off,200043229,14,14,NULL,On,Yes,NULL,Yes,NULL,NULL,NULL,NULL,NULL,NULL,NULL,NULL,NULL,NULL,NULL,NULL,NULL,NULL,NULL,NULL,NULL,213,213,3049,3049,NULL,NULL,NULL,NULL,NULL,NULL,NULL,NULL,NULL,NULL,NULL,NULL,NULL,NULL,326855,NULL,NULL,NULL,NULL,NULL,NULL,NULL,NULL,NULL,NULL,NULL,NULL,NULL,NULL,NULL,NULL,NULL,NULL,NULL,NULL,NULL,NULL,NULL,NULL,NULL,NULL,3,-,In/Out,Normal,NULL,11,119726,NULL,3,-,In/Out,Normal,NULL,12,119727,NULL,10,+,Out,Block,NULL,263,119723,NULL,NULL,NULL,NULL,NULL,NULL,NULL,NULL,NULL,NULL,NULL,NULL,NULL,NULL,NULL,NULL,NULL,NULL,NULL,NULL,NULL,NULL,NULL,NULL,NULL,NULL,NULL,NULL,NULL,NULL,NULL,NULL,NULL,326856,326857,NULL,
2117,HOWARD NO.2 BANK,Yes,Yes,Yes,59,50,7,Mva,14,14,14,14,14,14,.001,.5982,FixTapPhase,Local,7,Off,0,.8775,NULL,.0248,.8775,0,1,.00001,0,NULL,NULL,Off,1,1,1,IncludedIfOwner,1,.8775,1,0,1,Off,Off,Off,Off,Off,NULL,NULL,NULL,NULL,NULL,NULL,NULL,NULL,NULL,NULL,NULL,NULL,NULL,NULL,NULL,NULL,NULL,NULL,NULL,NULL,NULL,NULL,NULL,+,-2,NULL,NULL,NULL,NULL,NULL,+,NULL,NULL,NULL,NULL,NULL,NULL,Off,Off,ToSide,1.5,.00025,.00025,0,0,None,NULL,NULL,NULL,NULL,NULL,NULL,NULL,NULL,NULL,NULL,NULL,NULL,NULL,4,1,Off,200043230,14,14,NULL,On,Yes,NULL,Yes,NULL,NULL,NULL,NULL,NULL,NULL,NULL,NULL,NULL,NULL,NULL,NULL,NULL,NULL,NULL,NULL,NULL,213,213,3049,3049,NULL,NULL,NULL,NULL,NULL,NULL,NULL,NULL,NULL,NULL,NULL,NULL,NULL,NULL,326858,NULL,NULL,NULL,NULL,NULL,NULL,NULL,NULL,NULL,NULL,NULL,NULL,NULL,NULL,NULL,NULL,NULL,NULL,NULL,NULL,NULL,NULL,NULL,NULL,NULL,NULL,3,-,In/Out,Normal,NULL,11,119736,NULL,3,-,In/Out,Normal,NULL,12,119737,NULL,10,+,Out,Block,NULL,263,119733,NULL,NULL,NULL,NULL,NULL,NULL,NULL,NULL,NULL,NULL,NULL,NULL,NULL,NULL,NULL,NULL,NULL,NULL,NULL,NULL,NULL,NULL,NULL,NULL,NULL,NULL,NULL,NULL,NULL,NULL,NULL,NULL,NULL,326859,326860,NULL,
2123,BRIDGE NO.1 BANK,Yes,Yes,Yes,58,25,900,Mva,13,14.5,14.5,13,14.5,14.5,.001,.729,VarTapVolt,Local,25,Off,0,.981,NULL,.00681,1,0,1,.00001,0,3.88,4.12,Off,1,1,1,IncludedIfOwner,1,.981,1,0,1,Off,Off,Off,On,OnInBaseCaseAndCa,NULL,NULL,NULL,NULL,NULL,NULL,NULL,NULL,NULL,NULL,NULL,NULL,NULL,NULL,NULL,NULL,NULL,NULL,NULL,NULL,NULL,NULL,NULL,+,-16,NULL,NULL,NULL,NULL,NULL,+,NULL,NULL,NULL,NULL,NULL,NULL,Off,Off,ToSide,1.5,.00025,.00025,0,0,None,NULL,NULL,NULL,NULL,NULL,NULL,NULL,NULL,NULL,NULL,NULL,NULL,NULL,32,1,Off,208106675,10,10,NULL,On,Yes,NULL,Yes,NULL,NULL,NULL,NULL,NULL,NULL,NULL,NULL,NULL,NULL,NULL,NULL,NULL,NULL,NULL,NULL,NULL,204,3053,204,3053,NULL,NULL,NULL,NULL,NULL,NULL,NULL,NULL,NULL,NULL,NULL,NULL,NULL,NULL,326745,NULL,180889,3,-,In/Out,Normal,NULL,3,121476,NULL,3,-,In/Out,Normal,NULL,4,121477,NULL,10,+,Out,Block,NULL,263,35287,NULL,NULL,NULL,NULL,NULL,NULL,NULL,NULL,NULL,NULL,NULL,NULL,NULL,NULL,NULL,NULL,NULL,NULL,NULL,NULL,NULL,NULL,NULL,NULL,NULL,.2,+,In/Out,Normal,NULL,Position,17,121479,NULL,NULL,NULL,NULL,NULL,NULL,NULL,NULL,NULL,NULL,NULL,NULL,NULL,NULL,NULL,NULL,NULL,NULL,180890,180891,NULL,NULL,NULL,NULL,326746,326747,NULL,
2124,BRIDGE NO.2 BANK,Yes,Yes,Yes,59,31,901,Mva,13,14.5,14.5,13,14.5,14.5,.001,.729,VarTapVolt,Local,31,Off,0,.981,NULL,.00681,1,0,1,.00001,0,3.88,4.12,Off,1,1,1,IncludedIfOwner,1,.981,1,0,1,Off,Off,Off,On,OnInBaseCaseAndCa,NULL,NULL,NULL,NULL,NULL,NULL,NULL,NULL,NULL,NULL,NULL,NULL,NULL,NULL,NULL,NULL,NULL,NULL,NULL,NULL,NULL,NULL,NULL,+,-16,NULL,NULL,NULL,NULL,NULL,+,NULL,NULL,NULL,NULL,NULL,NULL,Off,Off,ToSide,1.5,.00025,.00025,0,0,None,NULL,NULL,NULL,NULL,NULL,NULL,NULL,NULL,NULL,NULL,NULL,NULL,NULL,32,1,Off,208164972,10,10,NULL,On,Yes,NULL,Yes,NULL,NULL,NULL,NULL,NULL,NULL,NULL,NULL,NULL,NULL,NULL,NULL,NULL,NULL,NULL,NULL,NULL,204,3053,204,3053,NULL,NULL,NULL,NULL,NULL,NULL,NULL,NULL,NULL,NULL,NULL,NULL,NULL,NULL,326748,NULL,180905,3,-,In/Out,Normal,NULL,1,121480,NULL,3,-,In/Out,Normal,NULL,1,121481,NULL,10,+,Out,Block,NULL,263,35294,NULL,NULL,NULL,NULL,NULL,NULL,NULL,NULL,NULL,NULL,NULL,NULL,NULL,NULL,NULL,NULL,NULL,NULL,NULL,NULL,NULL,NULL,NULL,NULL,NULL,.2,+,In/Out,Normal,NULL,Position,27,121483,NULL,NULL,NULL,NULL,NULL,NULL,NULL,NULL,NULL,NULL,NULL,NULL,NULL,NULL,NULL,NULL,NULL,NULL,180906,180907,NULL,NULL,NULL,NULL,326749,326750,NULL,
2141,REDONDO NO.1 BANK,No,No,Yes,58,999,64,Mva,7.8,8.7,8.7,7.8,8.7,8.7,.001,.8944,FixTapPhase,Local,64,Off,0,1,NULL,.0248,1,0,1,.00001,0,NULL,NULL,Off,1,1,1,IncludedIfOwner,1,1,1,0,1,Off,Off,Off,Off,Off,NULL,NULL,NULL,NULL,NULL,NULL,NULL,NULL,NULL,NULL,NULL,NULL,NULL,NULL,NULL,NULL,NULL,NULL,NULL,NULL,NULL,NULL,NULL,+,-2,NULL,NULL,NULL,NULL,NULL,+,NULL,NULL,NULL,NULL,NULL,NULL,Off,Off,ToSide,1.5,.00025,.00025,0,0,None,NULL,NULL,NULL,NULL,NULL,NULL,NULL,NULL,NULL,NULL,NULL,NULL,NULL,4,1,Off,207345093,6,6,NULL,On,Yes,NULL,No,NULL,NULL,NULL,NULL,NULL,NULL,NULL,NULL,NULL,NULL,NULL,NULL,NULL,NULL,NULL,NULL,NULL,3072,3072,3073,3073,NULL,NULL,NULL,NULL,NULL,NULL,NULL,NULL,NULL,NULL,NULL,NULL,NULL,NULL,326374,NULL,NULL,NULL,NULL,NULL,NULL,NULL,NULL,NULL,NULL,NULL,NULL,NULL,NULL,NULL,NULL,NULL,NULL,NULL,NULL,NULL,NULL,NULL,NULL,NULL,NULL,3,-,In/Out,Normal,NULL,10,124562,NULL,3,-,In/Out,Normal,NULL,11,124563,NULL,10!10!10,+!+!+,Out!Out!Out,Block!Block!Block,NULL!NULL!NULL,12!13!14,124558!124559!124560,NULL!NULL!NULL,NULL,NULL,NULL,NULL,NULL,NULL,NULL,NULL,NULL,NULL,NULL,NULL,NULL,NULL,NULL,NULL,NULL,NULL,NULL,NULL,NULL,NULL,NULL,NULL,NULL,NULL,NULL,NULL,NULL,NULL,NULL,NULL,326375,326376,NULL,
2142,REDONDO NO.2 BANK,No,No,Yes,59,50,70,Mva,7.8,8.7,8.7,7.8,8.7,8.7,.001,.8944,FixTapPhase,Local,70,Off,0,1,NULL,.0248,1,0,1,.00001,0,NULL,NULL,Off,1,1,1,IncludedIfOwner,1,1,1,0,1,Off,Off,Off,Off,Off,NULL,NULL,NULL,NULL,NULL,NULL,NULL,NULL,NULL,NULL,NULL,NULL,NULL,NULL,NULL,NULL,NULL,NULL,NULL,NULL,NULL,NULL,NULL,+,-2,NULL,NULL,NULL,NULL,NULL,+,NULL,NULL,NULL,NULL,NULL,NULL,Off,Off,ToSide,1.5,.00025,.00025,0,0,None,NULL,NULL,NULL,NULL,NULL,NULL,NULL,NULL,NULL,NULL,NULL,NULL,NULL,4,1,Off,207319858,6,6,NULL,On,Yes,NULL,No,NULL,NULL,NULL,NULL,NULL,NULL,NULL,NULL,NULL,NULL,NULL,NULL,NULL,NULL,NULL,NULL,NULL,3072,3072,3073,3073,NULL,NULL,NULL,NULL,NULL,NULL,NULL,NULL,NULL,NULL,NULL,NULL,NULL,NULL,326377,NULL,NULL,NULL,NULL,NULL,NULL,NULL,NULL,NULL,NULL,NULL,NULL,NULL,NULL,NULL,NULL,NULL,NULL,NULL,NULL,NULL,NULL,NULL,NULL,NULL,NULL,3,-,In/Out,Normal,NULL,10,124572,NULL,3,-,In/Out,Normal,NULL,11,124573,NULL,10!10!10,+!+!+,Out!Out!Out,Block!Block!Block,NULL!NULL!NULL,12!13!14,124568!124569!124570,NULL!NULL!NULL,NULL,NULL,NULL,NULL,NULL,NULL,NULL,NULL,NULL,NULL,NULL,NULL,NULL,NULL,NULL,NULL,NULL,NULL,NULL,NULL,NULL,NULL,NULL,NULL,NULL,NULL,NULL,NULL,NULL,NULL,NULL,NULL,326378,326379,NULL,
2161,MANHATTAN NO.1 BANK,No,No,Yes,58,999,1,Mva,9.75,10.87,10.87,9.75,10.87,10.87,.001,2.12,FixTapPhase,Local,1,Off,0,1,NULL,.0248,1,0,1,.00001,0,NULL,NULL,Off,1,1,1,IncludedIfOwner,1,1,1,0,1,Off,Off,Off,Off,Off,NULL,NULL,NULL,NULL,NULL,NULL,NULL,NULL,NULL,NULL,NULL,NULL,NULL,NULL,NULL,NULL,NULL,NULL,NULL,NULL,NULL,NULL,NULL,+,-2,NULL,NULL,NULL,NULL,NULL,+,NULL,NULL,NULL,NULL,NULL,NULL,Off,Off,ToSide,1.5,.00025,.00025,0,0,None,NULL,NULL,NULL,NULL,NULL,NULL,NULL,NULL,NULL,NULL,NULL,NULL,NULL,4,1,Off,200043331,7.5,7.5,NULL,On,Yes,NULL,No,NULL,NULL,NULL,NULL,NULL,NULL,NULL,NULL,NULL,NULL,NULL,NULL,NULL,NULL,NULL,NULL,NULL,3096,3096,3097,3097,NULL,NULL,NULL,NULL,NULL,NULL,NULL,NULL,NULL,NULL,NULL,NULL,NULL,NULL,326868,NULL,NULL,NULL,NULL,NULL,NULL,NULL,NULL,NULL,NULL,NULL,NULL,NULL,NULL,NULL,NULL,NULL,NULL,NULL,NULL,NULL,NULL,NULL,NULL,NULL,NULL,3,-,In/Out,Normal,NULL,11,120000,NULL,3,-,In/Out,Normal,NULL,12,120001,NULL,10!10!10,+!+!+,Out!Out!Out,Block!Block!Block,NULL!NULL!NULL,13!14!15,119996!119997!119998,NULL!NULL!NULL,NULL,NULL,NULL,NULL,NULL,NULL,NULL,NULL,NULL,NULL,NULL,NULL,NULL,NULL,NULL,NULL,NULL,NULL,NULL,NULL,NULL,NULL,NULL,NULL,NULL,NULL,NULL,NULL,NULL,NULL,NULL,NULL,326869,326870,NULL,
2232,BLUFF COVE NO.1 BANK,No,No,Yes,1,102,53,Mva,9.75,10.87,10.87,9.75,10.87,10.87,.001,.3363,FixTapPhase,Local,53,Off,0,1,NULL,.0248,1,0,1,.00001,0,NULL,NULL,Off,1,1,1,IncludedIfOwner,1,1,1,0,1,Off,Off,Off,Off,Off,NULL,NULL,NULL,NULL,NULL,NULL,NULL,NULL,NULL,NULL,NULL,NULL,NULL,NULL,NULL,NULL,NULL,NULL,NULL,NULL,NULL,NULL,NULL,+,-2,NULL,NULL,NULL,NULL,NULL,+,NULL,NULL,NULL,NULL,NULL,NULL,Off,Off,ToSide,1.5,.00025,.00025,0,0,None,NULL,NULL,NULL,NULL,NULL,NULL,NULL,NULL,NULL,NULL,NULL,NULL,NULL,4,1,Off,200043040,7.5,7.5,NULL,On,Yes,NULL,No,NULL,NULL,NULL,Updated 081221,NULL,NULL,NULL,NULL,NULL,NULL,NULL,NULL,NULL,NULL,NULL,NULL,NULL,3173,3173,3174,3174,NULL,NULL,NULL,NULL,NULL,NULL,NULL,NULL,NULL,NULL,NULL,NULL,NULL,NULL,329340,NULL,NULL,NULL,NULL,NULL,NULL,NULL,NULL,NULL,NULL,NULL,NULL,NULL,NULL,NULL,NULL,NULL,NULL,NULL,NULL,NULL,NULL,NULL,NULL,NULL,NULL,3,-,In/Out,Normal,NULL,11,117666,NULL,3,-,In/Out,Normal,NULL,12,117667,NULL,10,+,Out,Block,NULL,263,117664,NULL,NULL,NULL,NULL,NULL,NULL,NULL,NULL,NULL,NULL,NULL,NULL,NULL,NULL,NULL,NULL,NULL,NULL,NULL,NULL,NULL,NULL,NULL,NULL,NULL,NULL,NULL,NULL,NULL,NULL,NULL,NULL,NULL,329341,329342,NULL,
2246,HAVEDA NO.1 BANK,No,Yes,Yes,58,2,52,Mva,6,6,6,6,6,6,.001,.8,FixTapPhase,Local,52,Off,0,1,NULL,.0248,1,0,1,.00001,0,NULL,NULL,Off,1,1,1,IncludedIfOwner,1,1,1,0,1,Off,Off,Off,Off,Off,NULL,NULL,NULL,NULL,NULL,NULL,NULL,NULL,NULL,NULL,NULL,NULL,NULL,NULL,NULL,NULL,NULL,NULL,NULL,NULL,NULL,NULL,NULL,+,-2,NULL,NULL,NULL,NULL,NULL,+,NULL,NULL,NULL,NULL,NULL,NULL,Off,Off,ToSide,1.5,.00025,.00025,0,0,None,NULL,NULL,NULL,NULL,NULL,NULL,NULL,NULL,NULL,NULL,NULL,NULL,NULL,4,1,Off,NULL,6,6,NULL,On,Yes,NULL,Yes,NULL,NULL,NULL,NULL,NULL,NULL,NULL,NULL,NULL,NULL,NULL,NULL,NULL,NULL,NULL,NULL,NULL,3189,3189,3190,3190,NULL,NULL,NULL,NULL,NULL,NULL,NULL,NULL,NULL,NULL,NULL,NULL,NULL,NULL,NULL,NULL,NULL,NULL,NULL,NULL,NULL,NULL,NULL,NULL,NULL,NULL,NULL,NULL,NULL,NULL,NULL,NULL,NULL,NULL,NULL,NULL,NULL,NULL,NULL,NULL,NULL,NULL,NULL,NULL,NULL,NULL,NULL,NULL,NULL,NULL,NULL,NULL,NULL,NULL,NULL,NULL,NULL,NULL,NULL,NULL,NULL,NULL,NULL,NULL,NULL,NULL,NULL,NULL,NULL,NULL,NULL,NULL,NULL,NULL,NULL,NULL,NULL,NULL,NULL,NULL,NULL,NULL,NULL,NULL,NULL,NULL,NULL,NULL,NULL,NULL,NULL,NULL,NULL,NULL,NULL,NULL,NULL,NULL,NULL,NULL,
2269,VICTORIA NO.4N BANK,Yes,Yes,Yes,10,704,704,Mva,28.58,32.48,32.48,28.58,32.48,32.48,.0001,.4533,FixTapPhase,Local,704,Off,5,.8857,NULL,.0201,.9259,0,NULL,.00001,0,NULL,NULL,Off,1,1,1,IncludedIfOwner,1,.8857,1,0,1,Off,Off,Off,Off,Off,NULL,NULL,NULL,NULL,NULL,NULL,NULL,NULL,NULL,NULL,NULL,NULL,NULL,NULL,NULL,NULL,NULL,NULL,NULL,NULL,NULL,NULL,NULL,+,1,NULL,NULL,NULL,NULL,NULL,+,NULL,NULL,NULL,NULL,NULL,NULL,Off,Off,ToSide,1.5,0,0,0,0,None,NULL,NULL,NULL,NULL,NULL,NULL,NULL,NULL,NULL,NULL,NULL,NULL,NULL,4,1,Off,207038476,35.7,35.7,NULL,On,Yes,NULL,Yes,NULL,NULL,NULL,Updated 081221,NULL,NULL,NULL,NULL,NULL,NULL,NULL,NULL,NULL,NULL,NULL,NULL,NULL,232,232,233,233,NULL,NULL,NULL,NULL,NULL,NULL,NULL,NULL,NULL,NULL,NULL,NULL,NULL,NULL,326389,NULL,NULL,NULL,NULL,NULL,NULL,NULL,NULL,NULL,NULL,NULL,NULL,NULL,NULL,NULL,NULL,NULL,NULL,NULL,NULL,NULL,NULL,NULL,NULL,NULL,NULL,NULL,NULL,NULL,NULL,NULL,NULL,NULL,NULL,NULL,NULL,NULL,NULL,NULL,NULL,NULL,NULL,NULL,NULL,NULL,NULL,NULL,NULL,NULL,NULL,NULL,NULL,NULL,NULL,NULL,NULL,NULL,NULL,NULL,NULL,NULL,NULL,NULL,NULL,NULL,NULL,NULL,NULL,NULL,NULL,NULL,NULL,NULL,NULL,NULL,NULL,NULL,NULL,NULL,NULL,NULL,NULL,326390,326391,NULL,
2270,VICTORIA NO.4S BANK,Yes,Yes,Yes,11,705,705,Mva,33.82,40.6,40.6,33.82,40.6,40.6,.0001,.458,FixTapPhase,Local,705,Off,5,.8857,NULL,.0201,.9259,0,NULL,.00001,0,NULL,NULL,Off,1,1,1,IncludedIfOwner,1,.8857,1,0,1,Off,Off,Off,Off,Off,NULL,NULL,NULL,NULL,NULL,NULL,NULL,NULL,NULL,NULL,NULL,NULL,NULL,NULL,NULL,NULL,NULL,NULL,NULL,NULL,NULL,NULL,NULL,+,1,NULL,NULL,NULL,NULL,NULL,+,NULL,NULL,NULL,NULL,NULL,NULL,Off,Off,ToSide,1.5,0,0,0,0,None,NULL,NULL,NULL,NULL,NULL,NULL,NULL,NULL,NULL,NULL,NULL,NULL,NULL,4,1,Off,205732761,57.11,57.11,NULL,On,Yes,NULL,Yes,NULL,NULL,NULL,Updated 081221,NULL,NULL,NULL,NULL,NULL,NULL,NULL,NULL,NULL,NULL,NULL,NULL,NULL,232,232,233,233,NULL,NULL,NULL,NULL,NULL,NULL,NULL,NULL,NULL,NULL,NULL,NULL,NULL,NULL,326392,NULL,NULL,NULL,NULL,NULL,NULL,NULL,NULL,NULL,NULL,NULL,NULL,NULL,NULL,NULL,NULL,NULL,NULL,NULL,NULL,NULL,NULL,NULL,NULL,NULL,NULL,NULL,NULL,NULL,NULL,NULL,NULL,NULL,NULL,NULL,NULL,NULL,NULL,NULL,NULL,NULL,NULL,NULL,NULL,NULL,NULL,NULL,NULL,NULL,NULL,NULL,NULL,NULL,NULL,NULL,NULL,NULL,NULL,NULL,NULL,NULL,NULL,NULL,NULL,NULL,NULL,NULL,NULL,NULL,NULL,NULL,NULL,NULL,NULL,NULL,NULL,NULL,NULL,NULL,NULL,NULL,NULL,326393,326394,NULL,
2663,LA FRESA NO.5 BANK,Yes,Yes,Yes,2,42,3,Mva,58.26,81.23,81.23,58.26,81.23,81.23,.0001,.2533,FixTapPhase,Local,3,Off,5,.8857,NULL,.0201,.9259,0,NULL,.00001,0,NULL,NULL,Off,1,1,1,IncludedIfOwner,1,.8857,1,0,1,Off,Off,Off,Off,Off,NULL,NULL,NULL,NULL,NULL,NULL,NULL,NULL,NULL,NULL,NULL,NULL,NULL,NULL,NULL,NULL,NULL,NULL,NULL,NULL,NULL,NULL,NULL,+,1,NULL,NULL,NULL,NULL,NULL,+,NULL,NULL,NULL,NULL,NULL,NULL,Off,Off,ToSide,1.5,0,0,0,0,None,NULL,NULL,NULL,NULL,NULL,NULL,NULL,NULL,NULL,NULL,NULL,NULL,NULL,4,1,Off,200043257,44.8,44.8,NULL,On,Yes,NULL,Yes,NULL,NULL,NULL,NULL,NULL,NULL,NULL,NULL,NULL,NULL,NULL,NULL,NULL,NULL,NULL,NULL,NULL,200,200,4105,4105,NULL,NULL,NULL,NULL,NULL,NULL,NULL,NULL,NULL,NULL,NULL,NULL,NULL,NULL,321825,NULL,NULL,NULL,NULL,NULL,NULL,NULL,NULL,NULL,NULL,NULL,NULL,NULL,NULL,NULL,NULL,NULL,NULL,NULL,NULL,NULL,NULL,NULL,NULL,NULL,NULL,3,-,In/Out,Normal,NULL,3808,114218,NULL,3,-,In/Out,Normal,NULL,3809,114219,NULL,10,+,Out,Block,NULL,263,114214,NULL,NULL,NULL,NULL,NULL,NULL,NULL,NULL,NULL,NULL,NULL,NULL,NULL,NULL,NULL,NULL,NULL,NULL,NULL,NULL,NULL,NULL,NULL,NULL,NULL,NULL,NULL,NULL,NULL,NULL,NULL,NULL,NULL,321826,321827,NULL,
2664,LA FRESA NO.6 BANK,Yes,Yes,Yes,6,46,8,Mva,58.26,81.23,81.23,58.26,81.23,81.23,.0001,.255,FixTapPhase,Local,8,Off,5,.8857,NULL,.0201,.9259,0,NULL,.00001,0,NULL,NULL,Off,1,1,1,IncludedIfOwner,1,.8857,1,0,1,Off,Off,Off,Off,Off,NULL,NULL,NULL,NULL,NULL,NULL,NULL,NULL,NULL,NULL,NULL,NULL,NULL,NULL,NULL,NULL,NULL,NULL,NULL,NULL,NULL,NULL,NULL,+,1,NULL,NULL,NULL,NULL,NULL,+,NULL,NULL,NULL,NULL,NULL,NULL,Off,Off,ToSide,1.5,0,0,0,0,None,NULL,NULL,NULL,NULL,NULL,NULL,NULL,NULL,NULL,NULL,NULL,NULL,NULL,4,1,Off,200043258,44.8,44.8,NULL,On,Yes,NULL,Yes,NULL,NULL,NULL,NULL,NULL,NULL,NULL,NULL,NULL,NULL,NULL,NULL,NULL,NULL,NULL,NULL,NULL,200,200,4105,4105,NULL,NULL,NULL,NULL,NULL,NULL,NULL,NULL,NULL,NULL,NULL,NULL,NULL,NULL,321828,NULL,NULL,NULL,NULL,NULL,NULL,NULL,NULL,NULL,NULL,NULL,NULL,NULL,NULL,NULL,NULL,NULL,NULL,NULL,NULL,NULL,NULL,NULL,NULL,NULL,NULL,3,-,In/Out,Normal,NULL,3808,114229,NULL,3,-,In/Out,Normal,NULL,3809,114230,NULL,10,+,Out,Block,NULL,263,114225,NULL,NULL,NULL,NULL,NULL,NULL,NULL,NULL,NULL,NULL,NULL,NULL,NULL,NULL,NULL,NULL,NULL,NULL,NULL,NULL,NULL,NULL,NULL,NULL,NULL,NULL,NULL,NULL,NULL,NULL,NULL,NULL,NULL,321829,321830,NULL,
2665,LUNADA NO.1 BANK,No,No,Yes,1,6,11,Mva,6,6,6,6,6,6,.001,2.9,FixTapPhase,Local,11,Off,0,1,NULL,.0248,1,0,1,.00001,0,NULL,NULL,Off,1,1,1,IncludedIfOwner,1,1,1,0,1,Off,Off,Off,Off,Off,NULL,NULL,NULL,NULL,NULL,NULL,NULL,NULL,NULL,NULL,NULL,NULL,NULL,NULL,NULL,NULL,NULL,NULL,NULL,NULL,NULL,NULL,NULL,+,-2,NULL,NULL,NULL,NULL,NULL,+,NULL,NULL,NULL,NULL,NULL,NULL,Off,Off,ToSide,1.5,.00025,.00025,0,0,None,NULL,NULL,NULL,NULL,NULL,NULL,NULL,NULL,NULL,NULL,NULL,NULL,NULL,4,1,Off,200043319,6,6,NULL,On,Yes,NULL,No,NULL,NULL,NULL,NULL,NULL,NULL,NULL,NULL,NULL,NULL,NULL,NULL,NULL,NULL,NULL,NULL,NULL,4106,4106,4107,4107,NULL,NULL,NULL,NULL,NULL,NULL,NULL,NULL,NULL,NULL,NULL,NULL,NULL,NULL,321876,NULL,NULL,NULL,NULL,NULL,NULL,NULL,NULL,NULL,NULL,NULL,NULL,NULL,NULL,NULL,NULL,NULL,NULL,NULL,NULL,NULL,NULL,NULL,NULL,NULL,NULL,3,-,In/Out,Normal,NULL,11,120831,NULL,3,-,In/Out,Normal,NULL,12,120832,NULL,10,+,Out,Block,NULL,263,120828,NULL,NULL,NULL,NULL,NULL,NULL,NULL,NULL,NULL,NULL,NULL,NULL,NULL,NULL,NULL,NULL,NULL,NULL,NULL,NULL,NULL,NULL,NULL,NULL,NULL,NULL,NULL,NULL,NULL,NULL,NULL,NULL,NULL,321877,321878,NULL,
2675,MARYMOUNT NO.1S BANK,Yes,Yes,Yes,1S,106,702,Mva,14.55,16.22,16.22,14.55,16.22,16.22,.0001,.4733,FixTapPhase,Local,2,Off,5,.8857,NULL,.0201,.9461,0,NULL,.00001,0,NULL,NULL,Off,1,1,1,IncludedIfOwner,1,.8857,1,0,1,Off,Off,Off,Off,Off,NULL,NULL,NULL,NULL,NULL,NULL,NULL,NULL,NULL,NULL,NULL,NULL,NULL,NULL,NULL,NULL,NULL,NULL,NULL,NULL,NULL,NULL,NULL,+,1,NULL,NULL,NULL,NULL,NULL,+,NULL,NULL,NULL,NULL,NULL,NULL,Off,Off,ToSide,1.5,0,0,0,0,None,NULL,NULL,NULL,NULL,NULL,NULL,NULL,NULL,NULL,NULL,NULL,NULL,NULL,4,1,Off,200043337,11.2,11.2,NULL,On,Yes,NULL,Yes,NULL,NULL,NULL,NULL,NULL,NULL,NULL,NULL,NULL,NULL,NULL,NULL,NULL,NULL,NULL,NULL,NULL,215,215,216,216,NULL,NULL,NULL,NULL,NULL,NULL,NULL,NULL,NULL,NULL,NULL,NULL,NULL,NULL,326207,NULL,NULL,NULL,NULL,NULL,NULL,NULL,NULL,NULL,NULL,NULL,NULL,NULL,NULL,NULL,NULL,NULL,NULL,NULL,NULL,NULL,NULL,NULL,NULL,NULL,NULL,NULL,NULL,NULL,NULL,NULL,NULL,NULL,NULL,NULL,NULL,NULL,NULL,NULL,NULL,NULL,NULL,NULL,NULL,NULL,NULL,NULL,NULL,NULL,NULL,NULL,NULL,NULL,NULL,NULL,NULL,NULL,NULL,NULL,NULL,NULL,NULL,NULL,NULL,NULL,NULL,NULL,NULL,NULL,NULL,NULL,NULL,NULL,NULL,NULL,NULL,NULL,NULL,NULL,NULL,NULL,NULL,326208,326209,NULL,
2822,PALOS VERDES NO.1 BANK,No,Yes,Yes,1,2,18,Mva,7.5,7.5,7.5,7.5,7.5,7.5,.0005,2.28,FixTapPhase,Local,18,Off,5,1,NULL,.0255,1,0,NULL,.00001,0,NULL,NULL,Off,1,1,1,IncludedIfOwner,1,1,1,0,1,Off,Off,Off,Off,Off,NULL,NULL,NULL,NULL,NULL,NULL,NULL,NULL,NULL,NULL,NULL,NULL,NULL,NULL,NULL,NULL,NULL,NULL,NULL,NULL,NULL,NULL,NULL,+,-4,NULL,NULL,NULL,NULL,NULL,+,NULL,NULL,NULL,NULL,NULL,NULL,Off,Off,ToSide,1.5,0,0,0,0,None,NULL,NULL,NULL,NULL,NULL,NULL,NULL,NULL,NULL,NULL,NULL,NULL,NULL,4,1,Off,200043382,7.5,7.5,NULL,On,Yes,NULL,No,NULL,NULL,NULL,NULL,NULL,NULL,NULL,NULL,NULL,NULL,NULL,NULL,NULL,NULL,NULL,NULL,NULL,4213,4213,4212,4212,NULL,NULL,NULL,NULL,NULL,NULL,NULL,NULL,NULL,NULL,NULL,NULL,NULL,NULL,326472,NULL,NULL,NULL,NULL,NULL,NULL,NULL,NULL,NULL,NULL,NULL,NULL,NULL,NULL,NULL,NULL,NULL,NULL,NULL,NULL,NULL,NULL,NULL,NULL,NULL,NULL,3,-,In/Out,Normal,NULL,1,124412,NULL,3,-,In/Out,Normal,NULL,2,124413,NULL,10,+,Out,Block,NULL,263,124409,NULL,NULL,NULL,NULL,NULL,NULL,NULL,NULL,NULL,NULL,NULL,NULL,NULL,NULL,NULL,NULL,NULL,NULL,NULL,NULL,NULL,NULL,NULL,NULL,NULL,NULL,NULL,NULL,NULL,NULL,NULL,NULL,NULL,326473,326474,NULL,
3088,BRIGHTON NO.1 BANK,Yes,Yes,Yes,2,2,51,Mva,34.12,35.29,35.29,34.12,35.29,35.29,.001,.42738,FixTapPhase,Local,51,Off,0,.8857,NULL,.0201,.8857,0,NULL,.00001,0,NULL,NULL,Off,1,1,1,IncludedIfOwner,1,.8857,1,0,1,Off,Off,Off,Off,Off,NULL,NULL,NULL,NULL,NULL,NULL,NULL,NULL,NULL,NULL,NULL,NULL,NULL,NULL,NULL,NULL,NULL,NULL,NULL,NULL,NULL,NULL,NULL,+,1,NULL,NULL,NULL,NULL,NULL,+,NULL,NULL,NULL,NULL,NULL,NULL,Off,Off,ToSide,1.5,.00025,.00025,0,0,None,NULL,NULL,NULL,NULL,NULL,NULL,NULL,NULL,NULL,NULL,NULL,NULL,NULL,4,1,Off,200043064,9,9,NULL,On,Yes,NULL,Yes,NULL,NULL,NULL,NULL,NULL,NULL,NULL,NULL,NULL,NULL,NULL,NULL,NULL,NULL,NULL,NULL,NULL,205,205,3264,3264,NULL,NULL,NULL,NULL,NULL,NULL,NULL,NULL,NULL,NULL,NULL,NULL,NULL,NULL,323247,NULL,NULL,NULL,NULL,NULL,NULL,NULL,NULL,NULL,NULL,NULL,NULL,NULL,NULL,NULL,NULL,NULL,NULL,NULL,NULL,NULL,NULL,NULL,NULL,NULL,NULL,3,-,In/Out,Normal,NULL,11,121180,NULL,3,-,In/Out,Normal,NULL,12,121181,NULL,10,+,Out,Block,NULL,263,121176,NULL,NULL,NULL,NULL,NULL,NULL,NULL,NULL,NULL,NULL,NULL,NULL,NULL,NULL,NULL,NULL,NULL,NULL,NULL,NULL,NULL,NULL,NULL,NULL,NULL,NULL,NULL,NULL,NULL,NULL,NULL,NULL,NULL,323248,323249,NULL,
3089,BRIGHTON NO.2 BANK,Yes,Yes,Yes,1,4,56,Mva,29.12,32.48,32.48,29.12,32.48,32.48,.001,.40654,FixTapPhase,Local,56,Off,0,.8857,NULL,.0201,.8857,0,NULL,.00001,0,NULL,NULL,Off,1,1,1,IncludedIfOwner,1,.8857,1,0,1,Off,Off,Off,Off,Off,NULL,NULL,NULL,NULL,NULL,NULL,NULL,NULL,NULL,NULL,NULL,NULL,NULL,NULL,NULL,NULL,NULL,NULL,NULL,NULL,NULL,NULL,NULL,+,1,NULL,NULL,NULL,NULL,NULL,+,NULL,NULL,NULL,NULL,NULL,NULL,Off,Off,ToSide,1.5,.00025,.00025,0,0,None,NULL,NULL,NULL,NULL,NULL,NULL,NULL,NULL,NULL,NULL,NULL,NULL,NULL,4,1,Off,206859996,9,9,NULL,On,Yes,NULL,Yes,NULL,NULL,NULL,NULL,NULL,NULL,NULL,NULL,NULL,NULL,NULL,NULL,NULL,NULL,NULL,NULL,NULL,205,205,3264,3264,NULL,NULL,NULL,NULL,NULL,NULL,NULL,NULL,NULL,NULL,NULL,NULL,NULL,NULL,323250,NULL,NULL,NULL,NULL,NULL,NULL,NULL,NULL,NULL,NULL,NULL,NULL,NULL,NULL,NULL,NULL,NULL,NULL,NULL,NULL,NULL,NULL,NULL,NULL,NULL,NULL,3,-,In/Out,Normal,NULL,11,121191,NULL,3,-,In/Out,Normal,NULL,12,121192,NULL,10,+,Out,Block,NULL,263,121187,NULL,NULL,NULL,NULL,NULL,NULL,NULL,NULL,NULL,NULL,NULL,NULL,NULL,NULL,NULL,NULL,NULL,NULL,NULL,NULL,NULL,NULL,NULL,NULL,NULL,NULL,NULL,NULL,NULL,NULL,NULL,NULL,NULL,323251,323252,NULL,
3101,TORRANCE NO.1E BANK,Yes,Yes,Yes,1,900,701,Mva,29.12,32.48,32.48,29.12,32.48,32.48,.001,.4273,FixTapPhase,Local,701,Off,0,.8857,NULL,.0201,.9259,0,NULL,.00001,0,NULL,NULL,Off,1,1,1,IncludedIfOwner,1,.8857,1,0,1,Off,Off,Off,Off,Off,NULL,NULL,NULL,NULL,NULL,NULL,NULL,NULL,NULL,NULL,NULL,NULL,NULL,NULL,NULL,NULL,NULL,NULL,NULL,NULL,NULL,NULL,NULL,+,1,NULL,NULL,NULL,NULL,NULL,+,NULL,NULL,NULL,NULL,NULL,NULL,Off,Off,ToSide,1.5,.00025,.00025,0,0,None,NULL,NULL,NULL,NULL,NULL,NULL,NULL,NULL,NULL,NULL,NULL,NULL,NULL,4,1,Off,200043517,22.4,22.4,NULL,On,Yes,NULL,Yes,NULL,NULL,NULL,Updated 100621,NULL,NULL,NULL,NULL,NULL,NULL,NULL,NULL,NULL,NULL,NULL,NULL,NULL,230,230,3274,3274,NULL,NULL,NULL,NULL,NULL,NULL,NULL,NULL,NULL,NULL,NULL,NULL,NULL,NULL,323293,NULL,NULL,NULL,NULL,NULL,NULL,NULL,NULL,NULL,NULL,NULL,NULL,NULL,NULL,NULL,NULL,NULL,NULL,NULL,NULL,NULL,NULL,NULL,NULL,NULL,NULL,NULL,NULL,NULL,NULL,NULL,NULL,NULL,NULL,NULL,NULL,NULL,NULL,NULL,NULL,NULL,NULL,NULL,NULL,NULL,NULL,NULL,NULL,NULL,NULL,NULL,NULL,NULL,NULL,NULL,NULL,NULL,NULL,NULL,NULL,NULL,NULL,NULL,NULL,NULL,NULL,NULL,NULL,NULL,NULL,NULL,NULL,NULL,NULL,NULL,NULL,NULL,NULL,NULL,NULL,NULL,NULL,323294,323295,NULL,
3102,TORRANCE NO.1W BANK,Yes,Yes,Yes,2,90,702,Mva,34.12,40.6,40.6,34.12,40.6,40.6,.001,.4666,FixTapPhase,Local,702,Off,0,.8857,NULL,.0201,.9259,0,NULL,.00001,0,NULL,NULL,Off,1,1,1,IncludedIfOwner,1,.8857,1,0,1,Off,Off,Off,Off,Off,NULL,NULL,NULL,NULL,NULL,NULL,NULL,NULL,NULL,NULL,NULL,NULL,NULL,NULL,NULL,NULL,NULL,NULL,NULL,NULL,NULL,NULL,NULL,+,1,NULL,NULL,NULL,NULL,NULL,+,NULL,NULL,NULL,NULL,NULL,NULL,Off,Off,ToSide,1.5,.00025,.00025,0,0,None,NULL,NULL,NULL,NULL,NULL,NULL,NULL,NULL,NULL,NULL,NULL,NULL,NULL,4,1,Off,206738578,22.4,22.4,NULL,On,Yes,NULL,Yes,NULL,NULL,NULL,Updated 081221,NULL,NULL,NULL,NULL,NULL,NULL,NULL,NULL,NULL,NULL,NULL,NULL,NULL,230,230,3274,3274,NULL,NULL,NULL,NULL,NULL,NULL,NULL,NULL,NULL,NULL,NULL,NULL,NULL,NULL,323296,NULL,NULL,NULL,NULL,NULL,NULL,NULL,NULL,NULL,NULL,NULL,NULL,NULL,NULL,NULL,NULL,NULL,NULL,NULL,NULL,NULL,NULL,NULL,NULL,NULL,NULL,NULL,NULL,NULL,NULL,NULL,NULL,NULL,NULL,NULL,NULL,NULL,NULL,NULL,NULL,NULL,NULL,NULL,NULL,NULL,NULL,NULL,NULL,NULL,NULL,NULL,NULL,NULL,NULL,NULL,NULL,NULL,NULL,NULL,NULL,NULL,NULL,NULL,NULL,NULL,NULL,NULL,NULL,NULL,NULL,NULL,NULL,NULL,NULL,NULL,NULL,NULL,NULL,NULL,NULL,NULL,NULL,323297,323298,NULL,
3103,TORRANCE NO.2E BANK,Yes,Yes,Yes,4,901,705,Mva,36.4,40.6,40.6,36.4,40.6,40.6,.001,.4154,FixTapPhase,Local,703,Off,0,.8857,NULL,.0201,.9259,0,NULL,.00001,0,NULL,NULL,Off,1,1,1,IncludedIfOwner,1,.8857,1,0,1,Off,Off,Off,Off,Off,NULL,NULL,NULL,NULL,NULL,NULL,NULL,NULL,NULL,NULL,NULL,NULL,NULL,NULL,NULL,NULL,NULL,NULL,NULL,NULL,NULL,NULL,NULL,+,1,NULL,NULL,NULL,NULL,NULL,+,NULL,NULL,NULL,NULL,NULL,NULL,Off,Off,ToSide,1.5,.00025,.00025,0,0,None,NULL,NULL,NULL,NULL,NULL,NULL,NULL,NULL,NULL,NULL,NULL,NULL,NULL,4,1,Off,205628070,20,20,NULL,On,Yes,NULL,Yes,NULL,NULL,NULL,Updated 100621,NULL,NULL,NULL,NULL,NULL,NULL,NULL,NULL,NULL,NULL,NULL,NULL,NULL,230,230,3274,3274,NULL,NULL,NULL,NULL,NULL,NULL,NULL,NULL,NULL,NULL,NULL,NULL,NULL,NULL,323299,NULL,NULL,NULL,NULL,NULL,NULL,NULL,NULL,NULL,NULL,NULL,NULL,NULL,NULL,NULL,NULL,NULL,NULL,NULL,NULL,NULL,NULL,NULL,NULL,NULL,NULL,NULL,NULL,NULL,NULL,NULL,NULL,NULL,NULL,NULL,NULL,NULL,NULL,NULL,NULL,NULL,NULL,NULL,NULL,NULL,NULL,NULL,NULL,NULL,NULL,NULL,NULL,NULL,NULL,NULL,NULL,NULL,NULL,NULL,NULL,NULL,NULL,NULL,NULL,NULL,NULL,NULL,NULL,NULL,NULL,NULL,NULL,NULL,NULL,NULL,NULL,NULL,NULL,NULL,NULL,NULL,NULL,323300,323301,NULL,
3104,TORRANCE NO.2W BANK,Yes,Yes,Yes,3,91,704,Mva,36.4,40.6,40.6,36.4,40.6,40.6,.001,.4154,FixTapPhase,Local,704,Off,0,.8857,NULL,.0201,.9259,0,NULL,.00001,0,NULL,NULL,Off,1,1,1,IncludedIfOwner,1,.8857,1,0,1,Off,Off,Off,Off,Off,NULL,NULL,NULL,NULL,NULL,NULL,NULL,NULL,NULL,NULL,NULL,NULL,NULL,NULL,NULL,NULL,NULL,NULL,NULL,NULL,NULL,NULL,NULL,+,1,NULL,NULL,NULL,NULL,NULL,+,NULL,NULL,NULL,NULL,NULL,NULL,Off,Off,ToSide,1.5,.00025,.00025,0,0,None,NULL,NULL,NULL,NULL,NULL,NULL,NULL,NULL,NULL,NULL,NULL,NULL,NULL,4,1,Off,205628073,20,20,NULL,On,Yes,NULL,Yes,NULL,NULL,NULL,Updated 100621,NULL,NULL,NULL,NULL,NULL,NULL,NULL,NULL,NULL,NULL,NULL,NULL,NULL,230,230,3274,3274,NULL,NULL,NULL,NULL,NULL,NULL,NULL,NULL,NULL,NULL,NULL,NULL,NULL,NULL,323302,NULL,NULL,NULL,NULL,NULL,NULL,NULL,NULL,NULL,NULL,NULL,NULL,NULL,NULL,NULL,NULL,NULL,NULL,NULL,NULL,NULL,NULL,NULL,NULL,NULL,NULL,NULL,NULL,NULL,NULL,NULL,NULL,NULL,NULL,NULL,NULL,NULL,NULL,NULL,NULL,NULL,NULL,NULL,NULL,NULL,NULL,NULL,NULL,NULL,NULL,NULL,NULL,NULL,NULL,NULL,NULL,NULL,NULL,NULL,NULL,NULL,NULL,NULL,NULL,NULL,NULL,NULL,NULL,NULL,NULL,NULL,NULL,NULL,NULL,NULL,NULL,NULL,NULL,NULL,NULL,NULL,NULL,323303,323304,NULL,
3254,PERRY NO.1 BANK,No,Yes,Yes,58,6,5,Mva,4.5,4.5,4.5,4.5,4.5,4.5,.001,.74667,FixTapPhase,Local,5,Off,0,1,NULL,.0248,1,0,1,.00001,0,NULL,NULL,Off,1,1,1,IncludedIfOwner,1,1,1,0,1,Off,Off,Off,Off,Off,NULL,NULL,NULL,NULL,NULL,NULL,NULL,NULL,NULL,NULL,NULL,NULL,NULL,NULL,NULL,NULL,NULL,NULL,NULL,NULL,NULL,NULL,NULL,+,-2,NULL,NULL,NULL,NULL,NULL,+,NULL,NULL,NULL,NULL,NULL,NULL,Off,Off,ToSide,1.5,.00025,.00025,0,0,None,NULL,NULL,NULL,NULL,NULL,NULL,NULL,NULL,NULL,NULL,NULL,NULL,NULL,4,1,Off,207055145,4.5,4.5,NULL,On,Yes,NULL,No,NULL,NULL,NULL,NULL,NULL,NULL,NULL,NULL,NULL,NULL,NULL,NULL,NULL,NULL,NULL,NULL,NULL,3382,3382,3383,3383,NULL,NULL,NULL,NULL,NULL,NULL,NULL,NULL,NULL,NULL,NULL,NULL,NULL,NULL,326475,NULL,NULL,NULL,NULL,NULL,NULL,NULL,NULL,NULL,NULL,NULL,NULL,NULL,NULL,NULL,NULL,NULL,NULL,NULL,NULL,NULL,NULL,NULL,NULL,NULL,NULL,NULL,NULL,NULL,NULL,NULL,NULL,NULL,NULL,NULL,NULL,NULL,NULL,NULL,NULL,NULL,NULL,10,+,Out,Block,NULL,263,228139,NULL,NULL,NULL,NULL,NULL,NULL,NULL,NULL,NULL,NULL,NULL,NULL,NULL,NULL,NULL,NULL,NULL,NULL,NULL,NULL,NULL,NULL,NULL,NULL,NULL,NULL,NULL,NULL,NULL,NULL,NULL,NULL,NULL,326476,326477,NULL,
3255,PERRY NO.2 BANK,No,Yes,Yes,59,3,53,Mva,7.5,7.5,7.5,7.5,7.5,7.5,.001,.7467,FixTapPhase,Local,53,Off,0,1,NULL,.0248,1,0,1,.00001,0,NULL,NULL,Off,1,1,1,IncludedIfOwner,1,1,1,0,1,Off,Off,Off,Off,Off,NULL,NULL,NULL,NULL,NULL,NULL,NULL,NULL,NULL,NULL,NULL,NULL,NULL,NULL,NULL,NULL,NULL,NULL,NULL,NULL,NULL,NULL,NULL,+,-2,NULL,NULL,NULL,NULL,NULL,+,NULL,NULL,NULL,NULL,NULL,NULL,Off,Off,ToSide,1.5,.00025,.00025,0,0,None,NULL,NULL,NULL,NULL,NULL,NULL,NULL,NULL,NULL,NULL,NULL,NULL,NULL,4,1,Off,200043394,7.5,7.5,NULL,On,Yes,NULL,No,NULL,NULL,NULL,NULL,NULL,NULL,NULL,NULL,NULL,NULL,NULL,NULL,NULL,NULL,NULL,NULL,NULL,3382,3382,3383,3383,NULL,NULL,NULL,NULL,NULL,NULL,NULL,NULL,NULL,NULL,NULL,NULL,NULL,NULL,326478,NULL,NULL,NULL,NULL,NULL,NULL,NULL,NULL,NULL,NULL,NULL,NULL,NULL,NULL,NULL,NULL,NULL,NULL,NULL,NULL,NULL,NULL,NULL,NULL,NULL,NULL,NULL,NULL,NULL,NULL,NULL,NULL,NULL,NULL,NULL,NULL,NULL,NULL,NULL,NULL,NULL,NULL,10,+,Out,Block,NULL,263,228142,NULL,NULL,NULL,NULL,NULL,NULL,NULL,NULL,NULL,NULL,NULL,NULL,NULL,NULL,NULL,NULL,NULL,NULL,NULL,NULL,NULL,NULL,NULL,NULL,NULL,NULL,NULL,NULL,NULL,NULL,NULL,NULL,NULL,326479,326480,NULL,
4340,TOPAZ NO.1 BANK,Yes,Yes,Yes,87,25,900,Mva,12.5,12.5,12.5,12.5,12.5,12.5,.001,.82,VarTapVolt,Local,25,Off,0,.8775,NULL,.006534,.9755,0,NULL,.00001,0,3.88,4.12,Off,1,1,1,IncludedIfOwner,1,.8775,1,0,1,Off,Off,Off,Off,Off,NULL,NULL,NULL,NULL,NULL,NULL,NULL,NULL,NULL,NULL,NULL,NULL,NULL,NULL,NULL,NULL,NULL,NULL,NULL,NULL,NULL,NULL,NULL,+,-16,NULL,NULL,NULL,NULL,NULL,+,NULL,NULL,NULL,NULL,NULL,NULL,Off,Off,ToSide,1.5,.00025,.00025,0,0,None,NULL,NULL,NULL,NULL,NULL,NULL,NULL,NULL,NULL,NULL,NULL,NULL,NULL,32,1,Off,200043515,12.5,12.5,NULL,On,Yes,NULL,Yes,NULL,NULL,NULL,NULL,NULL,NULL,NULL,NULL,NULL,NULL,NULL,NULL,NULL,NULL,NULL,NULL,NULL,229,3552,229,3552,NULL,NULL,NULL,NULL,NULL,NULL,NULL,NULL,NULL,NULL,NULL,NULL,NULL,NULL,326769,NULL,188892,3,-,In/Out,Normal,NULL,3,124326,NULL,3,-,In/Out,Normal,NULL,4,124327,NULL,NULL,NULL,NULL,NULL,NULL,NULL,NULL,NULL,NULL,NULL,NULL,NULL,NULL,NULL,NULL,NULL,NULL,NULL,NULL,NULL,NULL,NULL,NULL,NULL,NULL,NULL,NULL,NULL,NULL,NULL,NULL,NULL,.2,+,In/Out,Normal,NULL,Position,8,124329,NULL,NULL,NULL,NULL,NULL,NULL,NULL,NULL,NULL,NULL,NULL,NULL,NULL,NULL,NULL,NULL,NULL,NULL,188893,188894,NULL,NULL,NULL,NULL,326770,326771,NULL,
4341,TOPAZ NO.2 BANK,Yes,Yes,Yes,1,31,901,Mva,12.5,12.5,12.5,12.5,12.5,12.5,.001,.82,VarTapVolt,Local,31,Off,0,.8775,NULL,.006534,.9755,0,NULL,.00001,0,3.88,4.12,Off,1,1,1,IncludedIfOwner,1,.8775,1,0,1,Off,Off,Off,Off,Off,NULL,NULL,NULL,NULL,NULL,NULL,NULL,NULL,NULL,NULL,NULL,NULL,NULL,NULL,NULL,NULL,NULL,NULL,NULL,NULL,NULL,NULL,NULL,+,-16,NULL,NULL,NULL,NULL,NULL,+,NULL,NULL,NULL,NULL,NULL,NULL,Off,Off,ToSide,1.5,.00025,.00025,0,0,None,NULL,NULL,NULL,NULL,NULL,NULL,NULL,NULL,NULL,NULL,NULL,NULL,NULL,32,1,Off,200043516,12.5,12.5,NULL,On,Yes,NULL,Yes,NULL,NULL,NULL,NULL,NULL,NULL,NULL,NULL,NULL,NULL,NULL,NULL,NULL,NULL,NULL,NULL,NULL,229,3552,229,3552,NULL,NULL,NULL,NULL,NULL,NULL,NULL,NULL,NULL,NULL,NULL,NULL,NULL,NULL,326772,NULL,188909,3,-,In/Out,Normal,NULL,3,124330,NULL,3,-,In/Out,Normal,NULL,4,124331,NULL,NULL,NULL,NULL,NULL,NULL,NULL,NULL,NULL,NULL,NULL,NULL,NULL,NULL,NULL,NULL,NULL,NULL,NULL,NULL,NULL,NULL,NULL,NULL,NULL,NULL,NULL,NULL,NULL,NULL,NULL,NULL,NULL,.2,+,Out,Block,NULL,Position,7,124333,NULL,NULL,NULL,NULL,NULL,NULL,NULL,NULL,NULL,NULL,NULL,NULL,NULL,NULL,NULL,NULL,NULL,NULL,188910,188911,NULL,NULL,NULL,NULL,326773,326774,NULL,
