PointNumber,PointName,LogicalDisplayReference,PropagateInitialValue,SetNonUpdate,ManualOverride,ManualEntry,Events,AnalogDemandScan,StateCalculator,AssetID,PICollection,PIValueTag,PIQualityStorage,PIQualityTag,ToggleReleaseThreshold,ToggleInhibitThreshold,eDNACollection,eDNAExtIdentifier,eDNAQualityStorage,eDNASecurityGroup,PI_Digital_Set_Number,DOMDeviceType,TimeBasedAlarmDelay,ProficyCollection,ProficyTagName,ProficyQualityStorage,TransientStateDelay,COBECollection,InterrogationResponse,URLtype,URLDescription,URL,InitialValue,LogRoutAssnRefName,StationName,GroupName,MapboardFunctionGroup,StateFeatGroupAssnStateNumber,AbnormalSetting,TriggerRefName,DataDivisionRefName,VoltageBase,AORRefName,MenuRefNumber,AltDataSourcePriority,AltDataSourceIdentifier,UtilizationIdentifier,AltDataSourceInitiation,AltDataSourceRestoration,ControlProgramRefName,ControlStateGroupSet,PointPosition,StartControlState,LayoutType,LayoutNumber,StateControlAssnStateNumber,JogPoint,Command,PulseDuration,OperateTime,DesiredEndState,Priority,RetryLimit,TripCloseControlCode,AllowedControlState,CntlValidationProgRefName,ValidationVersionNum,IndicationStateGroupSet,IndicationPointPosition,IndicationBitPosition,IndicationLayoutType,IndicationLayoutNumber,ScanBlockRefName,SetEntryNumber,AssocDevicePointNumber,AnalogPointNumber,WarningRequired,WarningAckRequired,WarningMessage,CollectToHistoricalSchedRef,ActionDescriptionSetRef,CircuitLabelName,SubstationName,DeviceTypeName,LongName,AltLongName,Input_Group_Name,DOG_Reference,AlarmProfileReference,OPCTagName,EPDC_Signal_Reference,SlavePointPosition,SlaveBitPosition,SlaveLayoutType,SlaveLayoutNumber,SlaveControlPointPosition,SlaveStartControlState,SlaveControlLayoutType,SlaveControlLayoutNumber,
9310,501 CB BYPS DISC,silverpeak,No,No,Yes,Yes,Yes,No,1,NULL,NULL,NULL,NULL,NULL,NULL,NULL,Yes,NULL,XA21 Quality,NULL,NULL,NULL,NULL,NULL,NULL,NULL,NULL,NULL,NULL,NULL,NULL,NULL,OPEN,All,SILVER PEAK,NULL,NULL,1!2,No!Yes,Breaker Change,Calc,55KV,ALL-INYO SCE,NULL,NULL,NULL,NULL,NULL,NULL,NULL,NULL,NULL,NULL,NULL,NULL,NULL,NULL,NULL,NULL,NULL,NULL,NULL,NULL,NULL,NULL,NULL,NULL,516,NULL,NULL,NULL,NULL,NULL,NULL,NULL,NULL,NULL,NULL,NULL,NULL,NULL,NULL,NULL,NULL,NULL,NULL,NULL,1!2!3,Class 16!Class 16!Class 16,NULL,NULL,NULL,NULL,NULL,NULL,NULL,NULL,NULL,NULL,
9311,502 CB BYPS DISC,silverpeak,No,No,Yes,Yes,Yes,No,1,NULL,NULL,NULL,NULL,NULL,NULL,NULL,Yes,NULL,XA21 Quality,NULL,NULL,NULL,NULL,NULL,NULL,NULL,NULL,NULL,NULL,NULL,NULL,NULL,OPEN,All,SILVER PEAK,NULL,NULL,1!2,No!Yes,Breaker Change,Calc,55KV,ALL-INYO SCE,NULL,NULL,NULL,NULL,NULL,NULL,NULL,NULL,NULL,NULL,NULL,NULL,NULL,NULL,NULL,NULL,NULL,NULL,NULL,NULL,NULL,NULL,NULL,NULL,516,NULL,NULL,NULL,NULL,NULL,NULL,NULL,NULL,NULL,NULL,NULL,NULL,NULL,NULL,NULL,NULL,NULL,NULL,NULL,1!2!3,Class 16!Class 16!Class 16,NULL,NULL,NULL,NULL,NULL,NULL,NULL,NULL,NULL,NULL,
9312,503 LINE DISC,silverpeak,No,No,Yes,Yes,Yes,No,1,NULL,NULL,NULL,NULL,NULL,NULL,NULL,Yes,NULL,XA21 Quality,NULL,NULL,NULL,NULL,NULL,NULL,NULL,NULL,NULL,NULL,NULL,NULL,NULL,CLOSE,All,SILVER PEAK,NULL,NULL,1!2,Yes!No,NULL,Calc,NULL,ALL-INYO SCE,NULL,NULL,NULL,NULL,NULL,NULL,NULL,NULL,NULL,NULL,NULL,NULL,NULL,NULL,NULL,NULL,NULL,NULL,NULL,NULL,NULL,NULL,NULL,NULL,516,NULL,NULL,NULL,NULL,NULL,NULL,NULL,NULL,NULL,NULL,NULL,NULL,NULL,NULL,NULL,NULL,NULL,NULL,NULL,1!2!3,Class 16!Class 16!Class 16,NULL,NULL,NULL,NULL,NULL,NULL,NULL,NULL,NULL,NULL,
9313,CB 503,silverpeak,No,No,Yes,Yes,Yes,No,1,NULL,NULL,NULL,NULL,NULL,NULL,NULL,Yes,NULL,XA21 Quality,NULL,NULL,NULL,NULL,NULL,NULL,NULL,NULL,NULL,NULL,NULL,NULL,NULL,CLOSE,All,SILVER PEAK,NULL,NULL,1!2,Yes!No,NULL,Calc,NULL,ALL-INYO SCE,NULL,NULL,NULL,NULL,NULL,NULL,NULL,NULL,NULL,NULL,NULL,NULL,NULL,NULL,NULL,NULL,NULL,NULL,NULL,NULL,NULL,NULL,NULL,NULL,516,NULL,NULL,NULL,NULL,NULL,NULL,NULL,NULL,NULL,NULL,NULL,NULL,NULL,NULL,NULL,NULL,NULL,NULL,NULL,1!2!3,Class 16!Class 16!Class 16,NULL,NULL,NULL,NULL,NULL,NULL,NULL,NULL,NULL,NULL,
9314,503 STA DISC,silverpeak,No,No,Yes,Yes,Yes,No,1,NULL,NULL,NULL,NULL,NULL,NULL,NULL,Yes,NULL,XA21 Quality,NULL,NULL,NULL,NULL,NULL,NULL,NULL,NULL,NULL,NULL,NULL,NULL,NULL,CLOSE,All,SILVER PEAK,NULL,NULL,1!2,Yes!No,NULL,Calc,NULL,ALL-INYO SCE,NULL,NULL,NULL,NULL,NULL,NULL,NULL,NULL,NULL,NULL,NULL,NULL,NULL,NULL,NULL,NULL,NULL,NULL,NULL,NULL,NULL,NULL,NULL,NULL,516,NULL,NULL,NULL,NULL,NULL,NULL,NULL,NULL,NULL,NULL,NULL,NULL,NULL,NULL,NULL,NULL,NULL,NULL,NULL,1!2!3,Class 16!Class 16!Class 16,NULL,NULL,NULL,NULL,NULL,NULL,NULL,NULL,NULL,NULL,
9315,503 CB BYPS DISC,silverpeak,No,No,Yes,Yes,Yes,No,1,NULL,NULL,NULL,NULL,NULL,NULL,NULL,Yes,NULL,XA21 Quality,NULL,NULL,NULL,NULL,NULL,NULL,NULL,NULL,NULL,NULL,NULL,NULL,NULL,OPEN,All,SILVER PEAK,NULL,NULL,1!2,No!Yes,NULL,Calc,NULL,ALL-INYO SCE,NULL,NULL,NULL,NULL,NULL,NULL,NULL,NULL,NULL,NULL,NULL,NULL,NULL,NULL,NULL,NULL,NULL,NULL,NULL,NULL,NULL,NULL,NULL,NULL,516,NULL,NULL,NULL,NULL,NULL,NULL,NULL,NULL,NULL,NULL,NULL,NULL,NULL,NULL,NULL,NULL,NULL,NULL,NULL,1!2!3,Class 16!Class 16!Class 16,NULL,NULL,NULL,NULL,NULL,NULL,NULL,NULL,NULL,NULL,
9316,508 LINE DISC,silverpeak,No,No,Yes,Yes,Yes,No,1,NULL,NULL,NULL,NULL,NULL,NULL,NULL,Yes,NULL,XA21 Quality,NULL,NULL,NULL,NULL,NULL,NULL,NULL,NULL,NULL,NULL,NULL,NULL,NULL,CLOSE,All,SILVER PEAK,NULL,NULL,1!2,Yes!No,NULL,Calc,NULL,ALL-INYO SCE,NULL,NULL,NULL,NULL,NULL,NULL,NULL,NULL,NULL,NULL,NULL,NULL,NULL,NULL,NULL,NULL,NULL,NULL,NULL,NULL,NULL,NULL,NULL,NULL,516,NULL,NULL,NULL,NULL,NULL,NULL,NULL,NULL,NULL,NULL,NULL,NULL,NULL,NULL,NULL,NULL,NULL,NULL,NULL,1!2!3,Class 16!Class 16!Class 16,NULL,NULL,NULL,NULL,NULL,NULL,NULL,NULL,NULL,NULL,
9317,CB 508,silverpeak,No,No,Yes,Yes,Yes,No,1,NULL,NULL,NULL,NULL,NULL,NULL,NULL,Yes,NULL,XA21 Quality,NULL,NULL,NULL,NULL,NULL,NULL,NULL,NULL,NULL,NULL,NULL,NULL,NULL,CLOSE,All,SILVER PEAK,NULL,NULL,1!2,Yes!No,NULL,Calc,NULL,ALL-INYO SCE,NULL,NULL,NULL,NULL,NULL,NULL,NULL,NULL,NULL,NULL,NULL,NULL,NULL,NULL,NULL,NULL,NULL,NULL,NULL,NULL,NULL,NULL,NULL,NULL,516,NULL,NULL,NULL,NULL,NULL,NULL,NULL,NULL,NULL,NULL,NULL,NULL,NULL,NULL,NULL,NULL,NULL,NULL,NULL,1!2!3,Class 16!Class 16!Class 16,NULL,NULL,NULL,NULL,NULL,NULL,NULL,NULL,NULL,NULL,
9318,508 STA DISC,silverpeak,No,No,Yes,Yes,Yes,No,1,NULL,NULL,NULL,NULL,NULL,NULL,NULL,Yes,NULL,XA21 Quality,NULL,NULL,NULL,NULL,NULL,NULL,NULL,NULL,NULL,NULL,NULL,NULL,NULL,CLOSE,All,SILVER PEAK,NULL,NULL,1!2,Yes!No,NULL,Calc,NULL,ALL-INYO SCE,NULL,NULL,NULL,NULL,NULL,NULL,NULL,NULL,NULL,NULL,NULL,NULL,NULL,NULL,NULL,NULL,NULL,NULL,NULL,NULL,NULL,NULL,NULL,NULL,516,NULL,NULL,NULL,NULL,NULL,NULL,NULL,NULL,NULL,NULL,NULL,NULL,NULL,NULL,NULL,NULL,NULL,NULL,NULL,1!2!3,Class 16!Class 16!Class 16,NULL,NULL,NULL,NULL,NULL,NULL,NULL,NULL,NULL,NULL,
9319,508 CB BYPS DISC,silverpeak,No,No,Yes,Yes,Yes,No,1,NULL,NULL,NULL,NULL,NULL,NULL,NULL,Yes,NULL,XA21 Quality,NULL,NULL,NULL,NULL,NULL,NULL,NULL,NULL,NULL,NULL,NULL,NULL,NULL,OPEN,All,SILVER PEAK,NULL,NULL,1!2,No!Yes,NULL,Calc,NULL,ALL-INYO SCE,NULL,NULL,NULL,NULL,NULL,NULL,NULL,NULL,NULL,NULL,NULL,NULL,NULL,NULL,NULL,NULL,NULL,NULL,NULL,NULL,NULL,NULL,NULL,NULL,516,NULL,NULL,NULL,NULL,NULL,NULL,NULL,NULL,NULL,NULL,NULL,NULL,NULL,NULL,NULL,NULL,NULL,NULL,NULL,1!2!3,Class 16!Class 16!Class 16,NULL,NULL,NULL,NULL,NULL,NULL,NULL,NULL,NULL,NULL,
9320,55KV BK 1 STA DISC,silverpeak,No,No,Yes,Yes,Yes,No,1,NULL,NULL,NULL,NULL,NULL,NULL,NULL,Yes,NULL,XA21 Quality,NULL,NULL,NULL,NULL,NULL,NULL,NULL,NULL,NULL,NULL,NULL,NULL,NULL,CLOSE,All,SILVER PEAK,NULL,NULL,1!2,Yes!No,NULL,Calc,55KV,ALL-INYO SCE,NULL,NULL,NULL,NULL,NULL,NULL,NULL,NULL,NULL,NULL,NULL,NULL,NULL,NULL,NULL,NULL,NULL,NULL,NULL,NULL,NULL,NULL,NULL,NULL,516,NULL,NULL,NULL,NULL,NULL,NULL,NULL,NULL,NULL,NULL,NULL,NULL,NULL,NULL,NULL,NULL,NULL,NULL,NULL,1!2!3,Class 16!Class 16!Class 16,NULL,NULL,NULL,NULL,NULL,NULL,NULL,NULL,NULL,NULL,
59580,ACS NTX-20 CMD ENABLE,silverpeak,No,Yes,No,Yes,Yes,No,1,NULL,NULL,NULL,NULL,NULL,NULL,NULL,Yes,NULL,XA21 Quality,NULL,NULL,NULL,NULL,NULL,NULL,NULL,NULL,NULL,NULL,NULL,NULL,NULL,NORMAL,All,SILVER PEAK,NULL,NULL,1!2,No!Yes,NULL,ALH DAC Telem,NULL,ALL-INYO SCE,NULL,NULL,NULL,NULL,NULL,NULL,NULL,NULL,NULL,NULL,NULL,NULL,NULL,NULL,NULL,NULL,NULL,NULL,NULL,NULL,NULL,NULL,NULL,NULL,199,0,0,Dnp,860,Dnp 4 sec status 2,NULL,NULL,NULL,NULL,NULL,NULL,NULL,NULL,NULL,NULL,NULL,NULL,NULL,NULL,1!2!3,Class 3!Class 4!Class 3,NULL,NULL,NULL,NULL,NULL,NULL,NULL,NULL,NULL,NULL,
59581,CB 501,silverpeak,No,Yes,No,Yes,Yes,No,1,NULL,NULL,NULL,NULL,NULL,NULL,NULL,Yes,NULL,XA21 Quality,NULL,NULL,NULL,NULL,NULL,NULL,NULL,NULL,NULL,NULL,NULL,NULL,NULL,CLOSE,All,SILVER PEAK,NULL,NULL,1!2,Yes!No,Breaker Change,ALH DAC Telem,55KV,ALL-INYO SCE,NULL,NULL,NULL,NULL,NULL,NULL,NULL,NULL,NULL,NULL,NULL,NULL,NULL,NULL,NULL,NULL,NULL,NULL,NULL,NULL,NULL,NULL,NULL,NULL,516,2,0,Dnp,860,Dnp 4 sec status 2,NULL,NULL,NULL,NULL,NULL,NULL,NULL,NULL,NULL,NULL,NULL,NULL,NULL,NULL,1!2!3,Class 1!Class 3!Class 1,NULL,NULL,NULL,NULL,NULL,NULL,NULL,NULL,NULL,NULL,
59582,CB 502,silverpeak,No,Yes,No,Yes,Yes,No,1,NULL,NULL,NULL,NULL,NULL,NULL,NULL,Yes,NULL,XA21 Quality,NULL,NULL,NULL,NULL,NULL,NULL,NULL,NULL,NULL,NULL,NULL,NULL,NULL,CLOSE,All,SILVER PEAK,NULL,NULL,1!2,Yes!No,Breaker Change,ALH DAC Telem,55KV,ALL-INYO SCE,NULL,NULL,NULL,NULL,NULL,NULL,NULL,NULL,NULL,NULL,NULL,NULL,NULL,NULL,NULL,NULL,NULL,NULL,NULL,NULL,NULL,NULL,NULL,NULL,516,3,0,Dnp,860,Dnp 4 sec status 2,NULL,NULL,NULL,NULL,NULL,NULL,NULL,NULL,NULL,NULL,NULL,NULL,NULL,NULL,1!2!3,Class 1!Class 3!Class 1,NULL,NULL,NULL,NULL,NULL,NULL,NULL,NULL,NULL,NULL,
59583,CB 5001,silverpeak,No,Yes,No,Yes,Yes,No,1,NULL,NULL,NULL,NULL,NULL,NULL,NULL,Yes,NULL,XA21 Quality,NULL,NULL,NULL,NULL,NULL,NULL,NULL,NULL,NULL,NULL,NULL,NULL,NULL,CLOSE,All,SILVER PEAK,NULL,NULL,1!2,Yes!No,NULL,ALH DAC Telem,NULL,ALL-INYO SCE,NULL,NULL,NULL,NULL,NULL,NULL,NULL,NULL,NULL,NULL,NULL,NULL,NULL,NULL,NULL,NULL,NULL,NULL,NULL,NULL,NULL,NULL,NULL,NULL,516,4,0,Dnp,860,Dnp 4 sec status 2,NULL,NULL,NULL,NULL,NULL,NULL,NULL,NULL,NULL,NULL,NULL,NULL,NULL,NULL,1!2!3,Class 1!Class 3!Class 1,NULL,NULL,NULL,NULL,NULL,NULL,NULL,NULL,NULL,NULL,
59584,DC CONT BUS MONITOR,silverpeak,No,Yes,No,Yes,Yes,No,1,NULL,NULL,NULL,NULL,NULL,NULL,NULL,Yes,NULL,XA21 Quality,NULL,NULL,NULL,NULL,NULL,NULL,NULL,NULL,NULL,NULL,NULL,NULL,NULL,NORMAL,All,SILVER PEAK,NULL,NULL,1!2,Yes!No,NULL,ALH DAC Telem,NULL,ALL-INYO SCE,NULL,NULL,NULL,NULL,NULL,NULL,NULL,NULL,NULL,NULL,NULL,NULL,NULL,NULL,NULL,NULL,NULL,NULL,NULL,NULL,NULL,NULL,NULL,NULL,280,1,0,Dnp,860,Dnp 4 sec status 2,NULL,NULL,NULL,NULL,NULL,NULL,NULL,NULL,NULL,NULL,NULL,NULL,NULL,NULL,1!2!3,Class 1!Class 1!Class 1,NULL,NULL,NULL,NULL,NULL,NULL,NULL,NULL,NULL,NULL,
70231,501 LINE GRD,NULL,No,No,Yes,Yes,Yes,No,1,NULL,NULL,NULL,NULL,NULL,NULL,NULL,Yes,NULL,XA21 Quality,NULL,NULL,NULL,NULL,NULL,NULL,NULL,NULL,NULL,NULL,NULL,NULL,NULL,OPEN,All,SILVER PEAK,NULL,NULL,1!2,No!Yes,NULL,Calc,NULL,ALL-INYO SCE,NULL,NULL,NULL,NULL,NULL,NULL,NULL,NULL,NULL,NULL,NULL,NULL,NULL,NULL,NULL,NULL,NULL,NULL,NULL,NULL,NULL,NULL,NULL,NULL,516,NULL,NULL,NULL,NULL,NULL,NULL,NULL,NULL,NULL,NULL,NULL,NULL,NULL,NULL,NULL,NULL,NULL,NULL,NULL,1!2!3,Class 16!Class 16!Class 16,NULL,NULL,NULL,NULL,NULL,NULL,NULL,NULL,NULL,NULL,
70232,502 LINE GRD,NULL,No,No,Yes,Yes,Yes,No,1,NULL,NULL,NULL,NULL,NULL,NULL,NULL,Yes,NULL,XA21 Quality,NULL,NULL,NULL,NULL,NULL,NULL,NULL,NULL,NULL,NULL,NULL,NULL,NULL,OPEN,All,SILVER PEAK,NULL,NULL,1!2,No!Yes,NULL,Calc,NULL,ALL-INYO SCE,NULL,NULL,NULL,NULL,NULL,NULL,NULL,NULL,NULL,NULL,NULL,NULL,NULL,NULL,NULL,NULL,NULL,NULL,NULL,NULL,NULL,NULL,NULL,NULL,516,NULL,NULL,NULL,NULL,NULL,NULL,NULL,NULL,NULL,NULL,NULL,NULL,NULL,NULL,NULL,NULL,NULL,NULL,NULL,1!2!3,Class 16!Class 16!Class 16,NULL,NULL,NULL,NULL,NULL,NULL,NULL,NULL,NULL,NULL,
70233,501 LINE DISC,NULL,No,No,Yes,Yes,Yes,No,1,NULL,NULL,NULL,NULL,NULL,NULL,NULL,Yes,NULL,XA21 Quality,NULL,NULL,NULL,NULL,NULL,NULL,NULL,NULL,NULL,NULL,NULL,NULL,NULL,CLOSE,All,SILVER PEAK,NULL,NULL,1!2,Yes!No,Breaker Change,Calc,55KV,ALL-INYO SCE,NULL,NULL,NULL,NULL,NULL,NULL,NULL,NULL,NULL,NULL,NULL,NULL,NULL,NULL,NULL,NULL,NULL,NULL,NULL,NULL,NULL,NULL,NULL,NULL,516,NULL,NULL,NULL,NULL,NULL,NULL,NULL,NULL,NULL,NULL,NULL,NULL,NULL,NULL,NULL,NULL,NULL,NULL,NULL,1!2!3,Class 16!Class 16!Class 16,NULL,NULL,NULL,NULL,NULL,NULL,NULL,NULL,NULL,NULL,
70234,501 STA  DISC,NULL,No,No,Yes,Yes,Yes,No,1,NULL,NULL,NULL,NULL,NULL,NULL,NULL,Yes,NULL,XA21 Quality,NULL,NULL,NULL,NULL,NULL,NULL,NULL,NULL,NULL,NULL,NULL,NULL,NULL,CLOSE,All,SILVER PEAK,NULL,NULL,1!2,Yes!No,Breaker Change,Calc,55KV,ALL-INYO SCE,NULL,NULL,NULL,NULL,NULL,NULL,NULL,NULL,NULL,NULL,NULL,NULL,NULL,NULL,NULL,NULL,NULL,NULL,NULL,NULL,NULL,NULL,NULL,NULL,516,NULL,NULL,NULL,NULL,NULL,NULL,NULL,NULL,NULL,NULL,NULL,NULL,NULL,NULL,NULL,NULL,NULL,NULL,NULL,1!2!3,Class 16!Class 16!Class 16,NULL,NULL,NULL,NULL,NULL,NULL,NULL,NULL,NULL,NULL,
70235,502 LINE DISC,NULL,No,No,Yes,Yes,Yes,No,1,NULL,NULL,NULL,NULL,NULL,NULL,NULL,Yes,NULL,XA21 Quality,NULL,NULL,NULL,NULL,NULL,NULL,NULL,NULL,NULL,NULL,NULL,NULL,NULL,CLOSE,All,SILVER PEAK,NULL,NULL,1!2,Yes!No,Breaker Change,Calc,55KV,ALL-INYO SCE,NULL,NULL,NULL,NULL,NULL,NULL,NULL,NULL,NULL,NULL,NULL,NULL,NULL,NULL,NULL,NULL,NULL,NULL,NULL,NULL,NULL,NULL,NULL,NULL,516,NULL,NULL,NULL,NULL,NULL,NULL,NULL,NULL,NULL,NULL,NULL,NULL,NULL,NULL,NULL,NULL,NULL,NULL,NULL,1!2!3,Class 16!Class 16!Class 16,NULL,NULL,NULL,NULL,NULL,NULL,NULL,NULL,NULL,NULL,
70236,502 STA  DISC,NULL,No,No,Yes,Yes,Yes,No,1,NULL,NULL,NULL,NULL,NULL,NULL,NULL,Yes,NULL,XA21 Quality,NULL,NULL,NULL,NULL,NULL,NULL,NULL,NULL,NULL,NULL,NULL,NULL,NULL,CLOSE,All,SILVER PEAK,NULL,NULL,1!2,Yes!No,Breaker Change,Calc,55KV,ALL-INYO SCE,NULL,NULL,NULL,NULL,NULL,NULL,NULL,NULL,NULL,NULL,NULL,NULL,NULL,NULL,NULL,NULL,NULL,NULL,NULL,NULL,NULL,NULL,NULL,NULL,516,NULL,NULL,NULL,NULL,NULL,NULL,NULL,NULL,NULL,NULL,NULL,NULL,NULL,NULL,NULL,NULL,NULL,NULL,NULL,1!2!3,Class 16!Class 16!Class 16,NULL,NULL,NULL,NULL,NULL,NULL,NULL,NULL,NULL,NULL,
70237,PS2 A DISC,NULL,No,No,Yes,Yes,Yes,No,1,NULL,NULL,NULL,NULL,NULL,NULL,NULL,Yes,NULL,XA21 Quality,NULL,NULL,NULL,NULL,NULL,NULL,NULL,NULL,NULL,NULL,NULL,NULL,NULL,CLOSE,All,SILVER PEAK,NULL,NULL,1!2,Yes!No,NULL,Calc,NULL,ALL-INYO SCE,NULL,NULL,NULL,NULL,NULL,NULL,NULL,NULL,NULL,NULL,NULL,NULL,NULL,NULL,NULL,NULL,NULL,NULL,NULL,NULL,NULL,NULL,NULL,NULL,516,NULL,NULL,NULL,NULL,NULL,NULL,NULL,NULL,NULL,NULL,NULL,NULL,NULL,NULL,NULL,NULL,NULL,NULL,NULL,1!2!3,Class 16!Class 16!Class 16,NULL,NULL,NULL,NULL,NULL,NULL,NULL,NULL,NULL,NULL,
70238,PS2 A GRD,NULL,No,No,Yes,Yes,Yes,No,1,NULL,NULL,NULL,NULL,NULL,NULL,NULL,Yes,NULL,XA21 Quality,NULL,NULL,NULL,NULL,NULL,NULL,NULL,NULL,NULL,NULL,NULL,NULL,NULL,OPEN,All,SILVER PEAK,NULL,NULL,1!2,No!Yes,NULL,Calc,NULL,ALL-INYO SCE,NULL,NULL,NULL,NULL,NULL,NULL,NULL,NULL,NULL,NULL,NULL,NULL,NULL,NULL,NULL,NULL,NULL,NULL,NULL,NULL,NULL,NULL,NULL,NULL,516,NULL,NULL,NULL,NULL,NULL,NULL,NULL,NULL,NULL,NULL,NULL,NULL,NULL,NULL,NULL,NULL,NULL,NULL,NULL,1!2!3,Class 16!Class 16!Class 16,NULL,NULL,NULL,NULL,NULL,NULL,NULL,NULL,NULL,NULL,
70239,PS2 B DISC,NULL,No,No,Yes,Yes,Yes,No,1,NULL,NULL,NULL,NULL,NULL,NULL,NULL,Yes,NULL,XA21 Quality,NULL,NULL,NULL,NULL,NULL,NULL,NULL,NULL,NULL,NULL,NULL,NULL,NULL,CLOSE,All,SILVER PEAK,NULL,NULL,1!2,Yes!No,NULL,Calc,NULL,ALL-INYO SCE,NULL,NULL,NULL,NULL,NULL,NULL,NULL,NULL,NULL,NULL,NULL,NULL,NULL,NULL,NULL,NULL,NULL,NULL,NULL,NULL,NULL,NULL,NULL,NULL,516,NULL,NULL,NULL,NULL,NULL,NULL,NULL,NULL,NULL,NULL,NULL,NULL,NULL,NULL,NULL,NULL,NULL,NULL,NULL,1!2!3,Class 16!Class 16!Class 16,NULL,NULL,NULL,NULL,NULL,NULL,NULL,NULL,NULL,NULL,
70240,PS2 B GRD,NULL,No,No,Yes,Yes,Yes,No,1,NULL,NULL,NULL,NULL,NULL,NULL,NULL,Yes,NULL,XA21 Quality,NULL,NULL,NULL,NULL,NULL,NULL,NULL,NULL,NULL,NULL,NULL,NULL,NULL,OPEN,All,SILVER PEAK,NULL,NULL,1!2,No!Yes,NULL,Calc,NULL,ALL-INYO SCE,NULL,NULL,NULL,NULL,NULL,NULL,NULL,NULL,NULL,NULL,NULL,NULL,NULL,NULL,NULL,NULL,NULL,NULL,NULL,NULL,NULL,NULL,NULL,NULL,516,NULL,NULL,NULL,NULL,NULL,NULL,NULL,NULL,NULL,NULL,NULL,NULL,NULL,NULL,NULL,NULL,NULL,NULL,NULL,1!2!3,Class 16!Class 16!Class 16,NULL,NULL,NULL,NULL,NULL,NULL,NULL,NULL,NULL,NULL,
70241,PS2 C BYPASS DISC,NULL,No,No,Yes,Yes,Yes,No,1,NULL,NULL,NULL,NULL,NULL,NULL,NULL,Yes,NULL,XA21 Quality,NULL,NULL,NULL,NULL,NULL,NULL,NULL,NULL,NULL,NULL,NULL,NULL,NULL,OPEN,All,SILVER PEAK,NULL,NULL,1!2,No!Yes,NULL,Calc,NULL,ALL-INYO SCE,NULL,NULL,NULL,NULL,NULL,NULL,NULL,NULL,NULL,NULL,NULL,NULL,NULL,NULL,NULL,NULL,NULL,NULL,NULL,NULL,NULL,NULL,NULL,NULL,516,NULL,NULL,NULL,NULL,NULL,NULL,NULL,NULL,NULL,NULL,NULL,NULL,NULL,NULL,NULL,NULL,NULL,NULL,NULL,1!2!3,Class 16!Class 16!Class 16,NULL,NULL,NULL,NULL,NULL,NULL,NULL,NULL,NULL,NULL,
70242,PS1 A DISC,NULL,No,No,Yes,Yes,Yes,No,1,NULL,NULL,NULL,NULL,NULL,NULL,NULL,Yes,NULL,XA21 Quality,NULL,NULL,NULL,NULL,NULL,NULL,NULL,NULL,NULL,NULL,NULL,NULL,NULL,OPEN,All,SILVER PEAK,NULL,NULL,1!2,Yes!No,NULL,Calc,NULL,ALL-INYO SCE,NULL,NULL,NULL,NULL,NULL,NULL,NULL,NULL,NULL,NULL,NULL,NULL,NULL,NULL,NULL,NULL,NULL,NULL,NULL,NULL,NULL,NULL,NULL,NULL,516,NULL,NULL,NULL,NULL,NULL,NULL,NULL,NULL,NULL,NULL,NULL,NULL,NULL,NULL,NULL,NULL,NULL,NULL,NULL,1!2!3,Class 16!Class 16!Class 16,NULL,NULL,NULL,NULL,NULL,NULL,NULL,NULL,NULL,NULL,
70243,PS1 A GRD,NULL,No,No,Yes,Yes,Yes,No,1,NULL,NULL,NULL,NULL,NULL,NULL,NULL,Yes,NULL,XA21 Quality,NULL,NULL,NULL,NULL,NULL,NULL,NULL,NULL,NULL,NULL,NULL,NULL,NULL,OPEN,All,SILVER PEAK,NULL,NULL,1!2,No!Yes,NULL,Calc,NULL,ALL-INYO SCE,NULL,NULL,NULL,NULL,NULL,NULL,NULL,NULL,NULL,NULL,NULL,NULL,NULL,NULL,NULL,NULL,NULL,NULL,NULL,NULL,NULL,NULL,NULL,NULL,516,NULL,NULL,NULL,NULL,NULL,NULL,NULL,NULL,NULL,NULL,NULL,NULL,NULL,NULL,NULL,NULL,NULL,NULL,NULL,1!2!3,Class 16!Class 16!Class 16,NULL,NULL,NULL,NULL,NULL,NULL,NULL,NULL,NULL,NULL,
70244,PS1 B DISC,NULL,No,No,Yes,Yes,Yes,No,1,NULL,NULL,NULL,NULL,NULL,NULL,NULL,Yes,NULL,XA21 Quality,NULL,NULL,NULL,NULL,NULL,NULL,NULL,NULL,NULL,NULL,NULL,NULL,NULL,OPEN,All,SILVER PEAK,NULL,NULL,1!2,Yes!No,NULL,Calc,NULL,ALL-INYO SCE,NULL,NULL,NULL,NULL,NULL,NULL,NULL,NULL,NULL,NULL,NULL,NULL,NULL,NULL,NULL,NULL,NULL,NULL,NULL,NULL,NULL,NULL,NULL,NULL,516,NULL,NULL,NULL,NULL,NULL,NULL,NULL,NULL,NULL,NULL,NULL,NULL,NULL,NULL,NULL,NULL,NULL,NULL,NULL,1!2!3,Class 16!Class 16!Class 16,NULL,NULL,NULL,NULL,NULL,NULL,NULL,NULL,NULL,NULL,
70245,PS1 B GRD,NULL,No,No,Yes,Yes,Yes,No,1,NULL,NULL,NULL,NULL,NULL,NULL,NULL,Yes,NULL,XA21 Quality,NULL,NULL,NULL,NULL,NULL,NULL,NULL,NULL,NULL,NULL,NULL,NULL,NULL,OPEN,All,SILVER PEAK,NULL,NULL,1!2,No!Yes,NULL,Calc,NULL,ALL-INYO SCE,NULL,NULL,NULL,NULL,NULL,NULL,NULL,NULL,NULL,NULL,NULL,NULL,NULL,NULL,NULL,NULL,NULL,NULL,NULL,NULL,NULL,NULL,NULL,NULL,516,NULL,NULL,NULL,NULL,NULL,NULL,NULL,NULL,NULL,NULL,NULL,NULL,NULL,NULL,NULL,NULL,NULL,NULL,NULL,1!2!3,Class 16!Class 16!Class 16,NULL,NULL,NULL,NULL,NULL,NULL,NULL,NULL,NULL,NULL,
70246,PS1 C BYPASS DISC,NULL,No,No,Yes,Yes,Yes,No,1,NULL,NULL,NULL,NULL,NULL,NULL,NULL,Yes,NULL,XA21 Quality,NULL,NULL,NULL,NULL,NULL,NULL,NULL,NULL,NULL,NULL,NULL,NULL,NULL,OPEN,All,SILVER PEAK,NULL,NULL,1!2,No!Yes,NULL,Calc,NULL,ALL-INYO SCE,NULL,NULL,NULL,NULL,NULL,NULL,NULL,NULL,NULL,NULL,NULL,NULL,NULL,NULL,NULL,NULL,NULL,NULL,NULL,NULL,NULL,NULL,NULL,NULL,516,NULL,NULL,NULL,NULL,NULL,NULL,NULL,NULL,NULL,NULL,NULL,NULL,NULL,NULL,NULL,NULL,NULL,NULL,NULL,1!2!3,Class 16!Class 16!Class 16,NULL,NULL,NULL,NULL,NULL,NULL,NULL,NULL,NULL,NULL,
70247,5001 STA  DISC,NULL,No,No,Yes,Yes,Yes,No,1,NULL,NULL,NULL,NULL,NULL,NULL,NULL,Yes,NULL,XA21 Quality,NULL,NULL,NULL,NULL,NULL,NULL,NULL,NULL,NULL,NULL,NULL,NULL,NULL,CLOSE,All,SILVER PEAK,NULL,NULL,1!2,Yes!No,NULL,Calc,NULL,ALL-INYO SCE,NULL,NULL,NULL,NULL,NULL,NULL,NULL,NULL,NULL,NULL,NULL,NULL,NULL,NULL,NULL,NULL,NULL,NULL,NULL,NULL,NULL,NULL,NULL,NULL,516,NULL,NULL,NULL,NULL,NULL,NULL,NULL,NULL,NULL,NULL,NULL,NULL,NULL,NULL,NULL,NULL,NULL,NULL,NULL,1!2!3,Class 16!Class 16!Class 16,NULL,NULL,NULL,NULL,NULL,NULL,NULL,NULL,NULL,NULL,
70248,5001 LINE DISC,NULL,No,No,Yes,Yes,Yes,No,1,NULL,NULL,NULL,NULL,NULL,NULL,NULL,Yes,NULL,XA21 Quality,NULL,NULL,NULL,NULL,NULL,NULL,NULL,NULL,NULL,NULL,NULL,NULL,NULL,CLOSE,All,SILVER PEAK,NULL,NULL,1!2,Yes!No,NULL,Calc,NULL,ALL-INYO SCE,NULL,NULL,NULL,NULL,NULL,NULL,NULL,NULL,NULL,NULL,NULL,NULL,NULL,NULL,NULL,NULL,NULL,NULL,NULL,NULL,NULL,NULL,NULL,NULL,516,NULL,NULL,NULL,NULL,NULL,NULL,NULL,NULL,NULL,NULL,NULL,NULL,NULL,NULL,NULL,NULL,NULL,NULL,NULL,1!2!3,Class 16!Class 16!Class 16,NULL,NULL,NULL,NULL,NULL,NULL,NULL,NULL,NULL,NULL,
70249,5001 BYPASS DISC,silverpeak,No,No,Yes,Yes,Yes,No,1,NULL,NULL,NULL,NULL,NULL,NULL,NULL,Yes,NULL,XA21 Quality,NULL,NULL,NULL,NULL,NULL,NULL,NULL,NULL,NULL,NULL,NULL,NULL,NULL,OPEN,All,SILVER PEAK,NULL,NULL,1!2,No!Yes,NULL,Calc,NULL,ALL-INYO SCE,NULL,NULL,NULL,NULL,NULL,NULL,NULL,NULL,NULL,NULL,NULL,NULL,NULL,NULL,NULL,NULL,NULL,NULL,NULL,NULL,NULL,NULL,NULL,NULL,516,NULL,NULL,NULL,NULL,NULL,NULL,NULL,NULL,NULL,NULL,NULL,NULL,NULL,NULL,NULL,NULL,NULL,NULL,NULL,1!2!3,Class 16!Class 16!Class 16,NULL,NULL,NULL,NULL,NULL,NULL,NULL,NULL,NULL,NULL,
